# Blender 5.1.1
# www.blender.org
mtllib heart.mtl
o RoundedPuffedHeart
v 0.000000 0.000000 0.340000
v 0.000000 -0.000000 -0.340000
v 0.000000 0.016340 0.339244
v 0.000000 0.016340 -0.339244
v 0.000052 0.016979 0.339244
v 0.000052 0.016979 -0.339244
v 0.000413 0.018826 0.339244
v 0.000413 0.018826 -0.339244
v 0.001359 0.021671 0.339244
v 0.001359 0.021671 -0.339244
v 0.003113 0.025195 0.339244
v 0.003113 0.025195 -0.339244
v 0.005820 0.028999 0.339244
v 0.005820 0.028999 -0.339244
v 0.009527 0.032657 0.339244
v 0.009527 0.032657 -0.339244
v 0.014184 0.035753 0.339244
v 0.014184 0.035753 -0.339244
v 0.019642 0.037930 0.339244
v 0.019642 0.037930 -0.339244
v 0.025662 0.038923 0.339244
v 0.025662 0.038923 -0.339244
v 0.031935 0.038577 0.339244
v 0.031935 0.038577 -0.339244
v 0.038108 0.036860 0.339244
v 0.038108 0.036860 -0.339244
v 0.043810 0.033850 0.339244
v 0.043810 0.033850 -0.339244
v 0.048684 0.029720 0.339244
v 0.048684 0.029720 -0.339244
v 0.052414 0.024705 0.339244
v 0.052414 0.024705 -0.339244
v 0.054757 0.019068 0.339244
v 0.054757 0.019068 -0.339244
v 0.055556 0.013072 0.339244
v 0.055556 0.013072 -0.339244
v 0.054757 0.006945 0.339244
v 0.054757 0.006945 -0.339244
v 0.052414 0.000866 0.339244
v 0.052414 0.000866 -0.339244
v 0.048684 -0.005049 0.339244
v 0.048684 -0.005049 -0.339244
v 0.043810 -0.010742 0.339244
v 0.043810 -0.010742 -0.339244
v 0.038108 -0.016203 0.339244
v 0.038108 -0.016203 -0.339244
v 0.031935 -0.021449 0.339244
v 0.031935 -0.021449 -0.339244
v 0.025662 -0.026509 0.339244
v 0.025662 -0.026509 -0.339244
v 0.019642 -0.031394 0.339244
v 0.019642 -0.031394 -0.339244
v 0.014184 -0.036090 0.339244
v 0.014184 -0.036090 -0.339244
v 0.009527 -0.040541 0.339244
v 0.009527 -0.040541 -0.339244
v 0.005820 -0.044654 0.339244
v 0.005820 -0.044654 -0.339244
v 0.003113 -0.048303 0.339244
v 0.003113 -0.048303 -0.339244
v 0.001359 -0.051345 0.339244
v 0.001359 -0.051345 -0.339244
v 0.000413 -0.053640 0.339244
v 0.000413 -0.053640 -0.339244
v 0.000052 -0.055070 0.339244
v 0.000052 -0.055070 -0.339244
v 0.000000 -0.055556 0.339244
v 0.000000 -0.055556 -0.339244
v -0.000052 -0.055070 0.339244
v -0.000052 -0.055070 -0.339244
v -0.000413 -0.053640 0.339244
v -0.000413 -0.053640 -0.339244
v -0.001359 -0.051345 0.339244
v -0.001359 -0.051345 -0.339244
v -0.003113 -0.048303 0.339244
v -0.003113 -0.048303 -0.339244
v -0.005820 -0.044654 0.339244
v -0.005820 -0.044654 -0.339244
v -0.009527 -0.040541 0.339244
v -0.009527 -0.040541 -0.339244
v -0.014184 -0.036090 0.339244
v -0.014184 -0.036090 -0.339244
v -0.019642 -0.031394 0.339244
v -0.019642 -0.031394 -0.339244
v -0.025662 -0.026509 0.339244
v -0.025662 -0.026509 -0.339244
v -0.031935 -0.021449 0.339244
v -0.031935 -0.021449 -0.339244
v -0.038108 -0.016203 0.339244
v -0.038108 -0.016203 -0.339244
v -0.043810 -0.010742 0.339244
v -0.043810 -0.010742 -0.339244
v -0.048684 -0.005049 0.339244
v -0.048684 -0.005049 -0.339244
v -0.052414 0.000866 0.339244
v -0.052414 0.000866 -0.339244
v -0.054757 0.006945 0.339244
v -0.054757 0.006945 -0.339244
v -0.055556 0.013072 0.339244
v -0.055556 0.013072 -0.339244
v -0.054757 0.019068 0.339244
v -0.054757 0.019068 -0.339244
v -0.052414 0.024705 0.339244
v -0.052414 0.024705 -0.339244
v -0.048684 0.029720 0.339244
v -0.048684 0.029720 -0.339244
v -0.043810 0.033850 0.339244
v -0.043810 0.033850 -0.339244
v -0.038108 0.036860 0.339244
v -0.038108 0.036860 -0.339244
v -0.031935 0.038577 0.339244
v -0.031935 0.038577 -0.339244
v -0.025662 0.038923 0.339244
v -0.025662 0.038923 -0.339244
v -0.019642 0.037930 0.339244
v -0.019642 0.037930 -0.339244
v -0.014184 0.035753 0.339244
v -0.014184 0.035753 -0.339244
v -0.009527 0.032657 0.339244
v -0.009527 0.032657 -0.339244
v -0.005820 0.028999 0.339244
v -0.005820 0.028999 -0.339244
v -0.003113 0.025195 0.339244
v -0.003113 0.025195 -0.339244
v -0.001359 0.021671 0.339244
v -0.001359 0.021671 -0.339244
v -0.000413 0.018826 0.339244
v -0.000413 0.018826 -0.339244
v -0.000052 0.016979 0.339244
v -0.000052 0.016979 -0.339244
v 0.000000 0.032680 0.336973
v 0.000000 0.032680 -0.336973
v 0.000105 0.033959 0.336973
v 0.000105 0.033959 -0.336973
v 0.000825 0.037652 0.336973
v 0.000825 0.037652 -0.336973
v 0.002718 0.043343 0.336973
v 0.002718 0.043343 -0.336973
v 0.006227 0.050389 0.336973
v 0.006227 0.050389 -0.336973
v 0.011639 0.057999 0.336973
v 0.011639 0.057999 -0.336973
v 0.019053 0.065314 0.336973
v 0.019053 0.065314 -0.336973
v 0.028368 0.071506 0.336973
v 0.028368 0.071506 -0.336973
v 0.039284 0.075860 0.336973
v 0.039284 0.075860 -0.336973
v 0.051323 0.077845 0.336973
v 0.051323 0.077845 -0.336973
v 0.063870 0.077154 0.336973
v 0.063870 0.077154 -0.336973
v 0.076216 0.073719 0.336973
v 0.076216 0.073719 -0.336973
v 0.087620 0.067701 0.336973
v 0.087620 0.067701 -0.336973
v 0.097367 0.059440 0.336973
v 0.097367 0.059440 -0.336973
v 0.104828 0.049409 0.336973
v 0.104828 0.049409 -0.336973
v 0.109514 0.038136 0.336973
v 0.109514 0.038136 -0.336973
v 0.111111 0.026144 0.336973
v 0.111111 0.026144 -0.336973
v 0.109514 0.013891 0.336973
v 0.109514 0.013891 -0.336973
v 0.104828 0.001732 0.336973
v 0.104828 0.001732 -0.336973
v 0.097367 -0.010098 0.336973
v 0.097367 -0.010098 -0.336973
v 0.087620 -0.021484 0.336973
v 0.087620 -0.021484 -0.336973
v 0.076216 -0.032405 0.336973
v 0.076216 -0.032405 -0.336973
v 0.063870 -0.042898 0.336973
v 0.063870 -0.042898 -0.336973
v 0.051323 -0.053017 0.336973
v 0.051323 -0.053017 -0.336973
v 0.039284 -0.062788 0.336973
v 0.039284 -0.062788 -0.336973
v 0.028368 -0.072180 0.336973
v 0.028368 -0.072180 -0.336973
v 0.019053 -0.081082 0.336973
v 0.019053 -0.081082 -0.336973
v 0.011639 -0.089308 0.336973
v 0.011639 -0.089308 -0.336973
v 0.006227 -0.096605 0.336973
v 0.006227 -0.096605 -0.336973
v 0.002718 -0.102689 0.336973
v 0.002718 -0.102689 -0.336973
v 0.000825 -0.107280 0.336973
v 0.000825 -0.107280 -0.336973
v 0.000105 -0.110139 0.336973
v 0.000105 -0.110139 -0.336973
v 0.000000 -0.111111 0.336973
v 0.000000 -0.111111 -0.336973
v -0.000105 -0.110139 0.336973
v -0.000105 -0.110139 -0.336973
v -0.000825 -0.107280 0.336973
v -0.000825 -0.107280 -0.336973
v -0.002718 -0.102689 0.336973
v -0.002718 -0.102689 -0.336973
v -0.006227 -0.096605 0.336973
v -0.006227 -0.096605 -0.336973
v -0.011639 -0.089308 0.336973
v -0.011639 -0.089308 -0.336973
v -0.019053 -0.081082 0.336973
v -0.019053 -0.081082 -0.336973
v -0.028368 -0.072180 0.336973
v -0.028368 -0.072180 -0.336973
v -0.039284 -0.062788 0.336973
v -0.039284 -0.062788 -0.336973
v -0.051323 -0.053017 0.336973
v -0.051323 -0.053017 -0.336973
v -0.063870 -0.042898 0.336973
v -0.063870 -0.042898 -0.336973
v -0.076216 -0.032405 0.336973
v -0.076216 -0.032405 -0.336973
v -0.087620 -0.021484 0.336973
v -0.087620 -0.021484 -0.336973
v -0.097367 -0.010098 0.336973
v -0.097367 -0.010098 -0.336973
v -0.104828 0.001732 0.336973
v -0.104828 0.001732 -0.336973
v -0.109514 0.013891 0.336973
v -0.109514 0.013891 -0.336973
v -0.111111 0.026144 0.336973
v -0.111111 0.026144 -0.336973
v -0.109514 0.038136 0.336973
v -0.109514 0.038136 -0.336973
v -0.104828 0.049409 0.336973
v -0.104828 0.049409 -0.336973
v -0.097367 0.059440 0.336973
v -0.097367 0.059440 -0.336973
v -0.087620 0.067701 0.336973
v -0.087620 0.067701 -0.336973
v -0.076216 0.073719 0.336973
v -0.076216 0.073719 -0.336973
v -0.063870 0.077154 0.336973
v -0.063870 0.077154 -0.336973
v -0.051323 0.077845 0.336973
v -0.051323 0.077845 -0.336973
v -0.039284 0.075860 0.336973
v -0.039284 0.075860 -0.336973
v -0.028368 0.071506 0.336973
v -0.028368 0.071506 -0.336973
v -0.019053 0.065314 0.336973
v -0.019053 0.065314 -0.336973
v -0.011639 0.057999 0.336973
v -0.011639 0.057999 -0.336973
v -0.006227 0.050389 0.336973
v -0.006227 0.050389 -0.336973
v -0.002718 0.043343 0.336973
v -0.002718 0.043343 -0.336973
v -0.000825 0.037652 0.336973
v -0.000825 0.037652 -0.336973
v -0.000105 0.033959 0.336973
v -0.000105 0.033959 -0.336973
v 0.000000 0.049020 0.333173
v 0.000000 0.049020 -0.333173
v 0.000157 0.050938 0.333173
v 0.000157 0.050938 -0.333173
v 0.001238 0.056478 0.333173
v 0.001238 0.056478 -0.333173
v 0.004077 0.065014 0.333173
v 0.004077 0.065014 -0.333173
v 0.009340 0.075584 0.333173
v 0.009340 0.075584 -0.333173
v 0.017459 0.086998 0.333173
v 0.017459 0.086998 -0.333173
v 0.028580 0.097970 0.333173
v 0.028580 0.097970 -0.333173
v 0.042552 0.107258 0.333173
v 0.042552 0.107258 -0.333173
v 0.058926 0.113790 0.333173
v 0.058926 0.113790 -0.333173
v 0.076985 0.116768 0.333173
v 0.076985 0.116768 -0.333173
v 0.095805 0.115730 0.333173
v 0.095805 0.115730 -0.333173
v 0.114324 0.110579 0.333173
v 0.114324 0.110579 -0.333173
v 0.131430 0.101551 0.333173
v 0.131430 0.101551 -0.333173
v 0.146051 0.089161 0.333173
v 0.146051 0.089161 -0.333173
v 0.157243 0.074114 0.333173
v 0.157243 0.074114 -0.333173
v 0.164271 0.057204 0.333173
v 0.164271 0.057204 -0.333173
v 0.166667 0.039216 0.333173
v 0.166667 0.039216 -0.333173
v 0.164271 0.020836 0.333173
v 0.164271 0.020836 -0.333173
v 0.157243 0.002598 0.333173
v 0.157243 0.002598 -0.333173
v 0.146051 -0.015148 0.333173
v 0.146051 -0.015148 -0.333173
v 0.131430 -0.032227 0.333173
v 0.131430 -0.032227 -0.333173
v 0.114324 -0.048608 0.333173
v 0.114324 -0.048608 -0.333173
v 0.095805 -0.064348 0.333173
v 0.095805 -0.064348 -0.333173
v 0.076985 -0.079526 0.333173
v 0.076985 -0.079526 -0.333173
v 0.058926 -0.094182 0.333173
v 0.058926 -0.094182 -0.333173
v 0.042552 -0.108270 0.333173
v 0.042552 -0.108270 -0.333173
v 0.028580 -0.121623 0.333173
v 0.028580 -0.121623 -0.333173
v 0.017459 -0.133962 0.333173
v 0.017459 -0.133962 -0.333173
v 0.009340 -0.144908 0.333173
v 0.009340 -0.144908 -0.333173
v 0.004077 -0.154034 0.333173
v 0.004077 -0.154034 -0.333173
v 0.001238 -0.160919 0.333173
v 0.001238 -0.160919 -0.333173
v 0.000157 -0.165209 0.333173
v 0.000157 -0.165209 -0.333173
v 0.000000 -0.166667 0.333173
v 0.000000 -0.166667 -0.333173
v -0.000157 -0.165209 0.333173
v -0.000157 -0.165209 -0.333173
v -0.001238 -0.160919 0.333173
v -0.001238 -0.160919 -0.333173
v -0.004077 -0.154034 0.333173
v -0.004077 -0.154034 -0.333173
v -0.009340 -0.144908 0.333173
v -0.009340 -0.144908 -0.333173
v -0.017459 -0.133962 0.333173
v -0.017459 -0.133962 -0.333173
v -0.028580 -0.121623 0.333173
v -0.028580 -0.121623 -0.333173
v -0.042552 -0.108270 0.333173
v -0.042552 -0.108270 -0.333173
v -0.058926 -0.094182 0.333173
v -0.058926 -0.094182 -0.333173
v -0.076985 -0.079526 0.333173
v -0.076985 -0.079526 -0.333173
v -0.095805 -0.064348 0.333173
v -0.095805 -0.064348 -0.333173
v -0.114324 -0.048608 0.333173
v -0.114324 -0.048608 -0.333173
v -0.131430 -0.032227 0.333173
v -0.131430 -0.032227 -0.333173
v -0.146051 -0.015148 0.333173
v -0.146051 -0.015148 -0.333173
v -0.157243 0.002598 0.333173
v -0.157243 0.002598 -0.333173
v -0.164271 0.020836 0.333173
v -0.164271 0.020836 -0.333173
v -0.166667 0.039216 0.333173
v -0.166667 0.039216 -0.333173
v -0.164271 0.057204 0.333173
v -0.164271 0.057204 -0.333173
v -0.157243 0.074114 0.333173
v -0.157243 0.074114 -0.333173
v -0.146051 0.089161 0.333173
v -0.146051 0.089161 -0.333173
v -0.131430 0.101551 0.333173
v -0.131430 0.101551 -0.333173
v -0.114324 0.110579 0.333173
v -0.114324 0.110579 -0.333173
v -0.095805 0.115730 0.333173
v -0.095805 0.115730 -0.333173
v -0.076985 0.116768 0.333173
v -0.076985 0.116768 -0.333173
v -0.058926 0.113790 0.333173
v -0.058926 0.113790 -0.333173
v -0.042552 0.107258 0.333173
v -0.042552 0.107258 -0.333173
v -0.028580 0.097970 0.333173
v -0.028580 0.097970 -0.333173
v -0.017459 0.086998 0.333173
v -0.017459 0.086998 -0.333173
v -0.009340 0.075584 0.333173
v -0.009340 0.075584 -0.333173
v -0.004077 0.065014 0.333173
v -0.004077 0.065014 -0.333173
v -0.001238 0.056478 0.333173
v -0.001238 0.056478 -0.333173
v -0.000157 0.050938 0.333173
v -0.000157 0.050938 -0.333173
v 0.000000 0.065359 0.327826
v 0.000000 0.065359 -0.327826
v 0.000209 0.067918 0.327826
v 0.000209 0.067918 -0.327826
v 0.001650 0.075304 0.327826
v 0.001650 0.075304 -0.327826
v 0.005436 0.086685 0.327826
v 0.005436 0.086685 -0.327826
v 0.012454 0.100778 0.327826
v 0.012454 0.100778 -0.327826
v 0.023278 0.115997 0.327826
v 0.023278 0.115997 -0.327826
v 0.038107 0.130627 0.327826
v 0.038107 0.130627 -0.327826
v 0.056737 0.143011 0.327826
v 0.056737 0.143011 -0.327826
v 0.078567 0.151720 0.327826
v 0.078567 0.151720 -0.327826
v 0.102646 0.155690 0.327826
v 0.102646 0.155690 -0.327826
v 0.127740 0.154307 0.327826
v 0.127740 0.154307 -0.327826
v 0.152432 0.147439 0.327826
v 0.152432 0.147439 -0.327826
v 0.175240 0.135401 0.327826
v 0.175240 0.135401 -0.327826
v 0.194734 0.118881 0.327826
v 0.194734 0.118881 -0.327826
v 0.209657 0.098818 0.327826
v 0.209657 0.098818 -0.327826
v 0.219027 0.076272 0.327826
v 0.219027 0.076272 -0.327826
v 0.222222 0.052288 0.327826
v 0.222222 0.052288 -0.327826
v 0.219027 0.027781 0.327826
v 0.219027 0.027781 -0.327826
v 0.209657 0.003464 0.327826
v 0.209657 0.003464 -0.327826
v 0.194734 -0.020197 0.327826
v 0.194734 -0.020197 -0.327826
v 0.175240 -0.042969 0.327826
v 0.175240 -0.042969 -0.327826
v 0.152432 -0.064810 0.327826
v 0.152432 -0.064810 -0.327826
v 0.127740 -0.085797 0.327826
v 0.127740 -0.085797 -0.327826
v 0.102646 -0.106034 0.327826
v 0.102646 -0.106034 -0.327826
v 0.078567 -0.125576 0.327826
v 0.078567 -0.125576 -0.327826
v 0.056737 -0.144359 0.327826
v 0.056737 -0.144359 -0.327826
v 0.038107 -0.162165 0.327826
v 0.038107 -0.162165 -0.327826
v 0.023278 -0.178616 0.327826
v 0.023278 -0.178616 -0.327826
v 0.012454 -0.193210 0.327826
v 0.012454 -0.193210 -0.327826
v 0.005436 -0.205379 0.327826
v 0.005436 -0.205379 -0.327826
v 0.001650 -0.214559 0.327826
v 0.001650 -0.214559 -0.327826
v 0.000209 -0.220279 0.327826
v 0.000209 -0.220279 -0.327826
v 0.000000 -0.222222 0.327826
v 0.000000 -0.222222 -0.327826
v -0.000209 -0.220279 0.327826
v -0.000209 -0.220279 -0.327826
v -0.001650 -0.214559 0.327826
v -0.001650 -0.214559 -0.327826
v -0.005436 -0.205379 0.327826
v -0.005436 -0.205379 -0.327826
v -0.012454 -0.193210 0.327826
v -0.012454 -0.193210 -0.327826
v -0.023278 -0.178616 0.327826
v -0.023278 -0.178616 -0.327826
v -0.038107 -0.162165 0.327826
v -0.038107 -0.162165 -0.327826
v -0.056737 -0.144359 0.327826
v -0.056737 -0.144359 -0.327826
v -0.078567 -0.125576 0.327826
v -0.078567 -0.125576 -0.327826
v -0.102646 -0.106034 0.327826
v -0.102646 -0.106034 -0.327826
v -0.127740 -0.085797 0.327826
v -0.127740 -0.085797 -0.327826
v -0.152432 -0.064810 0.327826
v -0.152432 -0.064810 -0.327826
v -0.175240 -0.042969 0.327826
v -0.175240 -0.042969 -0.327826
v -0.194734 -0.020197 0.327826
v -0.194734 -0.020197 -0.327826
v -0.209657 0.003464 0.327826
v -0.209657 0.003464 -0.327826
v -0.219027 0.027781 0.327826
v -0.219027 0.027781 -0.327826
v -0.222222 0.052288 0.327826
v -0.222222 0.052288 -0.327826
v -0.219027 0.076272 0.327826
v -0.219027 0.076272 -0.327826
v -0.209657 0.098818 0.327826
v -0.209657 0.098818 -0.327826
v -0.194734 0.118881 0.327826
v -0.194734 0.118881 -0.327826
v -0.175240 0.135401 0.327826
v -0.175240 0.135401 -0.327826
v -0.152432 0.147439 0.327826
v -0.152432 0.147439 -0.327826
v -0.127740 0.154307 0.327826
v -0.127740 0.154307 -0.327826
v -0.102646 0.155690 0.327826
v -0.102646 0.155690 -0.327826
v -0.078567 0.151720 0.327826
v -0.078567 0.151720 -0.327826
v -0.056737 0.143011 0.327826
v -0.056737 0.143011 -0.327826
v -0.038107 0.130627 0.327826
v -0.038107 0.130627 -0.327826
v -0.023278 0.115997 0.327826
v -0.023278 0.115997 -0.327826
v -0.012454 0.100778 0.327826
v -0.012454 0.100778 -0.327826
v -0.005436 0.086685 0.327826
v -0.005436 0.086685 -0.327826
v -0.001650 0.075304 0.327826
v -0.001650 0.075304 -0.327826
v -0.000209 0.067918 0.327826
v -0.000209 0.067918 -0.327826
v 0.000000 0.081699 0.320900
v 0.000000 0.081699 -0.320900
v 0.000262 0.084897 0.320900
v 0.000262 0.084897 -0.320900
v 0.002063 0.094130 0.320900
v 0.002063 0.094130 -0.320900
v 0.006795 0.108356 0.320900
v 0.006795 0.108356 -0.320900
v 0.015567 0.125973 0.320900
v 0.015567 0.125973 -0.320900
v 0.029098 0.144996 0.320900
v 0.029098 0.144996 -0.320900
v 0.047634 0.163284 0.320900
v 0.047634 0.163284 -0.320900
v 0.070921 0.178764 0.320900
v 0.070921 0.178764 -0.320900
v 0.098209 0.189650 0.320900
v 0.098209 0.189650 -0.320900
v 0.128308 0.194613 0.320900
v 0.128308 0.194613 -0.320900
v 0.159675 0.192884 0.320900
v 0.159675 0.192884 -0.320900
v 0.190540 0.184298 0.320900
v 0.190540 0.184298 -0.320900
v 0.219050 0.169251 0.320900
v 0.219050 0.169251 -0.320900
v 0.243418 0.148601 0.320900
v 0.243418 0.148601 -0.320900
v 0.262071 0.123523 0.320900
v 0.262071 0.123523 -0.320900
v 0.273784 0.095341 0.320900
v 0.273784 0.095341 -0.320900
v 0.277778 0.065359 0.320900
v 0.277778 0.065359 -0.320900
v 0.273784 0.034726 0.320900
v 0.273784 0.034726 -0.320900
v 0.262071 0.004330 0.320900
v 0.262071 0.004330 -0.320900
v 0.243418 -0.025246 0.320900
v 0.243418 -0.025246 -0.320900
v 0.219050 -0.053711 0.320900
v 0.219050 -0.053711 -0.320900
v 0.190540 -0.081013 0.320900
v 0.190540 -0.081013 -0.320900
v 0.159675 -0.107246 0.320900
v 0.159675 -0.107246 -0.320900
v 0.128308 -0.132543 0.320900
v 0.128308 -0.132543 -0.320900
v 0.098209 -0.156971 0.320900
v 0.098209 -0.156971 -0.320900
v 0.070921 -0.180449 0.320900
v 0.070921 -0.180449 -0.320900
v 0.047634 -0.202706 0.320900
v 0.047634 -0.202706 -0.320900
v 0.029098 -0.223270 0.320900
v 0.029098 -0.223270 -0.320900
v 0.015567 -0.241513 0.320900
v 0.015567 -0.241513 -0.320900
v 0.006795 -0.256723 0.320900
v 0.006795 -0.256723 -0.320900
v 0.002063 -0.268199 0.320900
v 0.002063 -0.268199 -0.320900
v 0.000262 -0.275348 0.320900
v 0.000262 -0.275348 -0.320900
v 0.000000 -0.277778 0.320900
v 0.000000 -0.277778 -0.320900
v -0.000262 -0.275348 0.320900
v -0.000262 -0.275348 -0.320900
v -0.002063 -0.268199 0.320900
v -0.002063 -0.268199 -0.320900
v -0.006795 -0.256723 0.320900
v -0.006795 -0.256723 -0.320900
v -0.015567 -0.241513 0.320900
v -0.015567 -0.241513 -0.320900
v -0.029098 -0.223270 0.320900
v -0.029098 -0.223270 -0.320900
v -0.047634 -0.202706 0.320900
v -0.047634 -0.202706 -0.320900
v -0.070921 -0.180449 0.320900
v -0.070921 -0.180449 -0.320900
v -0.098209 -0.156971 0.320900
v -0.098209 -0.156971 -0.320900
v -0.128308 -0.132543 0.320900
v -0.128308 -0.132543 -0.320900
v -0.159675 -0.107246 0.320900
v -0.159675 -0.107246 -0.320900
v -0.190540 -0.081013 0.320900
v -0.190540 -0.081013 -0.320900
v -0.219050 -0.053711 0.320900
v -0.219050 -0.053711 -0.320900
v -0.243418 -0.025246 0.320900
v -0.243418 -0.025246 -0.320900
v -0.262071 0.004330 0.320900
v -0.262071 0.004330 -0.320900
v -0.273784 0.034726 0.320900
v -0.273784 0.034726 -0.320900
v -0.277778 0.065359 0.320900
v -0.277778 0.065359 -0.320900
v -0.273784 0.095341 0.320900
v -0.273784 0.095341 -0.320900
v -0.262071 0.123523 0.320900
v -0.262071 0.123523 -0.320900
v -0.243418 0.148601 0.320900
v -0.243418 0.148601 -0.320900
v -0.219050 0.169251 0.320900
v -0.219050 0.169251 -0.320900
v -0.190540 0.184298 0.320900
v -0.190540 0.184298 -0.320900
v -0.159675 0.192884 0.320900
v -0.159675 0.192884 -0.320900
v -0.128308 0.194613 0.320900
v -0.128308 0.194613 -0.320900
v -0.098209 0.189650 0.320900
v -0.098209 0.189650 -0.320900
v -0.070921 0.178764 0.320900
v -0.070921 0.178764 -0.320900
v -0.047634 0.163284 0.320900
v -0.047634 0.163284 -0.320900
v -0.029098 0.144996 0.320900
v -0.029098 0.144996 -0.320900
v -0.015567 0.125973 0.320900
v -0.015567 0.125973 -0.320900
v -0.006795 0.108356 0.320900
v -0.006795 0.108356 -0.320900
v -0.002063 0.094130 0.320900
v -0.002063 0.094130 -0.320900
v -0.000262 0.084897 0.320900
v -0.000262 0.084897 -0.320900
v 0.000000 0.098039 0.312355
v 0.000000 0.098039 -0.312355
v 0.000314 0.101877 0.312355
v 0.000314 0.101877 -0.312355
v 0.002475 0.112956 0.312355
v 0.002475 0.112956 -0.312355
v 0.008154 0.130028 0.312355
v 0.008154 0.130028 -0.312355
v 0.018681 0.151167 0.312355
v 0.018681 0.151167 -0.312355
v 0.034917 0.173996 0.312355
v 0.034917 0.173996 -0.312355
v 0.057160 0.195941 0.312355
v 0.057160 0.195941 -0.312355
v 0.085105 0.214517 0.312355
v 0.085105 0.214517 -0.312355
v 0.117851 0.227580 0.312355
v 0.117851 0.227580 -0.312355
v 0.153970 0.233535 0.312355
v 0.153970 0.233535 -0.312355
v 0.191610 0.231461 0.312355
v 0.191610 0.231461 -0.312355
v 0.228648 0.221158 0.312355
v 0.228648 0.221158 -0.312355
v 0.262860 0.203102 0.312355
v 0.262860 0.203102 -0.312355
v 0.292101 0.178321 0.312355
v 0.292101 0.178321 -0.312355
v 0.314485 0.148228 0.312355
v 0.314485 0.148228 -0.312355
v 0.328541 0.114409 0.312355
v 0.328541 0.114409 -0.312355
v 0.333333 0.078431 0.312355
v 0.333333 0.078431 -0.312355
v 0.328541 0.041672 0.312355
v 0.328541 0.041672 -0.312355
v 0.314485 0.005196 0.312355
v 0.314485 0.005196 -0.312355
v 0.292101 -0.030295 0.312355
v 0.292101 -0.030295 -0.312355
v 0.262860 -0.064453 0.312355
v 0.262860 -0.064453 -0.312355
v 0.228648 -0.097216 0.312355
v 0.228648 -0.097216 -0.312355
v 0.191610 -0.128695 0.312355
v 0.191610 -0.128695 -0.312355
v 0.153970 -0.159051 0.312355
v 0.153970 -0.159051 -0.312355
v 0.117851 -0.188365 0.312355
v 0.117851 -0.188365 -0.312355
v 0.085105 -0.216539 0.312355
v 0.085105 -0.216539 -0.312355
v 0.057160 -0.243247 0.312355
v 0.057160 -0.243247 -0.312355
v 0.034917 -0.267924 0.312355
v 0.034917 -0.267924 -0.312355
v 0.018681 -0.289816 0.312355
v 0.018681 -0.289816 -0.312355
v 0.008154 -0.308068 0.312355
v 0.008154 -0.308068 -0.312355
v 0.002475 -0.321839 0.312355
v 0.002475 -0.321839 -0.312355
v 0.000314 -0.330418 0.312355
v 0.000314 -0.330418 -0.312355
v 0.000000 -0.333333 0.312355
v 0.000000 -0.333333 -0.312355
v -0.000314 -0.330418 0.312355
v -0.000314 -0.330418 -0.312355
v -0.002475 -0.321839 0.312355
v -0.002475 -0.321839 -0.312355
v -0.008154 -0.308068 0.312355
v -0.008154 -0.308068 -0.312355
v -0.018681 -0.289816 0.312355
v -0.018681 -0.289816 -0.312355
v -0.034917 -0.267924 0.312355
v -0.034917 -0.267924 -0.312355
v -0.057160 -0.243247 0.312355
v -0.057160 -0.243247 -0.312355
v -0.085105 -0.216539 0.312355
v -0.085105 -0.216539 -0.312355
v -0.117851 -0.188365 0.312355
v -0.117851 -0.188365 -0.312355
v -0.153970 -0.159051 0.312355
v -0.153970 -0.159051 -0.312355
v -0.191610 -0.128695 0.312355
v -0.191610 -0.128695 -0.312355
v -0.228648 -0.097216 0.312355
v -0.228648 -0.097216 -0.312355
v -0.262860 -0.064453 0.312355
v -0.262860 -0.064453 -0.312355
v -0.292101 -0.030295 0.312355
v -0.292101 -0.030295 -0.312355
v -0.314485 0.005196 0.312355
v -0.314485 0.005196 -0.312355
v -0.328541 0.041672 0.312355
v -0.328541 0.041672 -0.312355
v -0.333333 0.078431 0.312355
v -0.333333 0.078431 -0.312355
v -0.328541 0.114409 0.312355
v -0.328541 0.114409 -0.312355
v -0.314485 0.148228 0.312355
v -0.314485 0.148228 -0.312355
v -0.292101 0.178321 0.312355
v -0.292101 0.178321 -0.312355
v -0.262860 0.203102 0.312355
v -0.262860 0.203102 -0.312355
v -0.228648 0.221158 0.312355
v -0.228648 0.221158 -0.312355
v -0.191610 0.231461 0.312355
v -0.191610 0.231461 -0.312355
v -0.153970 0.233535 0.312355
v -0.153970 0.233535 -0.312355
v -0.117851 0.227580 0.312355
v -0.117851 0.227580 -0.312355
v -0.085105 0.214517 0.312355
v -0.085105 0.214517 -0.312355
v -0.057160 0.195941 0.312355
v -0.057160 0.195941 -0.312355
v -0.034917 0.173996 0.312355
v -0.034917 0.173996 -0.312355
v -0.018681 0.151167 0.312355
v -0.018681 0.151167 -0.312355
v -0.008154 0.130028 0.312355
v -0.008154 0.130028 -0.312355
v -0.002475 0.112956 0.312355
v -0.002475 0.112956 -0.312355
v -0.000314 0.101877 0.312355
v -0.000314 0.101877 -0.312355
v 0.000000 0.114379 0.302138
v 0.000000 0.114379 -0.302138
v 0.000366 0.118856 0.302138
v 0.000366 0.118856 -0.302138
v 0.002888 0.131782 0.302138
v 0.002888 0.131782 -0.302138
v 0.009513 0.151699 0.302138
v 0.009513 0.151699 -0.302138
v 0.021794 0.176362 0.302138
v 0.021794 0.176362 -0.302138
v 0.040737 0.202995 0.302138
v 0.040737 0.202995 -0.302138
v 0.066687 0.228597 0.302138
v 0.066687 0.228597 -0.302138
v 0.099289 0.250270 0.302138
v 0.099289 0.250270 -0.302138
v 0.137493 0.265510 0.302138
v 0.137493 0.265510 -0.302138
v 0.179631 0.272458 0.302138
v 0.179631 0.272458 -0.302138
v 0.223545 0.270038 0.302138
v 0.223545 0.270038 -0.302138
v 0.266756 0.258018 0.302138
v 0.266756 0.258018 -0.302138
v 0.306670 0.236952 0.302138
v 0.306670 0.236952 -0.302138
v 0.340785 0.208042 0.302138
v 0.340785 0.208042 -0.302138
v 0.366900 0.172932 0.302138
v 0.366900 0.172932 -0.302138
v 0.383298 0.133477 0.302138
v 0.383298 0.133477 -0.302138
v 0.388889 0.091503 0.302138
v 0.388889 0.091503 -0.302138
v 0.383298 0.048617 0.302138
v 0.383298 0.048617 -0.302138
v 0.366900 0.006062 0.302138
v 0.366900 0.006062 -0.302138
v 0.340785 -0.035344 0.302138
v 0.340785 -0.035344 -0.302138
v 0.306670 -0.075195 0.302138
v 0.306670 -0.075195 -0.302138
v 0.266756 -0.113418 0.302138
v 0.266756 -0.113418 -0.302138
v 0.223545 -0.150145 0.302138
v 0.223545 -0.150145 -0.302138
v 0.179631 -0.185560 0.302138
v 0.179631 -0.185560 -0.302138
v 0.137493 -0.219759 0.302138
v 0.137493 -0.219759 -0.302138
v 0.099289 -0.252629 0.302138
v 0.099289 -0.252629 -0.302138
v 0.066687 -0.283788 0.302138
v 0.066687 -0.283788 -0.302138
v 0.040737 -0.312578 0.302138
v 0.040737 -0.312578 -0.302138
v 0.021794 -0.338118 0.302138
v 0.021794 -0.338118 -0.302138
v 0.009513 -0.359413 0.302138
v 0.009513 -0.359413 -0.302138
v 0.002888 -0.375478 0.302138
v 0.002888 -0.375478 -0.302138
v 0.000366 -0.385488 0.302138
v 0.000366 -0.385488 -0.302138
v 0.000000 -0.388889 0.302138
v 0.000000 -0.388889 -0.302138
v -0.000366 -0.385488 0.302138
v -0.000366 -0.385488 -0.302138
v -0.002888 -0.375478 0.302138
v -0.002888 -0.375478 -0.302138
v -0.009513 -0.359413 0.302138
v -0.009513 -0.359413 -0.302138
v -0.021794 -0.338118 0.302138
v -0.021794 -0.338118 -0.302138
v -0.040737 -0.312578 0.302138
v -0.040737 -0.312578 -0.302138
v -0.066687 -0.283788 0.302138
v -0.066687 -0.283788 -0.302138
v -0.099289 -0.252629 0.302138
v -0.099289 -0.252629 -0.302138
v -0.137493 -0.219759 0.302138
v -0.137493 -0.219759 -0.302138
v -0.179631 -0.185560 0.302138
v -0.179631 -0.185560 -0.302138
v -0.223545 -0.150145 0.302138
v -0.223545 -0.150145 -0.302138
v -0.266756 -0.113418 0.302138
v -0.266756 -0.113418 -0.302138
v -0.306670 -0.075195 0.302138
v -0.306670 -0.075195 -0.302138
v -0.340785 -0.035344 0.302138
v -0.340785 -0.035344 -0.302138
v -0.366900 0.006062 0.302138
v -0.366900 0.006062 -0.302138
v -0.383298 0.048617 0.302138
v -0.383298 0.048617 -0.302138
v -0.388889 0.091503 0.302138
v -0.388889 0.091503 -0.302138
v -0.383298 0.133477 0.302138
v -0.383298 0.133477 -0.302138
v -0.366900 0.172932 0.302138
v -0.366900 0.172932 -0.302138
v -0.340785 0.208042 0.302138
v -0.340785 0.208042 -0.302138
v -0.306670 0.236952 0.302138
v -0.306670 0.236952 -0.302138
v -0.266756 0.258018 0.302138
v -0.266756 0.258018 -0.302138
v -0.223545 0.270038 0.302138
v -0.223545 0.270038 -0.302138
v -0.179631 0.272458 0.302138
v -0.179631 0.272458 -0.302138
v -0.137493 0.265510 0.302138
v -0.137493 0.265510 -0.302138
v -0.099289 0.250270 0.302138
v -0.099289 0.250270 -0.302138
v -0.066687 0.228597 0.302138
v -0.066687 0.228597 -0.302138
v -0.040737 0.202995 0.302138
v -0.040737 0.202995 -0.302138
v -0.021794 0.176362 0.302138
v -0.021794 0.176362 -0.302138
v -0.009513 0.151699 0.302138
v -0.009513 0.151699 -0.302138
v -0.002888 0.131782 0.302138
v -0.002888 0.131782 -0.302138
v -0.000366 0.118856 0.302138
v -0.000366 0.118856 -0.302138
v 0.000000 0.130719 0.290180
v 0.000000 0.130719 -0.290180
v 0.000419 0.135836 0.290180
v 0.000419 0.135836 -0.290180
v 0.003300 0.150608 0.290180
v 0.003300 0.150608 -0.290180
v 0.010872 0.173370 0.290180
v 0.010872 0.173370 -0.290180
v 0.024908 0.201556 0.290180
v 0.024908 0.201556 -0.290180
v 0.046556 0.231994 0.290180
v 0.046556 0.231994 -0.290180
v 0.076214 0.261254 0.290180
v 0.076214 0.261254 -0.290180
v 0.113473 0.286022 0.290180
v 0.113473 0.286022 -0.290180
v 0.157135 0.303441 0.290180
v 0.157135 0.303441 -0.290180
v 0.205293 0.311380 0.290180
v 0.205293 0.311380 -0.290180
v 0.255480 0.308615 0.290180
v 0.255480 0.308615 -0.290180
v 0.304865 0.294877 0.290180
v 0.304865 0.294877 -0.290180
v 0.350480 0.270802 0.290180
v 0.350480 0.270802 -0.290180
v 0.389468 0.237762 0.290180
v 0.389468 0.237762 -0.290180
v 0.419314 0.197637 0.290180
v 0.419314 0.197637 -0.290180
v 0.438055 0.152545 0.290180
v 0.438055 0.152545 -0.290180
v 0.444444 0.104575 0.290180
v 0.444444 0.104575 -0.290180
v 0.438055 0.055562 0.290180
v 0.438055 0.055562 -0.290180
v 0.419314 0.006927 0.290180
v 0.419314 0.006927 -0.290180
v 0.389468 -0.040394 0.290180
v 0.389468 -0.040394 -0.290180
v 0.350480 -0.085938 0.290180
v 0.350480 -0.085938 -0.290180
v 0.304865 -0.129621 0.290180
v 0.304865 -0.129621 -0.290180
v 0.255480 -0.171594 0.290180
v 0.255480 -0.171594 -0.290180
v 0.205293 -0.212069 0.290180
v 0.205293 -0.212069 -0.290180
v 0.157135 -0.251153 0.290180
v 0.157135 -0.251153 -0.290180
v 0.113473 -0.288719 0.290180
v 0.113473 -0.288719 -0.290180
v 0.076214 -0.324329 0.290180
v 0.076214 -0.324329 -0.290180
v 0.046556 -0.357232 0.290180
v 0.046556 -0.357232 -0.290180
v 0.024908 -0.386421 0.290180
v 0.024908 -0.386421 -0.290180
v 0.010872 -0.410757 0.290180
v 0.010872 -0.410757 -0.290180
v 0.003300 -0.429118 0.290180
v 0.003300 -0.429118 -0.290180
v 0.000419 -0.440558 0.290180
v 0.000419 -0.440558 -0.290180
v 0.000000 -0.444444 0.290180
v 0.000000 -0.444444 -0.290180
v -0.000419 -0.440558 0.290180
v -0.000419 -0.440558 -0.290180
v -0.003300 -0.429118 0.290180
v -0.003300 -0.429118 -0.290180
v -0.010872 -0.410757 0.290180
v -0.010872 -0.410757 -0.290180
v -0.024908 -0.386421 0.290180
v -0.024908 -0.386421 -0.290180
v -0.046556 -0.357232 0.290180
v -0.046556 -0.357232 -0.290180
v -0.076214 -0.324329 0.290180
v -0.076214 -0.324329 -0.290180
v -0.113473 -0.288719 0.290180
v -0.113473 -0.288719 -0.290180
v -0.157135 -0.251153 0.290180
v -0.157135 -0.251153 -0.290180
v -0.205293 -0.212069 0.290180
v -0.205293 -0.212069 -0.290180
v -0.255480 -0.171594 0.290180
v -0.255480 -0.171594 -0.290180
v -0.304865 -0.129621 0.290180
v -0.304865 -0.129621 -0.290180
v -0.350480 -0.085938 0.290180
v -0.350480 -0.085938 -0.290180
v -0.389468 -0.040394 0.290180
v -0.389468 -0.040394 -0.290180
v -0.419314 0.006927 0.290180
v -0.419314 0.006927 -0.290180
v -0.438055 0.055562 0.290180
v -0.438055 0.055562 -0.290180
v -0.444444 0.104575 0.290180
v -0.444444 0.104575 -0.290180
v -0.438055 0.152545 0.290180
v -0.438055 0.152545 -0.290180
v -0.419314 0.197637 0.290180
v -0.419314 0.197637 -0.290180
v -0.389468 0.237762 0.290180
v -0.389468 0.237762 -0.290180
v -0.350480 0.270802 0.290180
v -0.350480 0.270802 -0.290180
v -0.304865 0.294877 0.290180
v -0.304865 0.294877 -0.290180
v -0.255480 0.308615 0.290180
v -0.255480 0.308615 -0.290180
v -0.205293 0.311380 0.290180
v -0.205293 0.311380 -0.290180
v -0.157135 0.303441 0.290180
v -0.157135 0.303441 -0.290180
v -0.113473 0.286022 0.290180
v -0.113473 0.286022 -0.290180
v -0.076214 0.261254 0.290180
v -0.076214 0.261254 -0.290180
v -0.046556 0.231994 0.290180
v -0.046556 0.231994 -0.290180
v -0.024908 0.201556 0.290180
v -0.024908 0.201556 -0.290180
v -0.010872 0.173370 0.290180
v -0.010872 0.173370 -0.290180
v -0.003300 0.150608 0.290180
v -0.003300 0.150608 -0.290180
v -0.000419 0.135836 0.290180
v -0.000419 0.135836 -0.290180
v 0.000000 0.147059 0.276390
v 0.000000 0.147059 -0.276390
v 0.000471 0.152815 0.276390
v 0.000471 0.152815 -0.276390
v 0.003713 0.169434 0.276390
v 0.003713 0.169434 -0.276390
v 0.012230 0.195041 0.276390
v 0.012230 0.195041 -0.276390
v 0.028021 0.226751 0.276390
v 0.028021 0.226751 -0.276390
v 0.052376 0.260993 0.276390
v 0.052376 0.260993 -0.276390
v 0.085741 0.293911 0.276390
v 0.085741 0.293911 -0.276390
v 0.127657 0.321775 0.276390
v 0.127657 0.321775 -0.276390
v 0.176777 0.341371 0.276390
v 0.176777 0.341371 -0.276390
v 0.230954 0.350303 0.276390
v 0.230954 0.350303 -0.276390
v 0.287415 0.347191 0.276390
v 0.287415 0.347191 -0.276390
v 0.342973 0.331737 0.276390
v 0.342973 0.331737 -0.276390
v 0.394290 0.304652 0.276390
v 0.394290 0.304652 -0.276390
v 0.438152 0.267482 0.276390
v 0.438152 0.267482 -0.276390
v 0.471728 0.222341 0.276390
v 0.471728 0.222341 -0.276390
v 0.492812 0.171613 0.276390
v 0.492812 0.171613 -0.276390
v 0.500000 0.117647 0.276390
v 0.500000 0.117647 -0.276390
v 0.492812 0.062507 0.276390
v 0.492812 0.062507 -0.276390
v 0.471728 0.007793 0.276390
v 0.471728 0.007793 -0.276390
v 0.438152 -0.045443 0.276390
v 0.438152 -0.045443 -0.276390
v 0.394290 -0.096680 0.276390
v 0.394290 -0.096680 -0.276390
v 0.342973 -0.145823 0.276390
v 0.342973 -0.145823 -0.276390
v 0.287415 -0.193043 0.276390
v 0.287415 -0.193043 -0.276390
v 0.230954 -0.238577 0.276390
v 0.230954 -0.238577 -0.276390
v 0.176777 -0.282547 0.276390
v 0.176777 -0.282547 -0.276390
v 0.127657 -0.324809 0.276390
v 0.127657 -0.324809 -0.276390
v 0.085741 -0.364870 0.276390
v 0.085741 -0.364870 -0.276390
v 0.052376 -0.401886 0.276390
v 0.052376 -0.401886 -0.276390
v 0.028021 -0.434724 0.276390
v 0.028021 -0.434724 -0.276390
v 0.012230 -0.462102 0.276390
v 0.012230 -0.462102 -0.276390
v 0.003713 -0.482758 0.276390
v 0.003713 -0.482758 -0.276390
v 0.000471 -0.495627 0.276390
v 0.000471 -0.495627 -0.276390
v 0.000000 -0.500000 0.276390
v 0.000000 -0.500000 -0.276390
v -0.000471 -0.495627 0.276390
v -0.000471 -0.495627 -0.276390
v -0.003713 -0.482758 0.276390
v -0.003713 -0.482758 -0.276390
v -0.012230 -0.462102 0.276390
v -0.012230 -0.462102 -0.276390
v -0.028021 -0.434724 0.276390
v -0.028021 -0.434724 -0.276390
v -0.052376 -0.401886 0.276390
v -0.052376 -0.401886 -0.276390
v -0.085741 -0.364870 0.276390
v -0.085741 -0.364870 -0.276390
v -0.127657 -0.324809 0.276390
v -0.127657 -0.324809 -0.276390
v -0.176777 -0.282547 0.276390
v -0.176777 -0.282547 -0.276390
v -0.230954 -0.238577 0.276390
v -0.230954 -0.238577 -0.276390
v -0.287415 -0.193043 0.276390
v -0.287415 -0.193043 -0.276390
v -0.342973 -0.145823 0.276390
v -0.342973 -0.145823 -0.276390
v -0.394290 -0.096680 0.276390
v -0.394290 -0.096680 -0.276390
v -0.438152 -0.045443 0.276390
v -0.438152 -0.045443 -0.276390
v -0.471728 0.007793 0.276390
v -0.471728 0.007793 -0.276390
v -0.492812 0.062507 0.276390
v -0.492812 0.062507 -0.276390
v -0.500000 0.117647 0.276390
v -0.500000 0.117647 -0.276390
v -0.492812 0.171613 0.276390
v -0.492812 0.171613 -0.276390
v -0.471728 0.222341 0.276390
v -0.471728 0.222341 -0.276390
v -0.438152 0.267482 0.276390
v -0.438152 0.267482 -0.276390
v -0.394290 0.304652 0.276390
v -0.394290 0.304652 -0.276390
v -0.342973 0.331737 0.276390
v -0.342973 0.331737 -0.276390
v -0.287415 0.347191 0.276390
v -0.287415 0.347191 -0.276390
v -0.230954 0.350303 0.276390
v -0.230954 0.350303 -0.276390
v -0.176777 0.341371 0.276390
v -0.176777 0.341371 -0.276390
v -0.127657 0.321775 0.276390
v -0.127657 0.321775 -0.276390
v -0.085741 0.293911 0.276390
v -0.085741 0.293911 -0.276390
v -0.052376 0.260993 0.276390
v -0.052376 0.260993 -0.276390
v -0.028021 0.226751 0.276390
v -0.028021 0.226751 -0.276390
v -0.012230 0.195041 0.276390
v -0.012230 0.195041 -0.276390
v -0.003713 0.169434 0.276390
v -0.003713 0.169434 -0.276390
v -0.000471 0.152815 0.276390
v -0.000471 0.152815 -0.276390
v 0.000000 0.163399 0.260654
v 0.000000 0.163399 -0.260654
v 0.000523 0.169795 0.260654
v 0.000523 0.169795 -0.260654
v 0.004125 0.188260 0.260654
v 0.004125 0.188260 -0.260654
v 0.013589 0.216713 0.260654
v 0.013589 0.216713 -0.260654
v 0.031135 0.251946 0.260654
v 0.031135 0.251946 -0.260654
v 0.058195 0.289993 0.260654
v 0.058195 0.289993 -0.260654
v 0.095267 0.326568 0.260654
v 0.095267 0.326568 -0.260654
v 0.141841 0.357528 0.260654
v 0.141841 0.357528 -0.260654
v 0.196419 0.379301 0.260654
v 0.196419 0.379301 -0.260654
v 0.256616 0.389225 0.260654
v 0.256616 0.389225 -0.260654
v 0.319350 0.385768 0.260654
v 0.319350 0.385768 -0.260654
v 0.381081 0.368597 0.260654
v 0.381081 0.368597 -0.260654
v 0.438100 0.338503 0.260654
v 0.438100 0.338503 -0.260654
v 0.486835 0.297202 0.260654
v 0.486835 0.297202 -0.260654
v 0.524142 0.247046 0.260654
v 0.524142 0.247046 -0.260654
v 0.547569 0.190681 0.260654
v 0.547569 0.190681 -0.260654
v 0.555556 0.130719 0.260654
v 0.555556 0.130719 -0.260654
v 0.547569 0.069453 0.260654
v 0.547569 0.069453 -0.260654
v 0.524142 0.008659 0.260654
v 0.524142 0.008659 -0.260654
v 0.486835 -0.050492 0.260654
v 0.486835 -0.050492 -0.260654
v 0.438100 -0.107422 0.260654
v 0.438100 -0.107422 -0.260654
v 0.381081 -0.162026 0.260654
v 0.381081 -0.162026 -0.260654
v 0.319350 -0.214492 0.260654
v 0.319350 -0.214492 -0.260654
v 0.256616 -0.265086 0.260654
v 0.256616 -0.265086 -0.260654
v 0.196419 -0.313941 0.260654
v 0.196419 -0.313941 -0.260654
v 0.141841 -0.360899 0.260654
v 0.141841 -0.360899 -0.260654
v 0.095267 -0.405412 0.260654
v 0.095267 -0.405412 -0.260654
v 0.058195 -0.446540 0.260654
v 0.058195 -0.446540 -0.260654
v 0.031135 -0.483026 0.260654
v 0.031135 -0.483026 -0.260654
v 0.013589 -0.513447 0.260654
v 0.013589 -0.513447 -0.260654
v 0.004125 -0.536398 0.260654
v 0.004125 -0.536398 -0.260654
v 0.000523 -0.550697 0.260654
v 0.000523 -0.550697 -0.260654
v 0.000000 -0.555556 0.260654
v 0.000000 -0.555556 -0.260654
v -0.000523 -0.550697 0.260654
v -0.000523 -0.550697 -0.260654
v -0.004125 -0.536398 0.260654
v -0.004125 -0.536398 -0.260654
v -0.013589 -0.513447 0.260654
v -0.013589 -0.513447 -0.260654
v -0.031135 -0.483026 0.260654
v -0.031135 -0.483026 -0.260654
v -0.058195 -0.446540 0.260654
v -0.058195 -0.446540 -0.260654
v -0.095267 -0.405412 0.260654
v -0.095267 -0.405412 -0.260654
v -0.141841 -0.360899 0.260654
v -0.141841 -0.360899 -0.260654
v -0.196419 -0.313941 0.260654
v -0.196419 -0.313941 -0.260654
v -0.256616 -0.265086 0.260654
v -0.256616 -0.265086 -0.260654
v -0.319350 -0.214492 0.260654
v -0.319350 -0.214492 -0.260654
v -0.381081 -0.162026 0.260654
v -0.381081 -0.162026 -0.260654
v -0.438100 -0.107422 0.260654
v -0.438100 -0.107422 -0.260654
v -0.486835 -0.050492 0.260654
v -0.486835 -0.050492 -0.260654
v -0.524142 0.008659 0.260654
v -0.524142 0.008659 -0.260654
v -0.547569 0.069453 0.260654
v -0.547569 0.069453 -0.260654
v -0.555556 0.130719 0.260654
v -0.555556 0.130719 -0.260654
v -0.547569 0.190681 0.260654
v -0.547569 0.190681 -0.260654
v -0.524142 0.247046 0.260654
v -0.524142 0.247046 -0.260654
v -0.486835 0.297202 0.260654
v -0.486835 0.297202 -0.260654
v -0.438100 0.338503 0.260654
v -0.438100 0.338503 -0.260654
v -0.381081 0.368597 0.260654
v -0.381081 0.368597 -0.260654
v -0.319350 0.385768 0.260654
v -0.319350 0.385768 -0.260654
v -0.256616 0.389225 0.260654
v -0.256616 0.389225 -0.260654
v -0.196419 0.379301 0.260654
v -0.196419 0.379301 -0.260654
v -0.141841 0.357528 0.260654
v -0.141841 0.357528 -0.260654
v -0.095267 0.326568 0.260654
v -0.095267 0.326568 -0.260654
v -0.058195 0.289993 0.260654
v -0.058195 0.289993 -0.260654
v -0.031135 0.251946 0.260654
v -0.031135 0.251946 -0.260654
v -0.013589 0.216713 0.260654
v -0.013589 0.216713 -0.260654
v -0.004125 0.188260 0.260654
v -0.004125 0.188260 -0.260654
v -0.000523 0.169795 0.260654
v -0.000523 0.169795 -0.260654
v 0.000000 0.179739 0.242820
v 0.000000 0.179739 -0.242820
v 0.000575 0.186774 0.242820
v 0.000575 0.186774 -0.242820
v 0.004538 0.207086 0.242820
v 0.004538 0.207086 -0.242820
v 0.014948 0.238384 0.242820
v 0.014948 0.238384 -0.242820
v 0.034248 0.277140 0.242820
v 0.034248 0.277140 -0.242820
v 0.064015 0.318992 0.242820
v 0.064015 0.318992 -0.242820
v 0.104794 0.359225 0.242820
v 0.104794 0.359225 -0.242820
v 0.156026 0.393281 0.242820
v 0.156026 0.393281 -0.242820
v 0.216060 0.417231 0.242820
v 0.216060 0.417231 -0.242820
v 0.282278 0.428148 0.242820
v 0.282278 0.428148 -0.242820
v 0.351285 0.424345 0.242820
v 0.351285 0.424345 -0.242820
v 0.419189 0.405456 0.242820
v 0.419189 0.405456 -0.242820
v 0.481910 0.372353 0.242820
v 0.481910 0.372353 -0.242820
v 0.535519 0.326922 0.242820
v 0.535519 0.326922 -0.242820
v 0.576557 0.271751 0.242820
v 0.576557 0.271751 -0.242820
v 0.602326 0.209749 0.242820
v 0.602326 0.209749 -0.242820
v 0.611111 0.143791 0.242820
v 0.611111 0.143791 -0.242820
v 0.602326 0.076398 0.242820
v 0.602326 0.076398 -0.242820
v 0.576557 0.009525 0.242820
v 0.576557 0.009525 -0.242820
v 0.535519 -0.055541 0.242820
v 0.535519 -0.055541 -0.242820
v 0.481910 -0.118164 0.242820
v 0.481910 -0.118164 -0.242820
v 0.419189 -0.178228 0.242820
v 0.419189 -0.178228 -0.242820
v 0.351285 -0.235941 0.242820
v 0.351285 -0.235941 -0.242820
v 0.282278 -0.291594 0.242820
v 0.282278 -0.291594 -0.242820
v 0.216060 -0.345335 0.242820
v 0.216060 -0.345335 -0.242820
v 0.156026 -0.396989 0.242820
v 0.156026 -0.396989 -0.242820
v 0.104794 -0.445953 0.242820
v 0.104794 -0.445953 -0.242820
v 0.064015 -0.491193 0.242820
v 0.064015 -0.491193 -0.242820
v 0.034248 -0.531329 0.242820
v 0.034248 -0.531329 -0.242820
v 0.014948 -0.564791 0.242820
v 0.014948 -0.564791 -0.242820
v 0.004538 -0.590038 0.242820
v 0.004538 -0.590038 -0.242820
v 0.000575 -0.605767 0.242820
v 0.000575 -0.605767 -0.242820
v 0.000000 -0.611111 0.242820
v 0.000000 -0.611111 -0.242820
v -0.000575 -0.605767 0.242820
v -0.000575 -0.605767 -0.242820
v -0.004538 -0.590038 0.242820
v -0.004538 -0.590038 -0.242820
v -0.014948 -0.564791 0.242820
v -0.014948 -0.564791 -0.242820
v -0.034248 -0.531329 0.242820
v -0.034248 -0.531329 -0.242820
v -0.064015 -0.491193 0.242820
v -0.064015 -0.491193 -0.242820
v -0.104794 -0.445953 0.242820
v -0.104794 -0.445953 -0.242820
v -0.156026 -0.396989 0.242820
v -0.156026 -0.396989 -0.242820
v -0.216060 -0.345335 0.242820
v -0.216060 -0.345335 -0.242820
v -0.282278 -0.291594 0.242820
v -0.282278 -0.291594 -0.242820
v -0.351285 -0.235941 0.242820
v -0.351285 -0.235941 -0.242820
v -0.419189 -0.178228 0.242820
v -0.419189 -0.178228 -0.242820
v -0.481910 -0.118164 0.242820
v -0.481910 -0.118164 -0.242820
v -0.535519 -0.055541 0.242820
v -0.535519 -0.055541 -0.242820
v -0.576557 0.009525 0.242820
v -0.576557 0.009525 -0.242820
v -0.602326 0.076398 0.242820
v -0.602326 0.076398 -0.242820
v -0.611111 0.143791 0.242820
v -0.611111 0.143791 -0.242820
v -0.602326 0.209749 0.242820
v -0.602326 0.209749 -0.242820
v -0.576557 0.271751 0.242820
v -0.576557 0.271751 -0.242820
v -0.535519 0.326922 0.242820
v -0.535519 0.326922 -0.242820
v -0.481910 0.372353 0.242820
v -0.481910 0.372353 -0.242820
v -0.419189 0.405456 0.242820
v -0.419189 0.405456 -0.242820
v -0.351285 0.424345 0.242820
v -0.351285 0.424345 -0.242820
v -0.282278 0.428148 0.242820
v -0.282278 0.428148 -0.242820
v -0.216060 0.417231 0.242820
v -0.216060 0.417231 -0.242820
v -0.156026 0.393281 0.242820
v -0.156026 0.393281 -0.242820
v -0.104794 0.359225 0.242820
v -0.104794 0.359225 -0.242820
v -0.064015 0.318992 0.242820
v -0.064015 0.318992 -0.242820
v -0.034248 0.277140 0.242820
v -0.034248 0.277140 -0.242820
v -0.014948 0.238384 0.242820
v -0.014948 0.238384 -0.242820
v -0.004538 0.207086 0.242820
v -0.004538 0.207086 -0.242820
v -0.000575 0.186774 0.242820
v -0.000575 0.186774 -0.242820
v 0.000000 0.196078 0.222681
v 0.000000 0.196078 -0.222681
v 0.000628 0.203754 0.222681
v 0.000628 0.203754 -0.222681
v 0.004950 0.225912 0.222681
v 0.004950 0.225912 -0.222681
v 0.016307 0.260055 0.222681
v 0.016307 0.260055 -0.222681
v 0.037362 0.302335 0.222681
v 0.037362 0.302335 -0.222681
v 0.069834 0.347991 0.222681
v 0.069834 0.347991 -0.222681
v 0.114321 0.391881 0.222681
v 0.114321 0.391881 -0.222681
v 0.170210 0.429034 0.222681
v 0.170210 0.429034 -0.222681
v 0.235702 0.455161 0.222681
v 0.235702 0.455161 -0.222681
v 0.307939 0.467070 0.222681
v 0.307939 0.467070 -0.222681
v 0.383220 0.462922 0.222681
v 0.383220 0.462922 -0.222681
v 0.457297 0.442316 0.222681
v 0.457297 0.442316 -0.222681
v 0.525720 0.406203 0.222681
v 0.525720 0.406203 -0.222681
v 0.584202 0.356643 0.222681
v 0.584202 0.356643 -0.222681
v 0.628971 0.296455 0.222681
v 0.628971 0.296455 -0.222681
v 0.657082 0.228817 0.222681
v 0.657082 0.228817 -0.222681
v 0.666667 0.156863 0.222681
v 0.666667 0.156863 -0.222681
v 0.657082 0.083343 0.222681
v 0.657082 0.083343 -0.222681
v 0.628971 0.010391 0.222681
v 0.628971 0.010391 -0.222681
v 0.584202 -0.060590 0.222681
v 0.584202 -0.060590 -0.222681
v 0.525720 -0.128906 0.222681
v 0.525720 -0.128906 -0.222681
v 0.457297 -0.194431 0.222681
v 0.457297 -0.194431 -0.222681
v 0.383220 -0.257391 0.222681
v 0.383220 -0.257391 -0.222681
v 0.307939 -0.318103 0.222681
v 0.307939 -0.318103 -0.222681
v 0.235702 -0.376729 0.222681
v 0.235702 -0.376729 -0.222681
v 0.170210 -0.433078 0.222681
v 0.170210 -0.433078 -0.222681
v 0.114321 -0.486494 0.222681
v 0.114321 -0.486494 -0.222681
v 0.069834 -0.535847 0.222681
v 0.069834 -0.535847 -0.222681
v 0.037362 -0.579631 0.222681
v 0.037362 -0.579631 -0.222681
v 0.016307 -0.616136 0.222681
v 0.016307 -0.616136 -0.222681
v 0.004950 -0.643677 0.222681
v 0.004950 -0.643677 -0.222681
v 0.000628 -0.660836 0.222681
v 0.000628 -0.660836 -0.222681
v 0.000000 -0.666667 0.222681
v 0.000000 -0.666667 -0.222681
v -0.000628 -0.660836 0.222681
v -0.000628 -0.660836 -0.222681
v -0.004950 -0.643677 0.222681
v -0.004950 -0.643677 -0.222681
v -0.016307 -0.616136 0.222681
v -0.016307 -0.616136 -0.222681
v -0.037362 -0.579631 0.222681
v -0.037362 -0.579631 -0.222681
v -0.069834 -0.535847 0.222681
v -0.069834 -0.535847 -0.222681
v -0.114321 -0.486494 0.222681
v -0.114321 -0.486494 -0.222681
v -0.170210 -0.433078 0.222681
v -0.170210 -0.433078 -0.222681
v -0.235702 -0.376729 0.222681
v -0.235702 -0.376729 -0.222681
v -0.307939 -0.318103 0.222681
v -0.307939 -0.318103 -0.222681
v -0.383220 -0.257391 0.222681
v -0.383220 -0.257391 -0.222681
v -0.457297 -0.194431 0.222681
v -0.457297 -0.194431 -0.222681
v -0.525720 -0.128906 0.222681
v -0.525720 -0.128906 -0.222681
v -0.584202 -0.060590 0.222681
v -0.584202 -0.060590 -0.222681
v -0.628971 0.010391 0.222681
v -0.628971 0.010391 -0.222681
v -0.657082 0.083343 0.222681
v -0.657082 0.083343 -0.222681
v -0.666667 0.156863 0.222681
v -0.666667 0.156863 -0.222681
v -0.657082 0.228817 0.222681
v -0.657082 0.228817 -0.222681
v -0.628971 0.296455 0.222681
v -0.628971 0.296455 -0.222681
v -0.584202 0.356643 0.222681
v -0.584202 0.356643 -0.222681
v -0.525720 0.406203 0.222681
v -0.525720 0.406203 -0.222681
v -0.457297 0.442316 0.222681
v -0.457297 0.442316 -0.222681
v -0.383220 0.462922 0.222681
v -0.383220 0.462922 -0.222681
v -0.307939 0.467070 0.222681
v -0.307939 0.467070 -0.222681
v -0.235702 0.455161 0.222681
v -0.235702 0.455161 -0.222681
v -0.170210 0.429034 0.222681
v -0.170210 0.429034 -0.222681
v -0.114321 0.391881 0.222681
v -0.114321 0.391881 -0.222681
v -0.069834 0.347991 0.222681
v -0.069834 0.347991 -0.222681
v -0.037362 0.302335 0.222681
v -0.037362 0.302335 -0.222681
v -0.016307 0.260055 0.222681
v -0.016307 0.260055 -0.222681
v -0.004950 0.225912 0.222681
v -0.004950 0.225912 -0.222681
v -0.000628 0.203754 0.222681
v -0.000628 0.203754 -0.222681
v 0.000000 0.212418 0.199952
v 0.000000 0.212418 -0.199952
v 0.000680 0.220733 0.199952
v 0.000680 0.220733 -0.199952
v 0.005363 0.244738 0.199952
v 0.005363 0.244738 -0.199952
v 0.017666 0.281726 0.199952
v 0.017666 0.281726 -0.199952
v 0.040475 0.327529 0.199952
v 0.040475 0.327529 -0.199952
v 0.075654 0.376990 0.199952
v 0.075654 0.376990 -0.199952
v 0.123848 0.424538 0.199952
v 0.123848 0.424538 -0.199952
v 0.184394 0.464786 0.199952
v 0.184394 0.464786 -0.199952
v 0.255344 0.493091 0.199952
v 0.255344 0.493091 -0.199952
v 0.333601 0.505993 0.199952
v 0.333601 0.505993 -0.199952
v 0.415155 0.501499 0.199952
v 0.415155 0.501499 -0.199952
v 0.495405 0.479176 0.199952
v 0.495405 0.479176 -0.199952
v 0.569530 0.440053 0.199952
v 0.569530 0.440053 -0.199952
v 0.632886 0.386363 0.199952
v 0.632886 0.386363 -0.199952
v 0.681385 0.321160 0.199952
v 0.681385 0.321160 -0.199952
v 0.711839 0.247885 0.199952
v 0.711839 0.247885 -0.199952
v 0.722222 0.169935 0.199952
v 0.722222 0.169935 -0.199952
v 0.711839 0.090289 0.199952
v 0.711839 0.090289 -0.199952
v 0.681385 0.011257 0.199952
v 0.681385 0.011257 -0.199952
v 0.632886 -0.065640 0.199952
v 0.632886 -0.065640 -0.199952
v 0.569530 -0.139648 0.199952
v 0.569530 -0.139648 -0.199952
v 0.495405 -0.210634 0.199952
v 0.495405 -0.210634 -0.199952
v 0.415155 -0.278840 0.199952
v 0.415155 -0.278840 -0.199952
v 0.333601 -0.344611 0.199952
v 0.333601 -0.344611 -0.199952
v 0.255344 -0.408124 0.199952
v 0.255344 -0.408124 -0.199952
v 0.184394 -0.469168 0.199952
v 0.184394 -0.469168 -0.199952
v 0.123848 -0.527035 0.199952
v 0.123848 -0.527035 -0.199952
v 0.075654 -0.580501 0.199952
v 0.075654 -0.580501 -0.199952
v 0.040475 -0.627934 0.199952
v 0.040475 -0.627934 -0.199952
v 0.017666 -0.667481 0.199952
v 0.017666 -0.667481 -0.199952
v 0.005363 -0.697317 0.199952
v 0.005363 -0.697317 -0.199952
v 0.000680 -0.715906 0.199952
v 0.000680 -0.715906 -0.199952
v 0.000000 -0.722222 0.199952
v 0.000000 -0.722222 -0.199952
v -0.000680 -0.715906 0.199952
v -0.000680 -0.715906 -0.199952
v -0.005363 -0.697317 0.199952
v -0.005363 -0.697317 -0.199952
v -0.017666 -0.667481 0.199952
v -0.017666 -0.667481 -0.199952
v -0.040475 -0.627934 0.199952
v -0.040475 -0.627934 -0.199952
v -0.075654 -0.580501 0.199952
v -0.075654 -0.580501 -0.199952
v -0.123848 -0.527035 0.199952
v -0.123848 -0.527035 -0.199952
v -0.184394 -0.469168 0.199952
v -0.184394 -0.469168 -0.199952
v -0.255344 -0.408124 0.199952
v -0.255344 -0.408124 -0.199952
v -0.333601 -0.344611 0.199952
v -0.333601 -0.344611 -0.199952
v -0.415155 -0.278840 0.199952
v -0.415155 -0.278840 -0.199952
v -0.495405 -0.210634 0.199952
v -0.495405 -0.210634 -0.199952
v -0.569530 -0.139648 0.199952
v -0.569530 -0.139648 -0.199952
v -0.632886 -0.065640 0.199952
v -0.632886 -0.065640 -0.199952
v -0.681385 0.011257 0.199952
v -0.681385 0.011257 -0.199952
v -0.711839 0.090289 0.199952
v -0.711839 0.090289 -0.199952
v -0.722222 0.169935 0.199952
v -0.722222 0.169935 -0.199952
v -0.711839 0.247885 0.199952
v -0.711839 0.247885 -0.199952
v -0.681385 0.321160 0.199952
v -0.681385 0.321160 -0.199952
v -0.632886 0.386363 0.199952
v -0.632886 0.386363 -0.199952
v -0.569530 0.440053 0.199952
v -0.569530 0.440053 -0.199952
v -0.495405 0.479176 0.199952
v -0.495405 0.479176 -0.199952
v -0.415155 0.501499 0.199952
v -0.415155 0.501499 -0.199952
v -0.333601 0.505993 0.199952
v -0.333601 0.505993 -0.199952
v -0.255344 0.493091 0.199952
v -0.255344 0.493091 -0.199952
v -0.184394 0.464786 0.199952
v -0.184394 0.464786 -0.199952
v -0.123848 0.424538 0.199952
v -0.123848 0.424538 -0.199952
v -0.075654 0.376990 0.199952
v -0.075654 0.376990 -0.199952
v -0.040475 0.327529 0.199952
v -0.040475 0.327529 -0.199952
v -0.017666 0.281726 0.199952
v -0.017666 0.281726 -0.199952
v -0.005363 0.244738 0.199952
v -0.005363 0.244738 -0.199952
v -0.000680 0.220733 0.199952
v -0.000680 0.220733 -0.199952
v 0.000000 0.228758 0.174212
v 0.000000 0.228758 -0.174212
v 0.000732 0.237712 0.174212
v 0.000732 0.237712 -0.174212
v 0.005775 0.263564 0.174212
v 0.005775 0.263564 -0.174212
v 0.019025 0.303398 0.174212
v 0.019025 0.303398 -0.174212
v 0.043589 0.352724 0.174212
v 0.043589 0.352724 -0.174212
v 0.081473 0.405990 0.174212
v 0.081473 0.405990 -0.174212
v 0.133374 0.457195 0.174212
v 0.133374 0.457195 -0.174212
v 0.198578 0.500539 0.174212
v 0.198578 0.500539 -0.174212
v 0.274986 0.531021 0.174212
v 0.274986 0.531021 -0.174212
v 0.359262 0.544915 0.174212
v 0.359262 0.544915 -0.174212
v 0.447090 0.540076 0.174212
v 0.447090 0.540076 -0.174212
v 0.533513 0.516035 0.174212
v 0.533513 0.516035 -0.174212
v 0.613340 0.473904 0.174212
v 0.613340 0.473904 -0.174212
v 0.681569 0.416083 0.174212
v 0.681569 0.416083 -0.174212
v 0.733799 0.345864 0.174212
v 0.733799 0.345864 -0.174212
v 0.766596 0.266953 0.174212
v 0.766596 0.266953 -0.174212
v 0.777778 0.183007 0.174212
v 0.777778 0.183007 -0.174212
v 0.766596 0.097234 0.174212
v 0.766596 0.097234 -0.174212
v 0.733799 0.012123 0.174212
v 0.733799 0.012123 -0.174212
v 0.681569 -0.070689 0.174212
v 0.681569 -0.070689 -0.174212
v 0.613340 -0.150391 0.174212
v 0.613340 -0.150391 -0.174212
v 0.533513 -0.226836 0.174212
v 0.533513 -0.226836 -0.174212
v 0.447090 -0.300289 0.174212
v 0.447090 -0.300289 -0.174212
v 0.359262 -0.371120 0.174212
v 0.359262 -0.371120 -0.174212
v 0.274986 -0.439518 0.174212
v 0.274986 -0.439518 -0.174212
v 0.198578 -0.505258 0.174212
v 0.198578 -0.505258 -0.174212
v 0.133374 -0.567576 0.174212
v 0.133374 -0.567576 -0.174212
v 0.081473 -0.625155 0.174212
v 0.081473 -0.625155 -0.174212
v 0.043589 -0.676237 0.174212
v 0.043589 -0.676237 -0.174212
v 0.019025 -0.718825 0.174212
v 0.019025 -0.718825 -0.174212
v 0.005775 -0.750957 0.174212
v 0.005775 -0.750957 -0.174212
v 0.000732 -0.770976 0.174212
v 0.000732 -0.770976 -0.174212
v 0.000000 -0.777778 0.174212
v 0.000000 -0.777778 -0.174212
v -0.000732 -0.770976 0.174212
v -0.000732 -0.770976 -0.174212
v -0.005775 -0.750957 0.174212
v -0.005775 -0.750957 -0.174212
v -0.019025 -0.718825 0.174212
v -0.019025 -0.718825 -0.174212
v -0.043589 -0.676237 0.174212
v -0.043589 -0.676237 -0.174212
v -0.081473 -0.625155 0.174212
v -0.081473 -0.625155 -0.174212
v -0.133374 -0.567576 0.174212
v -0.133374 -0.567576 -0.174212
v -0.198578 -0.505258 0.174212
v -0.198578 -0.505258 -0.174212
v -0.274986 -0.439518 0.174212
v -0.274986 -0.439518 -0.174212
v -0.359262 -0.371120 0.174212
v -0.359262 -0.371120 -0.174212
v -0.447090 -0.300289 0.174212
v -0.447090 -0.300289 -0.174212
v -0.533513 -0.226836 0.174212
v -0.533513 -0.226836 -0.174212
v -0.613340 -0.150391 0.174212
v -0.613340 -0.150391 -0.174212
v -0.681569 -0.070689 0.174212
v -0.681569 -0.070689 -0.174212
v -0.733799 0.012123 0.174212
v -0.733799 0.012123 -0.174212
v -0.766596 0.097234 0.174212
v -0.766596 0.097234 -0.174212
v -0.777778 0.183007 0.174212
v -0.777778 0.183007 -0.174212
v -0.766596 0.266953 0.174212
v -0.766596 0.266953 -0.174212
v -0.733799 0.345864 0.174212
v -0.733799 0.345864 -0.174212
v -0.681569 0.416083 0.174212
v -0.681569 0.416083 -0.174212
v -0.613340 0.473904 0.174212
v -0.613340 0.473904 -0.174212
v -0.533513 0.516035 0.174212
v -0.533513 0.516035 -0.174212
v -0.447090 0.540076 0.174212
v -0.447090 0.540076 -0.174212
v -0.359262 0.544915 0.174212
v -0.359262 0.544915 -0.174212
v -0.274986 0.531021 0.174212
v -0.274986 0.531021 -0.174212
v -0.198578 0.500539 0.174212
v -0.198578 0.500539 -0.174212
v -0.133374 0.457195 0.174212
v -0.133374 0.457195 -0.174212
v -0.081473 0.405990 0.174212
v -0.081473 0.405990 -0.174212
v -0.043589 0.352724 0.174212
v -0.043589 0.352724 -0.174212
v -0.019025 0.303398 0.174212
v -0.019025 0.303398 -0.174212
v -0.005775 0.263564 0.174212
v -0.005775 0.263564 -0.174212
v -0.000732 0.237712 0.174212
v -0.000732 0.237712 -0.174212
v 0.000000 0.245098 0.144792
v 0.000000 0.245098 -0.144792
v 0.000785 0.254692 0.144792
v 0.000785 0.254692 -0.144792
v 0.006188 0.282390 0.144792
v 0.006188 0.282390 -0.144792
v 0.020384 0.325069 0.144792
v 0.020384 0.325069 -0.144792
v 0.046702 0.377918 0.144792
v 0.046702 0.377918 -0.144792
v 0.087293 0.434989 0.144792
v 0.087293 0.434989 -0.144792
v 0.142901 0.489852 0.144792
v 0.142901 0.489852 -0.144792
v 0.212762 0.536292 0.144792
v 0.212762 0.536292 -0.144792
v 0.294628 0.568951 0.144792
v 0.294628 0.568951 -0.144792
v 0.384924 0.583838 0.144792
v 0.384924 0.583838 -0.144792
v 0.479025 0.578652 0.144792
v 0.479025 0.578652 -0.144792
v 0.571621 0.552895 0.144792
v 0.571621 0.552895 -0.144792
v 0.657150 0.507754 0.144792
v 0.657150 0.507754 -0.144792
v 0.730253 0.445803 0.144792
v 0.730253 0.445803 -0.144792
v 0.786214 0.370569 0.144792
v 0.786214 0.370569 -0.144792
v 0.821353 0.286022 0.144792
v 0.821353 0.286022 -0.144792
v 0.833333 0.196078 0.144792
v 0.833333 0.196078 -0.144792
v 0.821353 0.104179 0.144792
v 0.821353 0.104179 -0.144792
v 0.786214 0.012989 0.144792
v 0.786214 0.012989 -0.144792
v 0.730253 -0.075738 0.144792
v 0.730253 -0.075738 -0.144792
v 0.657150 -0.161133 0.144792
v 0.657150 -0.161133 -0.144792
v 0.571621 -0.243039 0.144792
v 0.571621 -0.243039 -0.144792
v 0.479025 -0.321738 0.144792
v 0.479025 -0.321738 -0.144792
v 0.384924 -0.397629 0.144792
v 0.384924 -0.397629 -0.144792
v 0.294628 -0.470912 0.144792
v 0.294628 -0.470912 -0.144792
v 0.212762 -0.541348 0.144792
v 0.212762 -0.541348 -0.144792
v 0.142901 -0.608117 0.144792
v 0.142901 -0.608117 -0.144792
v 0.087293 -0.669809 0.144792
v 0.087293 -0.669809 -0.144792
v 0.046702 -0.724539 0.144792
v 0.046702 -0.724539 -0.144792
v 0.020384 -0.770170 0.144792
v 0.020384 -0.770170 -0.144792
v 0.006188 -0.804597 0.144792
v 0.006188 -0.804597 -0.144792
v 0.000785 -0.826045 0.144792
v 0.000785 -0.826045 -0.144792
v 0.000000 -0.833333 0.144792
v 0.000000 -0.833333 -0.144792
v -0.000785 -0.826045 0.144792
v -0.000785 -0.826045 -0.144792
v -0.006188 -0.804597 0.144792
v -0.006188 -0.804597 -0.144792
v -0.020384 -0.770170 0.144792
v -0.020384 -0.770170 -0.144792
v -0.046702 -0.724539 0.144792
v -0.046702 -0.724539 -0.144792
v -0.087293 -0.669809 0.144792
v -0.087293 -0.669809 -0.144792
v -0.142901 -0.608117 0.144792
v -0.142901 -0.608117 -0.144792
v -0.212762 -0.541348 0.144792
v -0.212762 -0.541348 -0.144792
v -0.294628 -0.470912 0.144792
v -0.294628 -0.470912 -0.144792
v -0.384924 -0.397629 0.144792
v -0.384924 -0.397629 -0.144792
v -0.479025 -0.321738 0.144792
v -0.479025 -0.321738 -0.144792
v -0.571621 -0.243039 0.144792
v -0.571621 -0.243039 -0.144792
v -0.657150 -0.161133 0.144792
v -0.657150 -0.161133 -0.144792
v -0.730253 -0.075738 0.144792
v -0.730253 -0.075738 -0.144792
v -0.786214 0.012989 0.144792
v -0.786214 0.012989 -0.144792
v -0.821353 0.104179 0.144792
v -0.821353 0.104179 -0.144792
v -0.833333 0.196078 0.144792
v -0.833333 0.196078 -0.144792
v -0.821353 0.286022 0.144792
v -0.821353 0.286022 -0.144792
v -0.786214 0.370569 0.144792
v -0.786214 0.370569 -0.144792
v -0.730253 0.445803 0.144792
v -0.730253 0.445803 -0.144792
v -0.657150 0.507754 0.144792
v -0.657150 0.507754 -0.144792
v -0.571621 0.552895 0.144792
v -0.571621 0.552895 -0.144792
v -0.479025 0.578652 0.144792
v -0.479025 0.578652 -0.144792
v -0.384924 0.583838 0.144792
v -0.384924 0.583838 -0.144792
v -0.294628 0.568951 0.144792
v -0.294628 0.568951 -0.144792
v -0.212762 0.536292 0.144792
v -0.212762 0.536292 -0.144792
v -0.142901 0.489852 0.144792
v -0.142901 0.489852 -0.144792
v -0.087293 0.434989 0.144792
v -0.087293 0.434989 -0.144792
v -0.046702 0.377918 0.144792
v -0.046702 0.377918 -0.144792
v -0.020384 0.325069 0.144792
v -0.020384 0.325069 -0.144792
v -0.006188 0.282390 0.144792
v -0.006188 0.282390 -0.144792
v -0.000785 0.254692 0.144792
v -0.000785 0.254692 -0.144792
v 0.000000 0.261438 0.110482
v 0.000000 0.261438 -0.110482
v 0.000837 0.271671 0.110482
v 0.000837 0.271671 -0.110482
v 0.006600 0.301216 0.110482
v 0.006600 0.301216 -0.110482
v 0.021743 0.346740 0.110482
v 0.021743 0.346740 -0.110482
v 0.049816 0.403113 0.110482
v 0.049816 0.403113 -0.110482
v 0.093112 0.463988 0.110482
v 0.093112 0.463988 -0.110482
v 0.152428 0.522509 0.110482
v 0.152428 0.522509 -0.110482
v 0.226946 0.572045 0.110482
v 0.226946 0.572045 -0.110482
v 0.314270 0.606881 0.110482
v 0.314270 0.606881 -0.110482
v 0.410585 0.622760 0.110482
v 0.410585 0.622760 -0.110482
v 0.510960 0.617229 0.110482
v 0.510960 0.617229 -0.110482
v 0.609729 0.589755 0.110482
v 0.609729 0.589755 -0.110482
v 0.700960 0.541604 0.110482
v 0.700960 0.541604 -0.110482
v 0.778937 0.475523 0.110482
v 0.778937 0.475523 -0.110482
v 0.838628 0.395273 0.110482
v 0.838628 0.395273 -0.110482
v 0.876110 0.305090 0.110482
v 0.876110 0.305090 -0.110482
v 0.888889 0.209150 0.110482
v 0.888889 0.209150 -0.110482
v 0.876110 0.111124 0.110482
v 0.876110 0.111124 -0.110482
v 0.838628 0.013855 0.110482
v 0.838628 0.013855 -0.110482
v 0.778937 -0.080787 0.110482
v 0.778937 -0.080787 -0.110482
v 0.700960 -0.171875 0.110482
v 0.700960 -0.171875 -0.110482
v 0.609729 -0.259241 0.110482
v 0.609729 -0.259241 -0.110482
v 0.510960 -0.343187 0.110482
v 0.510960 -0.343187 -0.110482
v 0.410585 -0.424137 0.110482
v 0.410585 -0.424137 -0.110482
v 0.314270 -0.502306 0.110482
v 0.314270 -0.502306 -0.110482
v 0.226946 -0.577438 0.110482
v 0.226946 -0.577438 -0.110482
v 0.152428 -0.648659 0.110482
v 0.152428 -0.648659 -0.110482
v 0.093112 -0.714463 0.110482
v 0.093112 -0.714463 -0.110482
v 0.049816 -0.772842 0.110482
v 0.049816 -0.772842 -0.110482
v 0.021743 -0.821515 0.110482
v 0.021743 -0.821515 -0.110482
v 0.006600 -0.858237 0.110482
v 0.006600 -0.858237 -0.110482
v 0.000837 -0.881115 0.110482
v 0.000837 -0.881115 -0.110482
v 0.000000 -0.888889 0.110482
v 0.000000 -0.888889 -0.110482
v -0.000837 -0.881115 0.110482
v -0.000837 -0.881115 -0.110482
v -0.006600 -0.858237 0.110482
v -0.006600 -0.858237 -0.110482
v -0.021743 -0.821515 0.110482
v -0.021743 -0.821515 -0.110482
v -0.049816 -0.772842 0.110482
v -0.049816 -0.772842 -0.110482
v -0.093112 -0.714463 0.110482
v -0.093112 -0.714463 -0.110482
v -0.152428 -0.648659 0.110482
v -0.152428 -0.648659 -0.110482
v -0.226946 -0.577438 0.110482
v -0.226946 -0.577438 -0.110482
v -0.314270 -0.502306 0.110482
v -0.314270 -0.502306 -0.110482
v -0.410585 -0.424137 0.110482
v -0.410585 -0.424137 -0.110482
v -0.510960 -0.343187 0.110482
v -0.510960 -0.343187 -0.110482
v -0.609729 -0.259241 0.110482
v -0.609729 -0.259241 -0.110482
v -0.700960 -0.171875 0.110482
v -0.700960 -0.171875 -0.110482
v -0.778937 -0.080787 0.110482
v -0.778937 -0.080787 -0.110482
v -0.838628 0.013855 0.110482
v -0.838628 0.013855 -0.110482
v -0.876110 0.111124 0.110482
v -0.876110 0.111124 -0.110482
v -0.888889 0.209150 0.110482
v -0.888889 0.209150 -0.110482
v -0.876110 0.305090 0.110482
v -0.876110 0.305090 -0.110482
v -0.838628 0.395273 0.110482
v -0.838628 0.395273 -0.110482
v -0.778937 0.475523 0.110482
v -0.778937 0.475523 -0.110482
v -0.700960 0.541604 0.110482
v -0.700960 0.541604 -0.110482
v -0.609729 0.589755 0.110482
v -0.609729 0.589755 -0.110482
v -0.510960 0.617229 0.110482
v -0.510960 0.617229 -0.110482
v -0.410585 0.622760 0.110482
v -0.410585 0.622760 -0.110482
v -0.314270 0.606881 0.110482
v -0.314270 0.606881 -0.110482
v -0.226946 0.572045 0.110482
v -0.226946 0.572045 -0.110482
v -0.152428 0.522509 0.110482
v -0.152428 0.522509 -0.110482
v -0.093112 0.463988 0.110482
v -0.093112 0.463988 -0.110482
v -0.049816 0.403113 0.110482
v -0.049816 0.403113 -0.110482
v -0.021743 0.346740 0.110482
v -0.021743 0.346740 -0.110482
v -0.006600 0.301216 0.110482
v -0.006600 0.301216 -0.110482
v -0.000837 0.271671 0.110482
v -0.000837 0.271671 -0.110482
v 0.000000 0.277778 0.068488
v 0.000000 0.277778 -0.068488
v 0.000889 0.288651 0.068488
v 0.000889 0.288651 -0.068488
v 0.007013 0.320042 0.068488
v 0.007013 0.320042 -0.068488
v 0.023102 0.368411 0.068488
v 0.023102 0.368411 -0.068488
v 0.052929 0.428307 0.068488
v 0.052929 0.428307 -0.068488
v 0.098932 0.492987 0.068488
v 0.098932 0.492987 -0.068488
v 0.161955 0.555165 0.068488
v 0.161955 0.555165 -0.068488
v 0.241130 0.607798 0.068488
v 0.241130 0.607798 -0.068488
v 0.333912 0.644811 0.068488
v 0.333912 0.644811 -0.068488
v 0.436247 0.661683 0.068488
v 0.436247 0.661683 -0.068488
v 0.542895 0.655806 0.068488
v 0.542895 0.655806 -0.068488
v 0.647837 0.626615 0.068488
v 0.647837 0.626615 -0.068488
v 0.744770 0.575454 0.068488
v 0.744770 0.575454 -0.068488
v 0.827620 0.505244 0.068488
v 0.827620 0.505244 -0.068488
v 0.891042 0.419978 0.068488
v 0.891042 0.419978 -0.068488
v 0.930867 0.324158 0.068488
v 0.930867 0.324158 -0.068488
v 0.944444 0.222222 0.068488
v 0.944444 0.222222 -0.068488
v 0.930867 0.118070 0.068488
v 0.930867 0.118070 -0.068488
v 0.891042 0.014721 0.068488
v 0.891042 0.014721 -0.068488
v 0.827620 -0.085837 0.068488
v 0.827620 -0.085837 -0.068488
v 0.744770 -0.182617 0.068488
v 0.744770 -0.182617 -0.068488
v 0.647837 -0.275444 0.068488
v 0.647837 -0.275444 -0.068488
v 0.542895 -0.364637 0.068488
v 0.542895 -0.364637 -0.068488
v 0.436247 -0.450646 0.068488
v 0.436247 -0.450646 -0.068488
v 0.333912 -0.533700 0.068488
v 0.333912 -0.533700 -0.068488
v 0.241130 -0.613528 0.068488
v 0.241130 -0.613528 -0.068488
v 0.161955 -0.689200 0.068488
v 0.161955 -0.689200 -0.068488
v 0.098932 -0.759117 0.068488
v 0.098932 -0.759117 -0.068488
v 0.052929 -0.821144 0.068488
v 0.052929 -0.821144 -0.068488
v 0.023102 -0.872859 0.068488
v 0.023102 -0.872859 -0.068488
v 0.007013 -0.911876 0.068488
v 0.007013 -0.911876 -0.068488
v 0.000889 -0.936185 0.068488
v 0.000889 -0.936185 -0.068488
v 0.000000 -0.944444 0.068488
v 0.000000 -0.944444 -0.068488
v -0.000889 -0.936185 0.068488
v -0.000889 -0.936185 -0.068488
v -0.007013 -0.911876 0.068488
v -0.007013 -0.911876 -0.068488
v -0.023102 -0.872859 0.068488
v -0.023102 -0.872859 -0.068488
v -0.052929 -0.821144 0.068488
v -0.052929 -0.821144 -0.068488
v -0.098932 -0.759117 0.068488
v -0.098932 -0.759117 -0.068488
v -0.161955 -0.689200 0.068488
v -0.161955 -0.689200 -0.068488
v -0.241130 -0.613528 0.068488
v -0.241130 -0.613528 -0.068488
v -0.333912 -0.533700 0.068488
v -0.333912 -0.533700 -0.068488
v -0.436247 -0.450646 0.068488
v -0.436247 -0.450646 -0.068488
v -0.542895 -0.364637 0.068488
v -0.542895 -0.364637 -0.068488
v -0.647837 -0.275444 0.068488
v -0.647837 -0.275444 -0.068488
v -0.744770 -0.182617 0.068488
v -0.744770 -0.182617 -0.068488
v -0.827620 -0.085837 0.068488
v -0.827620 -0.085837 -0.068488
v -0.891042 0.014721 0.068488
v -0.891042 0.014721 -0.068488
v -0.930867 0.118070 0.068488
v -0.930867 0.118070 -0.068488
v -0.944444 0.222222 0.068488
v -0.944444 0.222222 -0.068488
v -0.930867 0.324158 0.068488
v -0.930867 0.324158 -0.068488
v -0.891042 0.419978 0.068488
v -0.891042 0.419978 -0.068488
v -0.827620 0.505244 0.068488
v -0.827620 0.505244 -0.068488
v -0.744770 0.575454 0.068488
v -0.744770 0.575454 -0.068488
v -0.647837 0.626615 0.068488
v -0.647837 0.626615 -0.068488
v -0.542895 0.655806 0.068488
v -0.542895 0.655806 -0.068488
v -0.436247 0.661683 0.068488
v -0.436247 0.661683 -0.068488
v -0.333912 0.644811 0.068488
v -0.333912 0.644811 -0.068488
v -0.241130 0.607798 0.068488
v -0.241130 0.607798 -0.068488
v -0.161955 0.555165 0.068488
v -0.161955 0.555165 -0.068488
v -0.098932 0.492987 0.068488
v -0.098932 0.492987 -0.068488
v -0.052929 0.428307 0.068488
v -0.052929 0.428307 -0.068488
v -0.023102 0.368411 0.068488
v -0.023102 0.368411 -0.068488
v -0.007013 0.320042 0.068488
v -0.007013 0.320042 -0.068488
v -0.000889 0.288651 0.068488
v -0.000889 0.288651 -0.068488
v 0.000000 0.294118 -0.000000
v 0.000000 0.294118 -0.000000
v 0.000942 0.305630 -0.000000
v 0.000942 0.305630 -0.000000
v 0.007425 0.338869 -0.000000
v 0.007425 0.338869 -0.000000
v 0.024461 0.390083 -0.000000
v 0.024461 0.390083 -0.000000
v 0.056043 0.453502 -0.000000
v 0.056043 0.453502 -0.000000
v 0.104751 0.521987 -0.000000
v 0.104751 0.521987 -0.000000
v 0.171481 0.587822 -0.000000
v 0.171481 0.587822 -0.000000
v 0.255315 0.643550 -0.000000
v 0.255315 0.643550 -0.000000
v 0.353553 0.682741 -0.000000
v 0.353553 0.682741 -0.000000
v 0.461909 0.700605 -0.000000
v 0.461909 0.700605 -0.000000
v 0.574830 0.694383 -0.000000
v 0.574830 0.694383 -0.000000
v 0.685945 0.663474 -0.000000
v 0.685945 0.663474 -0.000000
v 0.788581 0.609305 -0.000000
v 0.788581 0.609305 -0.000000
v 0.876304 0.534964 -0.000000
v 0.876304 0.534964 -0.000000
v 0.943456 0.444683 -0.000000
v 0.943456 0.444683 -0.000000
v 0.985624 0.343226 -0.000000
v 0.985624 0.343226 -0.000000
v 1.000000 0.235294 -0.000000
v 1.000000 0.235294 -0.000000
v 0.985624 0.125015 -0.000000
v 0.985624 0.125015 -0.000000
v 0.943456 0.015587 -0.000000
v 0.943456 0.015587 -0.000000
v 0.876304 -0.090886 0.000000
v 0.876304 -0.090886 0.000000
v 0.788581 -0.193359 0.000000
v 0.788581 -0.193359 0.000000
v 0.685945 -0.291647 0.000000
v 0.685945 -0.291647 0.000000
v 0.574830 -0.386086 0.000000
v 0.574830 -0.386086 0.000000
v 0.461909 -0.477154 0.000000
v 0.461909 -0.477154 0.000000
v 0.353553 -0.565094 0.000000
v 0.353553 -0.565094 0.000000
v 0.255315 -0.649618 0.000000
v 0.255315 -0.649618 0.000000
v 0.171481 -0.729741 0.000000
v 0.171481 -0.729741 0.000000
v 0.104751 -0.803771 0.000000
v 0.104751 -0.803771 0.000000
v 0.056043 -0.869447 0.000000
v 0.056043 -0.869447 0.000000
v 0.024461 -0.924204 0.000000
v 0.024461 -0.924204 0.000000
v 0.007425 -0.965516 0.000000
v 0.007425 -0.965516 0.000000
v 0.000942 -0.991255 0.000000
v 0.000942 -0.991255 0.000000
v 0.000000 -1.000000 0.000000
v 0.000000 -1.000000 0.000000
v -0.000942 -0.991255 0.000000
v -0.000942 -0.991255 0.000000
v -0.007425 -0.965516 0.000000
v -0.007425 -0.965516 0.000000
v -0.024461 -0.924204 0.000000
v -0.024461 -0.924204 0.000000
v -0.056043 -0.869447 0.000000
v -0.056043 -0.869447 0.000000
v -0.104751 -0.803771 0.000000
v -0.104751 -0.803771 0.000000
v -0.171481 -0.729741 0.000000
v -0.171481 -0.729741 0.000000
v -0.255315 -0.649618 0.000000
v -0.255315 -0.649618 0.000000
v -0.353553 -0.565094 0.000000
v -0.353553 -0.565094 0.000000
v -0.461909 -0.477154 0.000000
v -0.461909 -0.477154 0.000000
v -0.574830 -0.386086 0.000000
v -0.574830 -0.386086 0.000000
v -0.685945 -0.291647 0.000000
v -0.685945 -0.291647 0.000000
v -0.788581 -0.193359 0.000000
v -0.788581 -0.193359 0.000000
v -0.876304 -0.090886 0.000000
v -0.876304 -0.090886 0.000000
v -0.943456 0.015587 -0.000000
v -0.943456 0.015587 -0.000000
v -0.985624 0.125015 -0.000000
v -0.985624 0.125015 -0.000000
v -1.000000 0.235294 -0.000000
v -1.000000 0.235294 -0.000000
v -0.985624 0.343226 -0.000000
v -0.985624 0.343226 -0.000000
v -0.943456 0.444683 -0.000000
v -0.943456 0.444683 -0.000000
v -0.876304 0.534964 -0.000000
v -0.876304 0.534964 -0.000000
v -0.788581 0.609305 -0.000000
v -0.788581 0.609305 -0.000000
v -0.685945 0.663474 -0.000000
v -0.685945 0.663474 -0.000000
v -0.574830 0.694383 -0.000000
v -0.574830 0.694383 -0.000000
v -0.461909 0.700605 -0.000000
v -0.461909 0.700605 -0.000000
v -0.353553 0.682741 -0.000000
v -0.353553 0.682741 -0.000000
v -0.255315 0.643550 -0.000000
v -0.255315 0.643550 -0.000000
v -0.171481 0.587822 -0.000000
v -0.171481 0.587822 -0.000000
v -0.104751 0.521987 -0.000000
v -0.104751 0.521987 -0.000000
v -0.056043 0.453502 -0.000000
v -0.056043 0.453502 -0.000000
v -0.024461 0.390083 -0.000000
v -0.024461 0.390083 -0.000000
v -0.007425 0.338869 -0.000000
v -0.007425 0.338869 -0.000000
v -0.000942 0.305630 -0.000000
v -0.000942 0.305630 -0.000000
vn -0.0000 0.0007 1.0000
vn -0.0000 0.0007 -1.0000
vn -0.0000 0.0490 0.9988
vn -0.0000 0.0490 -0.9988
vn -0.5912 0.0638 0.8040
vn -0.5912 0.0638 -0.8040
vn -0.3577 0.0807 0.9303
vn -0.3577 0.0807 -0.9303
vn -0.2217 0.0821 0.9717
vn -0.2217 0.0821 -0.9717
vn -0.1419 0.0778 0.9868
vn -0.1419 0.0778 -0.9868
vn -0.0908 0.0713 0.9933
vn -0.0908 0.0713 -0.9933
vn -0.0564 0.0640 0.9964
vn -0.0564 0.0640 -0.9964
vn -0.0325 0.0565 0.9979
vn -0.0325 0.0565 -0.9979
vn -0.0156 0.0493 0.9987
vn -0.0156 0.0493 -0.9987
vn -0.0036 0.0425 0.9991
vn -0.0036 0.0425 -0.9991
vn 0.0051 0.0363 0.9993
vn 0.0051 0.0363 -0.9993
vn 0.0115 0.0306 0.9995
vn 0.0115 0.0306 -0.9995
vn 0.0164 0.0250 0.9996
vn 0.0164 0.0250 -0.9996
vn 0.0203 0.0195 0.9996
vn 0.0203 0.0195 -0.9996
vn 0.0236 0.0135 0.9996
vn 0.0236 0.0135 -0.9996
vn 0.0263 0.0070 0.9996
vn 0.0263 0.0070 -0.9996
vn 0.0284 -0.0003 0.9996
vn 0.0284 -0.0003 -0.9996
vn 0.0297 -0.0082 0.9995
vn 0.0297 -0.0082 -0.9995
vn 0.0300 -0.0158 0.9994
vn 0.0300 -0.0158 -0.9994
vn 0.0295 -0.0224 0.9993
vn 0.0295 -0.0224 -0.9993
vn 0.0284 -0.0273 0.9992
vn 0.0284 -0.0273 -0.9992
vn 0.0271 -0.0303 0.9992
vn 0.0271 -0.0303 -0.9992
vn 0.0262 -0.0317 0.9992
vn 0.0262 -0.0317 -0.9992
vn 0.0259 -0.0320 0.9992
vn 0.0259 -0.0320 -0.9992
vn 0.0263 -0.0315 0.9992
vn 0.0263 -0.0315 -0.9992
vn 0.0277 -0.0307 0.9991
vn 0.0277 -0.0307 -0.9991
vn 0.0303 -0.0297 0.9991
vn 0.0303 -0.0297 -0.9991
vn 0.0345 -0.0288 0.9990
vn 0.0345 -0.0288 -0.9990
vn 0.0415 -0.0280 0.9987
vn 0.0415 -0.0280 -0.9987
vn 0.0535 -0.0274 0.9982
vn 0.0535 -0.0274 -0.9982
vn 0.0773 -0.0268 0.9966
vn 0.0773 -0.0268 -0.9966
vn 0.1431 -0.0264 0.9894
vn 0.1431 -0.0264 -0.9894
vn -0.0005 -0.0399 0.9992
vn -0.0005 -0.0399 -0.9992
vn -0.1432 -0.0264 0.9893
vn -0.1432 -0.0264 -0.9893
vn -0.0774 -0.0268 0.9966
vn -0.0774 -0.0268 -0.9966
vn -0.0535 -0.0274 0.9982
vn -0.0535 -0.0274 -0.9982
vn -0.0415 -0.0280 0.9987
vn -0.0415 -0.0280 -0.9987
vn -0.0345 -0.0288 0.9990
vn -0.0345 -0.0288 -0.9990
vn -0.0303 -0.0297 0.9991
vn -0.0303 -0.0297 -0.9991
vn -0.0277 -0.0307 0.9991
vn -0.0277 -0.0307 -0.9991
vn -0.0263 -0.0315 0.9992
vn -0.0263 -0.0315 -0.9992
vn -0.0259 -0.0320 0.9992
vn -0.0259 -0.0320 -0.9992
vn -0.0262 -0.0317 0.9992
vn -0.0262 -0.0317 -0.9992
vn -0.0271 -0.0303 0.9992
vn -0.0271 -0.0303 -0.9992
vn -0.0284 -0.0273 0.9992
vn -0.0284 -0.0273 -0.9992
vn -0.0295 -0.0224 0.9993
vn -0.0295 -0.0224 -0.9993
vn -0.0300 -0.0158 0.9994
vn -0.0300 -0.0158 -0.9994
vn -0.0297 -0.0082 0.9995
vn -0.0297 -0.0082 -0.9995
vn -0.0284 -0.0003 0.9996
vn -0.0284 -0.0003 -0.9996
vn -0.0263 0.0070 0.9996
vn -0.0263 0.0070 -0.9996
vn -0.0236 0.0135 0.9996
vn -0.0236 0.0135 -0.9996
vn -0.0203 0.0195 0.9996
vn -0.0203 0.0195 -0.9996
vn -0.0164 0.0250 0.9996
vn -0.0164 0.0250 -0.9996
vn -0.0115 0.0306 0.9995
vn -0.0115 0.0306 -0.9995
vn -0.0051 0.0363 0.9993
vn -0.0051 0.0363 -0.9993
vn 0.0036 0.0425 0.9991
vn 0.0036 0.0425 -0.9991
vn 0.0156 0.0493 0.9987
vn 0.0156 0.0493 -0.9987
vn 0.0325 0.0565 0.9979
vn 0.0325 0.0565 -0.9979
vn 0.0564 0.0639 0.9964
vn 0.0564 0.0639 -0.9964
vn 0.0908 0.0713 0.9933
vn 0.0908 0.0713 -0.9933
vn 0.1419 0.0778 0.9868
vn 0.1419 0.0778 -0.9868
vn 0.2217 0.0821 0.9717
vn 0.2217 0.0821 -0.9717
vn 0.3579 0.0807 0.9303
vn 0.3579 0.0807 -0.9303
vn 0.5910 0.0638 0.8041
vn 0.5910 0.0638 -0.8041
vn 0.0001 0.1423 0.9898
vn 0.0001 0.1423 -0.9898
vn -0.7920 0.1003 0.6022
vn -0.7920 0.1003 -0.6022
vn -0.5719 0.1387 0.8085
vn -0.5719 0.1387 -0.8085
vn -0.3895 0.1508 0.9086
vn -0.3895 0.1508 -0.9086
vn -0.2603 0.1476 0.9542
vn -0.2603 0.1476 -0.9542
vn -0.1700 0.1372 0.9758
vn -0.1700 0.1372 -0.9758
vn -0.1064 0.1239 0.9866
vn -0.1064 0.1239 -0.9866
vn -0.0613 0.1098 0.9921
vn -0.0613 0.1098 -0.9921
vn -0.0291 0.0960 0.9950
vn -0.0291 0.0960 -0.9950
vn -0.0061 0.0831 0.9965
vn -0.0061 0.0831 -0.9965
vn 0.0106 0.0711 0.9974
vn 0.0106 0.0711 -0.9974
vn 0.0230 0.0598 0.9979
vn 0.0230 0.0598 -0.9979
vn 0.0325 0.0490 0.9983
vn 0.0325 0.0490 -0.9983
vn 0.0401 0.0381 0.9985
vn 0.0401 0.0381 -0.9985
vn 0.0464 0.0266 0.9986
vn 0.0464 0.0266 -0.9986
vn 0.0517 0.0138 0.9986
vn 0.0517 0.0138 -0.9986
vn 0.0558 -0.0004 0.9984
vn 0.0558 -0.0004 -0.9984
vn 0.0584 -0.0156 0.9982
vn 0.0584 -0.0156 -0.9982
vn 0.0592 -0.0306 0.9978
vn 0.0592 -0.0306 -0.9978
vn 0.0583 -0.0438 0.9973
vn 0.0583 -0.0438 -0.9973
vn 0.0564 -0.0539 0.9970
vn 0.0564 -0.0539 -0.9970
vn 0.0541 -0.0603 0.9967
vn 0.0541 -0.0603 -0.9967
vn 0.0524 -0.0633 0.9966
vn 0.0524 -0.0633 -0.9966
vn 0.0517 -0.0640 0.9966
vn 0.0517 -0.0640 -0.9966
vn 0.0527 -0.0631 0.9966
vn 0.0527 -0.0631 -0.9966
vn 0.0557 -0.0615 0.9965
vn 0.0557 -0.0615 -0.9965
vn 0.0612 -0.0597 0.9963
vn 0.0612 -0.0597 -0.9963
vn 0.0703 -0.0580 0.9958
vn 0.0703 -0.0580 -0.9958
vn 0.0852 -0.0564 0.9948
vn 0.0852 -0.0564 -0.9948
vn 0.1111 -0.0551 0.9923
vn 0.1111 -0.0551 -0.9923
vn 0.1636 -0.0538 0.9851
vn 0.1636 -0.0538 -0.9851
vn 0.3088 -0.0516 0.9497
vn 0.3088 -0.0516 -0.9497
vn -0.0000 -0.0671 0.9977
vn -0.0000 -0.0671 -0.9977
vn -0.3085 -0.0516 0.9498
vn -0.3085 -0.0516 -0.9498
vn -0.1635 -0.0538 0.9851
vn -0.1635 -0.0538 -0.9851
vn -0.1110 -0.0551 0.9923
vn -0.1110 -0.0551 -0.9923
vn -0.0852 -0.0564 0.9948
vn -0.0852 -0.0564 -0.9948
vn -0.0703 -0.0580 0.9958
vn -0.0703 -0.0580 -0.9958
vn -0.0612 -0.0597 0.9963
vn -0.0612 -0.0597 -0.9963
vn -0.0557 -0.0615 0.9965
vn -0.0557 -0.0615 -0.9965
vn -0.0527 -0.0631 0.9966
vn -0.0527 -0.0631 -0.9966
vn -0.0517 -0.0640 0.9966
vn -0.0517 -0.0640 -0.9966
vn -0.0524 -0.0633 0.9966
vn -0.0524 -0.0633 -0.9966
vn -0.0541 -0.0603 0.9967
vn -0.0541 -0.0603 -0.9967
vn -0.0564 -0.0539 0.9970
vn -0.0564 -0.0539 -0.9970
vn -0.0583 -0.0438 0.9973
vn -0.0583 -0.0438 -0.9973
vn -0.0592 -0.0306 0.9978
vn -0.0592 -0.0306 -0.9978
vn -0.0584 -0.0156 0.9982
vn -0.0584 -0.0156 -0.9982
vn -0.0558 -0.0004 0.9984
vn -0.0558 -0.0004 -0.9984
vn -0.0517 0.0138 0.9986
vn -0.0517 0.0138 -0.9986
vn -0.0464 0.0266 0.9986
vn -0.0464 0.0266 -0.9986
vn -0.0401 0.0381 0.9985
vn -0.0401 0.0381 -0.9985
vn -0.0325 0.0490 0.9983
vn -0.0325 0.0490 -0.9983
vn -0.0230 0.0598 0.9979
vn -0.0230 0.0598 -0.9979
vn -0.0106 0.0711 0.9974
vn -0.0106 0.0711 -0.9974
vn 0.0061 0.0831 0.9965
vn 0.0061 0.0831 -0.9965
vn 0.0291 0.0960 0.9950
vn 0.0291 0.0960 -0.9950
vn 0.0613 0.1098 0.9921
vn 0.0613 0.1098 -0.9921
vn 0.1064 0.1239 0.9866
vn 0.1064 0.1239 -0.9866
vn 0.1700 0.1372 0.9758
vn 0.1700 0.1372 -0.9758
vn 0.2603 0.1476 0.9542
vn 0.2603 0.1476 -0.9542
vn 0.3896 0.1508 0.9086
vn 0.3896 0.1508 -0.9086
vn 0.5718 0.1387 0.8086
vn 0.5718 0.1387 -0.8086
vn 0.7920 0.1003 0.6023
vn 0.7920 0.1003 -0.6023
vn -0.0000 0.2331 0.9724
vn -0.0000 0.2331 -0.9724
vn -0.8826 0.1175 0.4552
vn -0.8826 0.1175 -0.4552
vn -0.7059 0.1772 0.6858
vn -0.7059 0.1772 -0.6858
vn -0.5205 0.2057 0.8287
vn -0.5205 0.2057 -0.8287
vn -0.3646 0.2096 0.9073
vn -0.3646 0.2096 -0.9073
vn -0.2441 0.1993 0.9491
vn -0.2441 0.1993 -0.9491
vn -0.1547 0.1822 0.9710
vn -0.1547 0.1822 -0.9710
vn -0.0896 0.1625 0.9826
vn -0.0896 0.1625 -0.9826
vn -0.0426 0.1426 0.9889
vn -0.0426 0.1426 -0.9889
vn -0.0087 0.1236 0.9923
vn -0.0087 0.1236 -0.9923
vn 0.0161 0.1059 0.9942
vn 0.0161 0.1059 -0.9942
vn 0.0345 0.0893 0.9954
vn 0.0345 0.0893 -0.9954
vn 0.0486 0.0732 0.9961
vn 0.0486 0.0732 -0.9961
vn 0.0600 0.0569 0.9966
vn 0.0600 0.0569 -0.9966
vn 0.0694 0.0396 0.9968
vn 0.0694 0.0396 -0.9968
vn 0.0772 0.0206 0.9968
vn 0.0772 0.0206 -0.9968
vn 0.0833 -0.0005 0.9965
vn 0.0833 -0.0005 -0.9965
vn 0.0872 -0.0231 0.9959
vn 0.0872 -0.0231 -0.9959
vn 0.0885 -0.0455 0.9950
vn 0.0885 -0.0455 -0.9950
vn 0.0873 -0.0653 0.9940
vn 0.0873 -0.0653 -0.9940
vn 0.0844 -0.0805 0.9932
vn 0.0844 -0.0805 -0.9932
vn 0.0811 -0.0902 0.9926
vn 0.0811 -0.0902 -0.9926
vn 0.0785 -0.0949 0.9924
vn 0.0785 -0.0949 -0.9924
vn 0.0776 -0.0960 0.9924
vn 0.0776 -0.0960 -0.9924
vn 0.0792 -0.0948 0.9923
vn 0.0792 -0.0948 -0.9923
vn 0.0837 -0.0924 0.9922
vn 0.0837 -0.0924 -0.9922
vn 0.0921 -0.0897 0.9917
vn 0.0921 -0.0897 -0.9917
vn 0.1060 -0.0871 0.9905
vn 0.1060 -0.0871 -0.9905
vn 0.1287 -0.0846 0.9881
vn 0.1287 -0.0846 -0.9881
vn 0.1678 -0.0824 0.9824
vn 0.1678 -0.0824 -0.9824
vn 0.2464 -0.0798 0.9659
vn 0.2464 -0.0798 -0.9659
vn 0.4485 -0.0735 0.8908
vn 0.4485 -0.0735 -0.8908
vn -0.0001 -0.0945 0.9955
vn -0.0001 -0.0945 -0.9955
vn -0.4485 -0.0735 0.8908
vn -0.4485 -0.0735 -0.8908
vn -0.2464 -0.0798 0.9659
vn -0.2464 -0.0798 -0.9659
vn -0.1678 -0.0824 0.9824
vn -0.1678 -0.0824 -0.9824
vn -0.1287 -0.0846 0.9881
vn -0.1287 -0.0846 -0.9881
vn -0.1060 -0.0871 0.9905
vn -0.1060 -0.0871 -0.9905
vn -0.0921 -0.0897 0.9917
vn -0.0921 -0.0897 -0.9917
vn -0.0837 -0.0924 0.9922
vn -0.0837 -0.0924 -0.9922
vn -0.0792 -0.0948 0.9923
vn -0.0792 -0.0948 -0.9923
vn -0.0776 -0.0960 0.9924
vn -0.0776 -0.0960 -0.9924
vn -0.0785 -0.0949 0.9924
vn -0.0785 -0.0949 -0.9924
vn -0.0811 -0.0902 0.9926
vn -0.0811 -0.0902 -0.9926
vn -0.0844 -0.0805 0.9932
vn -0.0844 -0.0805 -0.9932
vn -0.0873 -0.0653 0.9940
vn -0.0873 -0.0653 -0.9940
vn -0.0885 -0.0455 0.9950
vn -0.0885 -0.0455 -0.9950
vn -0.0872 -0.0231 0.9959
vn -0.0872 -0.0231 -0.9959
vn -0.0833 -0.0005 0.9965
vn -0.0833 -0.0005 -0.9965
vn -0.0772 0.0206 0.9968
vn -0.0772 0.0206 -0.9968
vn -0.0694 0.0396 0.9968
vn -0.0694 0.0396 -0.9968
vn -0.0600 0.0569 0.9966
vn -0.0600 0.0569 -0.9966
vn -0.0486 0.0732 0.9961
vn -0.0486 0.0732 -0.9961
vn -0.0345 0.0893 0.9954
vn -0.0345 0.0893 -0.9954
vn -0.0161 0.1059 0.9942
vn -0.0161 0.1059 -0.9942
vn 0.0087 0.1236 0.9923
vn 0.0087 0.1236 -0.9923
vn 0.0426 0.1426 0.9889
vn 0.0426 0.1426 -0.9889
vn 0.0896 0.1625 0.9826
vn 0.0896 0.1625 -0.9826
vn 0.1547 0.1822 0.9710
vn 0.1547 0.1822 -0.9710
vn 0.2441 0.1993 0.9490
vn 0.2441 0.1993 -0.9490
vn 0.3645 0.2096 0.9073
vn 0.3645 0.2096 -0.9073
vn 0.5205 0.2056 0.8287
vn 0.5205 0.2056 -0.8287
vn 0.7059 0.1772 0.6857
vn 0.7059 0.1772 -0.6857
vn 0.8827 0.1175 0.4551
vn 0.8827 0.1175 -0.4551
vn -0.0000 0.3194 0.9476
vn -0.0000 0.3194 -0.9476
vn -0.9258 0.1257 0.3566
vn -0.9258 0.1257 -0.3566
vn -0.7890 0.2017 0.5803
vn -0.7890 0.2017 -0.5803
vn -0.6184 0.2475 0.7459
vn -0.6184 0.2475 -0.7459
vn -0.4529 0.2628 0.8520
vn -0.4529 0.2628 -0.8520
vn -0.3119 0.2565 0.9148
vn -0.3119 0.2565 -0.9148
vn -0.2009 0.2380 0.9503
vn -0.2009 0.2380 -0.9503
vn -0.1173 0.2141 0.9697
vn -0.1173 0.2141 -0.9697
vn -0.0559 0.1888 0.9804
vn -0.0559 0.1888 -0.9804
vn -0.0112 0.1642 0.9864
vn -0.0112 0.1642 -0.9864
vn 0.0216 0.1409 0.9898
vn 0.0216 0.1409 -0.9898
vn 0.0461 0.1189 0.9918
vn 0.0461 0.1189 -0.9918
vn 0.0650 0.0975 0.9931
vn 0.0650 0.0975 -0.9931
vn 0.0801 0.0759 0.9939
vn 0.0801 0.0759 -0.9939
vn 0.0926 0.0529 0.9943
vn 0.0926 0.0529 -0.9943
vn 0.1030 0.0275 0.9943
vn 0.1030 0.0275 -0.9943
vn 0.1111 -0.0006 0.9938
vn 0.1111 -0.0006 -0.9938
vn 0.1162 -0.0306 0.9928
vn 0.1162 -0.0306 -0.9928
vn 0.1179 -0.0605 0.9912
vn 0.1179 -0.0605 -0.9912
vn 0.1164 -0.0869 0.9894
vn 0.1164 -0.0869 -0.9894
vn 0.1126 -0.1072 0.9878
vn 0.1126 -0.1072 -0.9878
vn 0.1081 -0.1202 0.9868
vn 0.1081 -0.1202 -0.9868
vn 0.1047 -0.1265 0.9864
vn 0.1047 -0.1265 -0.9864
vn 0.1035 -0.1280 0.9864
vn 0.1035 -0.1280 -0.9864
vn 0.1056 -0.1264 0.9863
vn 0.1056 -0.1264 -0.9863
vn 0.1117 -0.1233 0.9861
vn 0.1117 -0.1233 -0.9861
vn 0.1230 -0.1197 0.9852
vn 0.1230 -0.1197 -0.9852
vn 0.1416 -0.1161 0.9831
vn 0.1416 -0.1161 -0.9831
vn 0.1717 -0.1126 0.9787
vn 0.1717 -0.1126 -0.9787
vn 0.2234 -0.1092 0.9686
vn 0.2234 -0.1092 -0.9686
vn 0.3247 -0.1045 0.9400
vn 0.3247 -0.1045 -0.9400
vn 0.5590 -0.0917 0.8241
vn 0.5590 -0.0917 -0.8241
vn -0.0000 -0.1223 0.9925
vn -0.0000 -0.1223 -0.9925
vn -0.5589 -0.0917 0.8241
vn -0.5589 -0.0917 -0.8241
vn -0.3247 -0.1045 0.9400
vn -0.3247 -0.1045 -0.9400
vn -0.2234 -0.1092 0.9686
vn -0.2234 -0.1092 -0.9686
vn -0.1717 -0.1126 0.9787
vn -0.1717 -0.1126 -0.9787
vn -0.1416 -0.1161 0.9831
vn -0.1416 -0.1161 -0.9831
vn -0.1230 -0.1197 0.9852
vn -0.1230 -0.1197 -0.9852
vn -0.1117 -0.1233 0.9861
vn -0.1117 -0.1233 -0.9861
vn -0.1056 -0.1264 0.9863
vn -0.1056 -0.1264 -0.9863
vn -0.1035 -0.1280 0.9864
vn -0.1035 -0.1280 -0.9864
vn -0.1047 -0.1265 0.9864
vn -0.1047 -0.1265 -0.9864
vn -0.1081 -0.1202 0.9868
vn -0.1081 -0.1202 -0.9868
vn -0.1126 -0.1072 0.9878
vn -0.1126 -0.1072 -0.9878
vn -0.1164 -0.0869 0.9894
vn -0.1164 -0.0869 -0.9894
vn -0.1179 -0.0605 0.9912
vn -0.1179 -0.0605 -0.9912
vn -0.1162 -0.0306 0.9928
vn -0.1162 -0.0306 -0.9928
vn -0.1111 -0.0006 0.9938
vn -0.1111 -0.0006 -0.9938
vn -0.1030 0.0275 0.9943
vn -0.1030 0.0275 -0.9943
vn -0.0926 0.0529 0.9943
vn -0.0926 0.0529 -0.9943
vn -0.0801 0.0759 0.9939
vn -0.0801 0.0759 -0.9939
vn -0.0650 0.0975 0.9931
vn -0.0650 0.0975 -0.9931
vn -0.0461 0.1189 0.9918
vn -0.0461 0.1189 -0.9918
vn -0.0216 0.1409 0.9898
vn -0.0216 0.1409 -0.9898
vn 0.0112 0.1642 0.9864
vn 0.0112 0.1642 -0.9864
vn 0.0559 0.1888 0.9804
vn 0.0559 0.1888 -0.9804
vn 0.1173 0.2141 0.9697
vn 0.1173 0.2141 -0.9697
vn 0.2009 0.2380 0.9503
vn 0.2009 0.2380 -0.9503
vn 0.3119 0.2565 0.9148
vn 0.3119 0.2565 -0.9148
vn 0.4529 0.2628 0.8520
vn 0.4529 0.2628 -0.8520
vn 0.6184 0.2475 0.7459
vn 0.6184 0.2475 -0.7459
vn 0.7891 0.2017 0.5803
vn 0.7891 0.2017 -0.5803
vn 0.9257 0.1257 0.3567
vn 0.9257 0.1257 -0.3567
vn -0.0000 0.4001 0.9165
vn -0.0000 0.4001 -0.9165
vn -0.9483 0.1301 0.2896
vn -0.9483 0.1301 -0.2896
vn -0.8415 0.2174 0.4946
vn -0.8415 0.2174 -0.4946
vn -0.6905 0.2788 0.6675
vn -0.6905 0.2788 -0.6675
vn -0.5261 0.3074 0.7930
vn -0.5261 0.3074 -0.7930
vn -0.3728 0.3083 0.8752
vn -0.3728 0.3083 -0.8752
vn -0.2446 0.2911 0.9249
vn -0.2446 0.2911 -0.9249
vn -0.1443 0.2646 0.9535
vn -0.1443 0.2646 -0.9535
vn -0.0692 0.2347 0.9696
vn -0.0692 0.2347 -0.9696
vn -0.0137 0.2048 0.9787
vn -0.0137 0.2048 -0.9787
vn 0.0272 0.1761 0.9840
vn 0.0272 0.1761 -0.9840
vn 0.0578 0.1488 0.9872
vn 0.0578 0.1488 -0.9872
vn 0.0815 0.1221 0.9892
vn 0.0815 0.1221 -0.9892
vn 0.1005 0.0951 0.9904
vn 0.1005 0.0951 -0.9904
vn 0.1162 0.0663 0.9910
vn 0.1162 0.0663 -0.9910
vn 0.1292 0.0345 0.9910
vn 0.1292 0.0345 -0.9910
vn 0.1392 -0.0006 0.9903
vn 0.1392 -0.0006 -0.9903
vn 0.1456 -0.0383 0.9886
vn 0.1456 -0.0383 -0.9886
vn 0.1477 -0.0756 0.9861
vn 0.1477 -0.0756 -0.9861
vn 0.1457 -0.1086 0.9834
vn 0.1457 -0.1086 -0.9834
vn 0.1408 -0.1340 0.9809
vn 0.1408 -0.1340 -0.9809
vn 0.1352 -0.1502 0.9794
vn 0.1352 -0.1502 -0.9794
vn 0.1309 -0.1582 0.9787
vn 0.1309 -0.1582 -0.9787
vn 0.1295 -0.1600 0.9786
vn 0.1295 -0.1600 -0.9786
vn 0.1321 -0.1581 0.9785
vn 0.1321 -0.1581 -0.9785
vn 0.1398 -0.1542 0.9781
vn 0.1398 -0.1542 -0.9781
vn 0.1539 -0.1496 0.9767
vn 0.1539 -0.1496 -0.9767
vn 0.1771 -0.1450 0.9735
vn 0.1771 -0.1450 -0.9735
vn 0.2144 -0.1403 0.9666
vn 0.2144 -0.1403 -0.9666
vn 0.2776 -0.1353 0.9511
vn 0.2776 -0.1353 -0.9511
vn 0.3974 -0.1276 0.9087
vn 0.3974 -0.1276 -0.9087
vn 0.6440 -0.1066 0.7576
vn 0.6440 -0.1066 -0.7576
vn -0.0000 -0.1504 0.9886
vn -0.0000 -0.1504 -0.9886
vn -0.6439 -0.1066 0.7576
vn -0.6439 -0.1066 -0.7576
vn -0.3974 -0.1276 0.9087
vn -0.3974 -0.1276 -0.9087
vn -0.2775 -0.1353 0.9511
vn -0.2775 -0.1353 -0.9511
vn -0.2144 -0.1403 0.9666
vn -0.2144 -0.1403 -0.9666
vn -0.1771 -0.1450 0.9735
vn -0.1771 -0.1450 -0.9735
vn -0.1539 -0.1496 0.9767
vn -0.1539 -0.1496 -0.9767
vn -0.1398 -0.1542 0.9781
vn -0.1398 -0.1542 -0.9781
vn -0.1321 -0.1581 0.9785
vn -0.1321 -0.1581 -0.9785
vn -0.1295 -0.1600 0.9786
vn -0.1295 -0.1600 -0.9786
vn -0.1309 -0.1582 0.9787
vn -0.1309 -0.1582 -0.9787
vn -0.1352 -0.1502 0.9794
vn -0.1352 -0.1502 -0.9794
vn -0.1408 -0.1340 0.9809
vn -0.1408 -0.1340 -0.9809
vn -0.1457 -0.1086 0.9834
vn -0.1457 -0.1086 -0.9834
vn -0.1477 -0.0756 0.9861
vn -0.1477 -0.0756 -0.9861
vn -0.1456 -0.0383 0.9886
vn -0.1456 -0.0383 -0.9886
vn -0.1392 -0.0006 0.9903
vn -0.1392 -0.0006 -0.9903
vn -0.1292 0.0345 0.9910
vn -0.1292 0.0345 -0.9910
vn -0.1162 0.0663 0.9910
vn -0.1162 0.0663 -0.9910
vn -0.1005 0.0951 0.9904
vn -0.1005 0.0951 -0.9904
vn -0.0815 0.1221 0.9892
vn -0.0815 0.1221 -0.9892
vn -0.0578 0.1488 0.9872
vn -0.0578 0.1488 -0.9872
vn -0.0272 0.1761 0.9840
vn -0.0272 0.1761 -0.9840
vn 0.0137 0.2048 0.9787
vn 0.0137 0.2048 -0.9787
vn 0.0692 0.2347 0.9696
vn 0.0692 0.2347 -0.9696
vn 0.1443 0.2646 0.9535
vn 0.1443 0.2646 -0.9535
vn 0.2446 0.2911 0.9249
vn 0.2446 0.2911 -0.9249
vn 0.3728 0.3083 0.8752
vn 0.3728 0.3083 -0.8752
vn 0.5261 0.3074 0.7930
vn 0.5261 0.3074 -0.7930
vn 0.6905 0.2788 0.6675
vn 0.6905 0.2788 -0.6675
vn 0.8415 0.2174 0.4946
vn 0.8415 0.2174 -0.4946
vn 0.9483 0.1301 0.2896
vn 0.9483 0.1301 -0.2896
vn -0.0000 0.4740 0.8805
vn -0.0000 0.4740 -0.8805
vn -0.9613 0.1325 0.2415
vn -0.9613 0.1325 -0.2415
vn -0.8756 0.2277 0.4260
vn -0.8756 0.2277 -0.4260
vn -0.7434 0.3021 0.5967
vn -0.7434 0.3021 -0.5967
vn -0.5859 0.3442 0.7337
vn -0.5859 0.3442 -0.7337
vn -0.4269 0.3545 0.8319
vn -0.4269 0.3545 -0.8319
vn -0.2854 0.3410 0.8957
vn -0.2854 0.3410 -0.8957
vn -0.1705 0.3137 0.9341
vn -0.1705 0.3137 -0.9341
vn -0.0822 0.2802 0.9564
vn -0.0822 0.2802 -0.9564
vn -0.0162 0.2455 0.9692
vn -0.0162 0.2455 -0.9692
vn 0.0328 0.2117 0.9768
vn 0.0328 0.2117 -0.9768
vn 0.0697 0.1791 0.9814
vn 0.0697 0.1791 -0.9814
vn 0.0983 0.1472 0.9842
vn 0.0983 0.1472 -0.9842
vn 0.1212 0.1146 0.9860
vn 0.1212 0.1146 -0.9860
vn 0.1401 0.0799 0.9869
vn 0.1401 0.0799 -0.9869
vn 0.1558 0.0417 0.9869
vn 0.1558 0.0417 -0.9869
vn 0.1678 -0.0007 0.9858
vn 0.1678 -0.0007 -0.9858
vn 0.1754 -0.0460 0.9834
vn 0.1754 -0.0460 -0.9834
vn 0.1778 -0.0908 0.9799
vn 0.1778 -0.0908 -0.9799
vn 0.1752 -0.1305 0.9758
vn 0.1752 -0.1305 -0.9758
vn 0.1692 -0.1609 0.9724
vn 0.1692 -0.1609 -0.9724
vn 0.1624 -0.1803 0.9701
vn 0.1624 -0.1803 -0.9701
vn 0.1572 -0.1899 0.9691
vn 0.1572 -0.1899 -0.9691
vn 0.1555 -0.1922 0.9690
vn 0.1555 -0.1922 -0.9690
vn 0.1587 -0.1899 0.9689
vn 0.1587 -0.1899 -0.9689
vn 0.1679 -0.1852 0.9682
vn 0.1679 -0.1852 -0.9682
vn 0.1848 -0.1796 0.9662
vn 0.1848 -0.1796 -0.9662
vn 0.2124 -0.1737 0.9616
vn 0.2124 -0.1737 -0.9616
vn 0.2564 -0.1677 0.9519
vn 0.2564 -0.1677 -0.9519
vn 0.3299 -0.1606 0.9303
vn 0.3299 -0.1606 -0.9303
vn 0.4639 -0.1489 0.8733
vn 0.4639 -0.1489 -0.8733
vn 0.7102 -0.1186 0.6939
vn 0.7102 -0.1186 -0.6939
vn -0.0000 -0.1789 0.9839
vn -0.0000 -0.1789 -0.9839
vn -0.7102 -0.1186 0.6939
vn -0.7102 -0.1186 -0.6939
vn -0.4639 -0.1489 0.8733
vn -0.4639 -0.1489 -0.8733
vn -0.3299 -0.1606 0.9303
vn -0.3299 -0.1606 -0.9303
vn -0.2564 -0.1677 0.9519
vn -0.2564 -0.1677 -0.9519
vn -0.2124 -0.1737 0.9616
vn -0.2124 -0.1737 -0.9616
vn -0.1848 -0.1796 0.9662
vn -0.1848 -0.1796 -0.9662
vn -0.1679 -0.1852 0.9682
vn -0.1679 -0.1852 -0.9682
vn -0.1587 -0.1899 0.9689
vn -0.1587 -0.1899 -0.9689
vn -0.1555 -0.1922 0.9690
vn -0.1555 -0.1922 -0.9690
vn -0.1572 -0.1899 0.9691
vn -0.1572 -0.1899 -0.9691
vn -0.1624 -0.1803 0.9701
vn -0.1624 -0.1803 -0.9701
vn -0.1692 -0.1609 0.9724
vn -0.1692 -0.1609 -0.9724
vn -0.1752 -0.1305 0.9758
vn -0.1752 -0.1305 -0.9758
vn -0.1778 -0.0908 0.9799
vn -0.1778 -0.0908 -0.9799
vn -0.1754 -0.0460 0.9834
vn -0.1754 -0.0460 -0.9834
vn -0.1678 -0.0007 0.9858
vn -0.1678 -0.0007 -0.9858
vn -0.1558 0.0417 0.9869
vn -0.1558 0.0417 -0.9869
vn -0.1401 0.0799 0.9869
vn -0.1401 0.0799 -0.9869
vn -0.1212 0.1146 0.9860
vn -0.1212 0.1146 -0.9860
vn -0.0983 0.1472 0.9842
vn -0.0983 0.1472 -0.9842
vn -0.0697 0.1791 0.9814
vn -0.0697 0.1791 -0.9814
vn -0.0328 0.2117 0.9768
vn -0.0328 0.2117 -0.9768
vn 0.0162 0.2455 0.9692
vn 0.0162 0.2455 -0.9692
vn 0.0822 0.2802 0.9564
vn 0.0822 0.2802 -0.9564
vn 0.1705 0.3137 0.9341
vn 0.1705 0.3137 -0.9341
vn 0.2854 0.3410 0.8957
vn 0.2854 0.3410 -0.8957
vn 0.4269 0.3545 0.8319
vn 0.4269 0.3545 -0.8319
vn 0.5859 0.3442 0.7337
vn 0.5859 0.3442 -0.7337
vn 0.7435 0.3021 0.5966
vn 0.7435 0.3021 -0.5966
vn 0.8756 0.2277 0.4261
vn 0.8756 0.2277 -0.4261
vn 0.9613 0.1325 0.2415
vn 0.9613 0.1325 -0.2415
vn -0.0000 0.5413 0.8408
vn -0.0000 0.5413 -0.8408
vn -0.9694 0.1340 0.2055
vn -0.9694 0.1340 -0.2055
vn -0.8986 0.2346 0.3707
vn -0.8986 0.2346 -0.3707
vn -0.7828 0.3196 0.5339
vn -0.7828 0.3196 -0.5339
vn -0.6346 0.3744 0.6762
vn -0.6346 0.3744 -0.6762
vn -0.4743 0.3954 0.7866
vn -0.4743 0.3954 -0.7866
vn -0.3234 0.3877 0.8632
vn -0.3234 0.3877 -0.8632
vn -0.1957 0.3612 0.9117
vn -0.1957 0.3612 -0.9117
vn -0.0951 0.3253 0.9408
vn -0.0951 0.3253 -0.9408
vn -0.0187 0.2864 0.9579
vn -0.0187 0.2864 -0.9579
vn 0.0385 0.2477 0.9681
vn 0.0385 0.2477 -0.9681
vn 0.0818 0.2099 0.9743
vn 0.0818 0.2099 -0.9743
vn 0.1154 0.1727 0.9782
vn 0.1154 0.1727 -0.9782
vn 0.1424 0.1346 0.9806
vn 0.1424 0.1346 -0.9806
vn 0.1647 0.0939 0.9819
vn 0.1647 0.0939 -0.9819
vn 0.1830 0.0490 0.9819
vn 0.1830 0.0490 -0.9819
vn 0.1970 -0.0008 0.9804
vn 0.1970 -0.0008 -0.9804
vn 0.2058 -0.0539 0.9771
vn 0.2058 -0.0539 -0.9771
vn 0.2083 -0.1063 0.9723
vn 0.2083 -0.1063 -0.9723
vn 0.2050 -0.1526 0.9668
vn 0.2050 -0.1526 -0.9668
vn 0.1978 -0.1880 0.9620
vn 0.1978 -0.1880 -0.9620
vn 0.1897 -0.2106 0.9590
vn 0.1897 -0.2106 -0.9590
vn 0.1836 -0.2218 0.9577
vn 0.1836 -0.2218 -0.9577
vn 0.1816 -0.2244 0.9574
vn 0.1816 -0.2244 -0.9574
vn 0.1853 -0.2218 0.9573
vn 0.1853 -0.2218 -0.9573
vn 0.1961 -0.2163 0.9564
vn 0.1961 -0.2163 -0.9564
vn 0.2157 -0.2095 0.9537
vn 0.2157 -0.2095 -0.9537
vn 0.2475 -0.2024 0.9475
vn 0.2475 -0.2024 -0.9475
vn 0.2979 -0.1947 0.9345
vn 0.2979 -0.1947 -0.9345
vn 0.3803 -0.1850 0.9062
vn 0.3803 -0.1850 -0.9062
vn 0.5242 -0.1683 0.8348
vn 0.5242 -0.1683 -0.8348
vn 0.7619 -0.1284 0.6348
vn 0.7619 -0.1284 -0.6348
vn -0.0000 -0.2082 0.9781
vn -0.0000 -0.2082 -0.9781
vn -0.7619 -0.1284 0.6348
vn -0.7619 -0.1284 -0.6348
vn -0.5242 -0.1683 0.8348
vn -0.5242 -0.1683 -0.8348
vn -0.3803 -0.1850 0.9062
vn -0.3803 -0.1850 -0.9062
vn -0.2979 -0.1947 0.9345
vn -0.2979 -0.1947 -0.9345
vn -0.2475 -0.2024 0.9475
vn -0.2475 -0.2024 -0.9475
vn -0.2157 -0.2095 0.9537
vn -0.2157 -0.2095 -0.9537
vn -0.1961 -0.2163 0.9564
vn -0.1961 -0.2163 -0.9564
vn -0.1853 -0.2218 0.9573
vn -0.1853 -0.2218 -0.9573
vn -0.1816 -0.2244 0.9574
vn -0.1816 -0.2244 -0.9574
vn -0.1836 -0.2218 0.9577
vn -0.1836 -0.2218 -0.9577
vn -0.1897 -0.2106 0.9590
vn -0.1897 -0.2106 -0.9590
vn -0.1978 -0.1880 0.9620
vn -0.1978 -0.1880 -0.9620
vn -0.2050 -0.1526 0.9668
vn -0.2050 -0.1526 -0.9668
vn -0.2083 -0.1063 0.9723
vn -0.2083 -0.1063 -0.9723
vn -0.2058 -0.0539 0.9771
vn -0.2058 -0.0539 -0.9771
vn -0.1970 -0.0008 0.9804
vn -0.1970 -0.0008 -0.9804
vn -0.1830 0.0490 0.9819
vn -0.1830 0.0490 -0.9819
vn -0.1647 0.0939 0.9819
vn -0.1647 0.0939 -0.9819
vn -0.1424 0.1346 0.9806
vn -0.1424 0.1346 -0.9806
vn -0.1154 0.1727 0.9782
vn -0.1154 0.1727 -0.9782
vn -0.0818 0.2099 0.9743
vn -0.0818 0.2099 -0.9743
vn -0.0385 0.2477 0.9681
vn -0.0385 0.2477 -0.9681
vn 0.0187 0.2864 0.9579
vn 0.0187 0.2864 -0.9579
vn 0.0951 0.3253 0.9408
vn 0.0951 0.3253 -0.9408
vn 0.1957 0.3612 0.9117
vn 0.1957 0.3612 -0.9117
vn 0.3234 0.3877 0.8632
vn 0.3234 0.3877 -0.8632
vn 0.4743 0.3954 0.7866
vn 0.4743 0.3954 -0.7866
vn 0.6346 0.3744 0.6762
vn 0.6346 0.3744 -0.6762
vn 0.7828 0.3196 0.5340
vn 0.7828 0.3196 -0.5340
vn 0.8986 0.2346 0.3707
vn 0.8986 0.2346 -0.3707
vn 0.9694 0.1340 0.2055
vn 0.9694 0.1340 -0.2055
vn -0.0000 0.6020 0.7985
vn -0.0000 0.6020 -0.7985
vn -0.9748 0.1350 0.1777
vn -0.9748 0.1350 -0.1777
vn -0.9148 0.2395 0.3253
vn -0.9148 0.2395 -0.3253
vn -0.8124 0.3328 0.4788
vn -0.8124 0.3328 -0.4788
vn -0.6742 0.3991 0.6215
vn -0.6742 0.3991 -0.6215
vn -0.5157 0.4314 0.7402
vn -0.5157 0.4314 -0.7402
vn -0.3586 0.4311 0.8280
vn -0.3586 0.4311 -0.8280
vn -0.2200 0.4072 0.8865
vn -0.2200 0.4072 -0.8865
vn -0.1078 0.3700 0.9227
vn -0.1078 0.3700 -0.9227
vn -0.0212 0.3276 0.9446
vn -0.0212 0.3276 -0.9446
vn 0.0443 0.2842 0.9577
vn 0.0443 0.2842 -0.9577
vn 0.0942 0.2414 0.9658
vn 0.0942 0.2414 -0.9658
vn 0.1329 0.1989 0.9710
vn 0.1329 0.1989 -0.9710
vn 0.1641 0.1551 0.9742
vn 0.1641 0.1551 -0.9742
vn 0.1899 0.1083 0.9758
vn 0.1899 0.1083 -0.9758
vn 0.2110 0.0565 0.9758
vn 0.2110 0.0565 -0.9758
vn 0.2271 -0.0008 0.9739
vn 0.2271 -0.0008 -0.9739
vn 0.2369 -0.0619 0.9696
vn 0.2369 -0.0619 -0.9696
vn 0.2395 -0.1222 0.9632
vn 0.2395 -0.1222 -0.9632
vn 0.2353 -0.1751 0.9560
vn 0.2353 -0.1751 -0.9560
vn 0.2267 -0.2154 0.9498
vn 0.2267 -0.2154 -0.9498
vn 0.2172 -0.2411 0.9459
vn 0.2172 -0.2411 -0.9459
vn 0.2101 -0.2539 0.9441
vn 0.2101 -0.2539 -0.9441
vn 0.2078 -0.2569 0.9438
vn 0.2078 -0.2569 -0.9438
vn 0.2121 -0.2538 0.9437
vn 0.2121 -0.2538 -0.9437
vn 0.2244 -0.2475 0.9426
vn 0.2244 -0.2475 -0.9426
vn 0.2467 -0.2396 0.9390
vn 0.2467 -0.2396 -0.9390
vn 0.2826 -0.2309 0.9310
vn 0.2826 -0.2309 -0.9310
vn 0.3387 -0.2213 0.9145
vn 0.3387 -0.2213 -0.9145
vn 0.4286 -0.2085 0.8791
vn 0.4286 -0.2085 -0.8791
vn 0.5788 -0.1861 0.7940
vn 0.5788 -0.1861 -0.7940
vn 0.8026 -0.1364 0.5808
vn 0.8026 -0.1364 -0.5808
vn -0.0000 -0.2384 0.9712
vn -0.0000 -0.2384 -0.9712
vn -0.8026 -0.1364 0.5808
vn -0.8026 -0.1364 -0.5808
vn -0.5788 -0.1861 0.7940
vn -0.5788 -0.1861 -0.7940
vn -0.4286 -0.2085 0.8791
vn -0.4286 -0.2085 -0.8791
vn -0.3387 -0.2213 0.9145
vn -0.3387 -0.2213 -0.9145
vn -0.2826 -0.2309 0.9310
vn -0.2826 -0.2309 -0.9310
vn -0.2467 -0.2396 0.9390
vn -0.2467 -0.2396 -0.9390
vn -0.2244 -0.2475 0.9426
vn -0.2244 -0.2475 -0.9426
vn -0.2121 -0.2538 0.9437
vn -0.2121 -0.2538 -0.9437
vn -0.2078 -0.2569 0.9438
vn -0.2078 -0.2569 -0.9438
vn -0.2101 -0.2539 0.9441
vn -0.2101 -0.2539 -0.9441
vn -0.2172 -0.2411 0.9459
vn -0.2172 -0.2411 -0.9459
vn -0.2267 -0.2154 0.9498
vn -0.2267 -0.2154 -0.9498
vn -0.2353 -0.1751 0.9560
vn -0.2353 -0.1751 -0.9560
vn -0.2395 -0.1222 0.9632
vn -0.2395 -0.1222 -0.9632
vn -0.2369 -0.0619 0.9696
vn -0.2369 -0.0619 -0.9696
vn -0.2271 -0.0008 0.9739
vn -0.2271 -0.0008 -0.9739
vn -0.2110 0.0565 0.9758
vn -0.2110 0.0565 -0.9758
vn -0.1899 0.1083 0.9758
vn -0.1899 0.1083 -0.9758
vn -0.1641 0.1551 0.9742
vn -0.1641 0.1551 -0.9742
vn -0.1329 0.1989 0.9710
vn -0.1329 0.1989 -0.9710
vn -0.0942 0.2414 0.9658
vn -0.0942 0.2414 -0.9658
vn -0.0443 0.2842 0.9577
vn -0.0443 0.2842 -0.9577
vn 0.0212 0.3276 0.9446
vn 0.0212 0.3276 -0.9446
vn 0.1078 0.3700 0.9227
vn 0.1078 0.3700 -0.9227
vn 0.2200 0.4072 0.8865
vn 0.2200 0.4072 -0.8865
vn 0.3586 0.4311 0.8280
vn 0.3586 0.4311 -0.8280
vn 0.5157 0.4314 0.7403
vn 0.5157 0.4314 -0.7403
vn 0.6741 0.3991 0.6215
vn 0.6741 0.3991 -0.6215
vn 0.8124 0.3327 0.4788
vn 0.8124 0.3327 -0.4788
vn 0.9148 0.2395 0.3253
vn 0.9148 0.2395 -0.3253
vn 0.9748 0.1350 0.1777
vn 0.9748 0.1350 -0.1777
vn -0.0000 0.6562 0.7546
vn -0.0000 0.6562 -0.7546
vn -0.9785 0.1356 0.1553
vn -0.9785 0.1356 -0.1553
vn -0.9265 0.2430 0.2875
vn -0.9265 0.2430 -0.2875
vn -0.8351 0.3429 0.4301
vn -0.8351 0.3429 -0.4301
vn -0.7065 0.4194 0.5700
vn -0.7065 0.4194 -0.5700
vn -0.5518 0.4629 0.6937
vn -0.5518 0.4629 -0.6937
vn -0.3909 0.4713 0.7906
vn -0.3909 0.4713 -0.7906
vn -0.2434 0.4515 0.8584
vn -0.2434 0.4515 -0.8584
vn -0.1203 0.4144 0.9021
vn -0.1203 0.4144 -0.9021
vn -0.0236 0.3692 0.9291
vn -0.0236 0.3692 -0.9291
vn 0.0503 0.3215 0.9456
vn 0.0503 0.3215 -0.9456
vn 0.1069 0.2738 0.9558
vn 0.1069 0.2738 -0.9558
vn 0.1511 0.2259 0.9624
vn 0.1511 0.2259 -0.9624
vn 0.1867 0.1764 0.9665
vn 0.1867 0.1764 -0.9665
vn 0.2160 0.1232 0.9686
vn 0.2160 0.1232 -0.9686
vn 0.2401 0.0643 0.9686
vn 0.2401 0.0643 -0.9686
vn 0.2582 -0.0009 0.9661
vn 0.2582 -0.0009 -0.9661
vn 0.2690 -0.0703 0.9606
vn 0.2690 -0.0703 -0.9606
vn 0.2715 -0.1384 0.9525
vn 0.2715 -0.1384 -0.9525
vn 0.2662 -0.1979 0.9434
vn 0.2662 -0.1979 -0.9434
vn 0.2561 -0.2431 0.9356
vn 0.2561 -0.2431 -0.9356
vn 0.2451 -0.2720 0.9306
vn 0.2451 -0.2720 -0.9306
vn 0.2369 -0.2862 0.9284
vn 0.2369 -0.2862 -0.9284
vn 0.2343 -0.2896 0.9280
vn 0.2343 -0.2896 -0.9280
vn 0.2391 -0.2862 0.9278
vn 0.2391 -0.2862 -0.9278
vn 0.2529 -0.2789 0.9264
vn 0.2529 -0.2789 -0.9264
vn 0.2778 -0.2698 0.9220
vn 0.2778 -0.2698 -0.9220
vn 0.3175 -0.2595 0.9121
vn 0.3175 -0.2595 -0.9121
vn 0.3789 -0.2475 0.8918
vn 0.3789 -0.2475 -0.8918
vn 0.4750 -0.2311 0.8491
vn 0.4750 -0.2311 -0.8491
vn 0.6276 -0.2022 0.7518
vn 0.6276 -0.2022 -0.7518
vn 0.8354 -0.1430 0.5307
vn 0.8354 -0.1430 -0.5307
vn -0.0000 -0.2696 0.9630
vn -0.0000 -0.2696 -0.9630
vn -0.8354 -0.1430 0.5307
vn -0.8354 -0.1430 -0.5307
vn -0.6276 -0.2022 0.7518
vn -0.6276 -0.2022 -0.7518
vn -0.4750 -0.2311 0.8491
vn -0.4750 -0.2311 -0.8491
vn -0.3789 -0.2475 0.8917
vn -0.3789 -0.2475 -0.8917
vn -0.3175 -0.2595 0.9121
vn -0.3175 -0.2595 -0.9121
vn -0.2778 -0.2698 0.9220
vn -0.2778 -0.2698 -0.9220
vn -0.2529 -0.2789 0.9264
vn -0.2529 -0.2789 -0.9264
vn -0.2391 -0.2862 0.9278
vn -0.2391 -0.2862 -0.9278
vn -0.2343 -0.2896 0.9280
vn -0.2343 -0.2896 -0.9280
vn -0.2369 -0.2862 0.9284
vn -0.2369 -0.2862 -0.9284
vn -0.2451 -0.2720 0.9306
vn -0.2451 -0.2720 -0.9306
vn -0.2561 -0.2431 0.9356
vn -0.2561 -0.2431 -0.9356
vn -0.2662 -0.1979 0.9434
vn -0.2662 -0.1979 -0.9434
vn -0.2715 -0.1384 0.9525
vn -0.2715 -0.1384 -0.9525
vn -0.2690 -0.0703 0.9606
vn -0.2690 -0.0703 -0.9606
vn -0.2582 -0.0009 0.9661
vn -0.2582 -0.0009 -0.9661
vn -0.2401 0.0643 0.9686
vn -0.2401 0.0643 -0.9686
vn -0.2160 0.1232 0.9686
vn -0.2160 0.1232 -0.9686
vn -0.1867 0.1764 0.9665
vn -0.1867 0.1764 -0.9665
vn -0.1511 0.2259 0.9624
vn -0.1511 0.2259 -0.9624
vn -0.1069 0.2738 0.9558
vn -0.1069 0.2738 -0.9558
vn -0.0503 0.3215 0.9456
vn -0.0503 0.3215 -0.9456
vn 0.0236 0.3692 0.9291
vn 0.0236 0.3692 -0.9291
vn 0.1203 0.4144 0.9021
vn 0.1203 0.4144 -0.9021
vn 0.2434 0.4515 0.8584
vn 0.2434 0.4515 -0.8584
vn 0.3909 0.4713 0.7906
vn 0.3909 0.4713 -0.7906
vn 0.5518 0.4629 0.6937
vn 0.5518 0.4629 -0.6937
vn 0.7065 0.4194 0.5700
vn 0.7065 0.4194 -0.5700
vn 0.8351 0.3429 0.4302
vn 0.8351 0.3429 -0.4302
vn 0.9265 0.2430 0.2875
vn 0.9265 0.2430 -0.2875
vn 0.9785 0.1356 0.1552
vn 0.9785 0.1356 -0.1552
vn 0.0001 0.7047 0.7095
vn 0.0001 0.7047 -0.7095
vn -0.9812 0.1360 0.1367
vn -0.9812 0.1360 -0.1367
vn -0.9352 0.2456 0.2553
vn -0.9352 0.2456 -0.2553
vn -0.8528 0.3508 0.3870
vn -0.8528 0.3508 -0.3870
vn -0.7331 0.4362 0.5218
vn -0.7331 0.4362 -0.5218
vn -0.5834 0.4906 0.6473
vn -0.5834 0.4906 -0.6473
vn -0.4207 0.5085 0.7512
vn -0.4207 0.5085 -0.7513
vn -0.2657 0.4944 0.8276
vn -0.2657 0.4944 -0.8276
vn -0.1327 0.4585 0.8788
vn -0.1327 0.4585 -0.8788
vn -0.0261 0.4113 0.9111
vn -0.0261 0.4113 -0.9111
vn 0.0565 0.3598 0.9313
vn 0.0565 0.3598 -0.9313
vn 0.1201 0.3073 0.9440
vn 0.1201 0.3073 -0.9440
vn 0.1699 0.2540 0.9522
vn 0.1699 0.2540 -0.9522
vn 0.2102 0.1985 0.9573
vn 0.2102 0.1985 -0.9573
vn 0.2434 0.1387 0.9600
vn 0.2434 0.1387 -0.9600
vn 0.2704 0.0724 0.9600
vn 0.2704 0.0724 -0.9600
vn 0.2907 -0.0009 0.9568
vn 0.2907 -0.0009 -0.9568
vn 0.3024 -0.0789 0.9499
vn 0.3024 -0.0789 -0.9499
vn 0.3045 -0.1551 0.9398
vn 0.3045 -0.1551 -0.9398
vn 0.2979 -0.2214 0.9286
vn 0.2979 -0.2214 -0.9286
vn 0.2859 -0.2714 0.9190
vn 0.2859 -0.2714 -0.9190
vn 0.2733 -0.3033 0.9129
vn 0.2733 -0.3033 -0.9129
vn 0.2641 -0.3190 0.9102
vn 0.2641 -0.3190 -0.9102
vn 0.2612 -0.3228 0.9097
vn 0.2612 -0.3228 -0.9097
vn 0.2665 -0.3189 0.9095
vn 0.2665 -0.3189 -0.9095
vn 0.2818 -0.3107 0.9078
vn 0.2818 -0.3107 -0.9078
vn 0.3092 -0.3002 0.9024
vn 0.3092 -0.3002 -0.9024
vn 0.3525 -0.2880 0.8904
vn 0.3525 -0.2880 -0.8904
vn 0.4185 -0.2733 0.8661
vn 0.4185 -0.2733 -0.8661
vn 0.5192 -0.2527 0.8164
vn 0.5192 -0.2527 -0.8164
vn 0.6716 -0.2167 0.7085
vn 0.6716 -0.2167 -0.7085
vn 0.8621 -0.1484 0.4845
vn 0.8621 -0.1484 -0.4845
vn -0.0000 -0.3022 0.9532
vn -0.0000 -0.3022 -0.9532
vn -0.8621 -0.1484 0.4845
vn -0.8621 -0.1484 -0.4845
vn -0.6716 -0.2167 0.7085
vn -0.6716 -0.2167 -0.7085
vn -0.5192 -0.2527 0.8164
vn -0.5192 -0.2527 -0.8164
vn -0.4185 -0.2733 0.8661
vn -0.4185 -0.2733 -0.8661
vn -0.3525 -0.2880 0.8904
vn -0.3525 -0.2880 -0.8904
vn -0.3092 -0.3002 0.9024
vn -0.3092 -0.3002 -0.9024
vn -0.2818 -0.3107 0.9078
vn -0.2818 -0.3107 -0.9078
vn -0.2665 -0.3189 0.9095
vn -0.2665 -0.3189 -0.9095
vn -0.2612 -0.3228 0.9097
vn -0.2612 -0.3228 -0.9097
vn -0.2641 -0.3190 0.9102
vn -0.2641 -0.3190 -0.9102
vn -0.2733 -0.3033 0.9129
vn -0.2733 -0.3033 -0.9129
vn -0.2859 -0.2714 0.9190
vn -0.2859 -0.2714 -0.9190
vn -0.2979 -0.2214 0.9286
vn -0.2979 -0.2214 -0.9286
vn -0.3045 -0.1551 0.9398
vn -0.3045 -0.1551 -0.9398
vn -0.3024 -0.0789 0.9499
vn -0.3024 -0.0789 -0.9499
vn -0.2907 -0.0010 0.9568
vn -0.2907 -0.0010 -0.9568
vn -0.2704 0.0724 0.9600
vn -0.2704 0.0724 -0.9600
vn -0.2434 0.1387 0.9600
vn -0.2434 0.1387 -0.9600
vn -0.2102 0.1985 0.9573
vn -0.2102 0.1985 -0.9573
vn -0.1699 0.2540 0.9522
vn -0.1699 0.2540 -0.9522
vn -0.1201 0.3073 0.9440
vn -0.1201 0.3073 -0.9440
vn -0.0564 0.3598 0.9313
vn -0.0564 0.3598 -0.9313
vn 0.0261 0.4113 0.9111
vn 0.0261 0.4113 -0.9111
vn 0.1327 0.4585 0.8788
vn 0.1327 0.4585 -0.8788
vn 0.2657 0.4944 0.8276
vn 0.2657 0.4944 -0.8276
vn 0.4207 0.5085 0.7512
vn 0.4207 0.5085 -0.7512
vn 0.5834 0.4906 0.6473
vn 0.5834 0.4906 -0.6473
vn 0.7331 0.4362 0.5218
vn 0.7331 0.4362 -0.5218
vn 0.8528 0.3508 0.3870
vn 0.8528 0.3508 -0.3870
vn 0.9351 0.2456 0.2553
vn 0.9351 0.2456 -0.2553
vn 0.9812 0.1360 0.1367
vn 0.9812 0.1360 -0.1367
vn 0.0001 0.7481 0.6636
vn 0.0001 0.7481 -0.6636
vn -0.9832 0.1364 0.1210
vn -0.9832 0.1364 -0.1210
vn -0.9418 0.2476 0.2274
vn -0.9418 0.2476 -0.2274
vn -0.8668 0.3570 0.3482
vn -0.8668 0.3570 -0.3482
vn -0.7552 0.4503 0.4764
vn -0.7552 0.4503 -0.4764
vn -0.6109 0.5149 0.6013
vn -0.6109 0.5149 -0.6013
vn -0.4482 0.5430 0.7101
vn -0.4482 0.5430 -0.7101
vn -0.2873 0.5358 0.7939
vn -0.2873 0.5358 -0.7939
vn -0.1450 0.5025 0.8523
vn -0.1450 0.5025 -0.8523
vn -0.0285 0.4543 0.8904
vn -0.0285 0.4543 -0.8904
vn 0.0628 0.3995 0.9146
vn 0.0628 0.3995 -0.9146
vn 0.1338 0.3423 0.9300
vn 0.1338 0.3423 -0.9300
vn 0.1898 0.2835 0.9400
vn 0.1898 0.2835 -0.9400
vn 0.2350 0.2219 0.9463
vn 0.2350 0.2219 -0.9463
vn 0.2723 0.1552 0.9496
vn 0.2723 0.1552 -0.9496
vn 0.3025 0.0811 0.9497
vn 0.3025 0.0811 -0.9497
vn 0.3249 -0.0010 0.9458
vn 0.3249 -0.0010 -0.9458
vn 0.3374 -0.0879 0.9373
vn 0.3374 -0.0879 -0.9373
vn 0.3388 -0.1724 0.9249
vn 0.3388 -0.1724 -0.9249
vn 0.3306 -0.2455 0.9113
vn 0.3306 -0.2455 -0.9113
vn 0.3166 -0.3005 0.8997
vn 0.3166 -0.3005 -0.8997
vn 0.3022 -0.3353 0.8924
vn 0.3022 -0.3353 -0.8924
vn 0.2918 -0.3525 0.8892
vn 0.2918 -0.3525 -0.8892
vn 0.2885 -0.3566 0.8886
vn 0.2885 -0.3566 -0.8886
vn 0.2944 -0.3523 0.8883
vn 0.2944 -0.3524 -0.8883
vn 0.3112 -0.3431 0.8862
vn 0.3112 -0.3431 -0.8862
vn 0.3411 -0.3311 0.8798
vn 0.3411 -0.3311 -0.8798
vn 0.3877 -0.3167 0.8657
vn 0.3877 -0.3167 -0.8657
vn 0.4577 -0.2989 0.8374
vn 0.4577 -0.2989 -0.8374
vn 0.5616 -0.2734 0.7809
vn 0.5616 -0.2734 -0.7809
vn 0.7111 -0.2300 0.6644
vn 0.7111 -0.2300 -0.6644
vn 0.8841 -0.1530 0.4416
vn 0.8841 -0.1530 -0.4416
vn -0.0000 -0.3368 0.9416
vn -0.0000 -0.3368 -0.9416
vn -0.8841 -0.1530 0.4416
vn -0.8841 -0.1530 -0.4416
vn -0.7111 -0.2300 0.6644
vn -0.7111 -0.2300 -0.6644
vn -0.5616 -0.2734 0.7809
vn -0.5616 -0.2734 -0.7809
vn -0.4577 -0.2989 0.8374
vn -0.4577 -0.2989 -0.8374
vn -0.3877 -0.3167 0.8657
vn -0.3877 -0.3167 -0.8657
vn -0.3411 -0.3311 0.8798
vn -0.3411 -0.3311 -0.8798
vn -0.3112 -0.3431 0.8862
vn -0.3112 -0.3431 -0.8862
vn -0.2944 -0.3523 0.8883
vn -0.2944 -0.3523 -0.8883
vn -0.2885 -0.3566 0.8886
vn -0.2885 -0.3566 -0.8886
vn -0.2918 -0.3525 0.8892
vn -0.2918 -0.3525 -0.8892
vn -0.3022 -0.3353 0.8924
vn -0.3022 -0.3353 -0.8924
vn -0.3166 -0.3005 0.8997
vn -0.3166 -0.3005 -0.8997
vn -0.3306 -0.2455 0.9113
vn -0.3306 -0.2455 -0.9113
vn -0.3388 -0.1724 0.9249
vn -0.3388 -0.1724 -0.9249
vn -0.3374 -0.0879 0.9373
vn -0.3374 -0.0879 -0.9373
vn -0.3249 -0.0010 0.9458
vn -0.3249 -0.0010 -0.9458
vn -0.3025 0.0810 0.9497
vn -0.3025 0.0810 -0.9497
vn -0.2723 0.1552 0.9496
vn -0.2723 0.1552 -0.9496
vn -0.2350 0.2219 0.9463
vn -0.2350 0.2219 -0.9463
vn -0.1898 0.2835 0.9400
vn -0.1898 0.2835 -0.9400
vn -0.1338 0.3423 0.9300
vn -0.1338 0.3423 -0.9300
vn -0.0628 0.3995 0.9146
vn -0.0628 0.3995 -0.9146
vn 0.0285 0.4543 0.8904
vn 0.0285 0.4543 -0.8904
vn 0.1450 0.5025 0.8523
vn 0.1450 0.5025 -0.8523
vn 0.2873 0.5358 0.7939
vn 0.2873 0.5358 -0.7939
vn 0.4482 0.5430 0.7101
vn 0.4482 0.5430 -0.7101
vn 0.6109 0.5149 0.6013
vn 0.6109 0.5149 -0.6013
vn 0.7552 0.4503 0.4764
vn 0.7552 0.4503 -0.4764
vn 0.8667 0.3571 0.3482
vn 0.8667 0.3571 -0.3482
vn 0.9418 0.2476 0.2274
vn 0.9418 0.2476 -0.2274
vn 0.9832 0.1364 0.1210
vn 0.9832 0.1364 -0.1210
vn 0.0001 0.7871 0.6169
vn 0.0001 0.7871 -0.6169
vn -0.9848 0.1367 0.1073
vn -0.9848 0.1367 -0.1073
vn -0.9470 0.2492 0.2026
vn -0.9470 0.2492 -0.2026
vn -0.8780 0.3621 0.3129
vn -0.8780 0.3621 -0.3129
vn -0.7738 0.4621 0.4333
vn -0.7738 0.4621 -0.4333
vn -0.6352 0.5365 0.5556
vn -0.6352 0.5365 -0.5556
vn -0.4736 0.5751 0.6670
vn -0.4736 0.5751 -0.6670
vn -0.3081 0.5761 0.7571
vn -0.3081 0.5761 -0.7571
vn -0.1573 0.5468 0.8224
vn -0.1573 0.5468 -0.8224
vn -0.0310 0.4986 0.8663
vn -0.0310 0.4986 -0.8663
vn 0.0696 0.4410 0.8948
vn 0.0696 0.4410 -0.8948
vn 0.1484 0.3793 0.9133
vn 0.1484 0.3793 -0.9133
vn 0.2109 0.3149 0.9254
vn 0.2109 0.3149 -0.9254
vn 0.2615 0.2469 0.9331
vn 0.2615 0.2469 -0.9331
vn 0.3033 0.1728 0.9371
vn 0.3033 0.1728 -0.9371
vn 0.3370 0.0903 0.9372
vn 0.3370 0.0903 -0.9372
vn 0.3615 -0.0011 0.9324
vn 0.3615 -0.0011 -0.9324
vn 0.3746 -0.0975 0.9221
vn 0.3746 -0.0975 -0.9221
vn 0.3751 -0.1907 0.9072
vn 0.3751 -0.1907 -0.9072
vn 0.3647 -0.2708 0.8909
vn 0.3647 -0.2708 -0.8909
vn 0.3484 -0.3305 0.8771
vn 0.3484 -0.3305 -0.8771
vn 0.3319 -0.3682 0.8685
vn 0.3319 -0.3682 -0.8685
vn 0.3203 -0.3869 0.8647
vn 0.3203 -0.3869 -0.8647
vn 0.3167 -0.3914 0.8640
vn 0.3167 -0.3914 -0.8640
vn 0.3231 -0.3867 0.8637
vn 0.3231 -0.3867 -0.8637
vn 0.3414 -0.3764 0.8613
vn 0.3414 -0.3764 -0.8613
vn 0.3736 -0.3626 0.8538
vn 0.3736 -0.3626 -0.8538
vn 0.4234 -0.3458 0.8374
vn 0.4234 -0.3458 -0.8374
vn 0.4967 -0.3244 0.8050
vn 0.4967 -0.3244 -0.8050
vn 0.6024 -0.2935 0.7423
vn 0.6024 -0.2935 -0.7423
vn 0.7470 -0.2421 0.6192
vn 0.7470 -0.2421 -0.6192
vn 0.9025 -0.1570 0.4011
vn 0.9025 -0.1570 -0.4011
vn -0.0000 -0.3739 0.9275
vn -0.0000 -0.3739 -0.9275
vn -0.9025 -0.1570 0.4011
vn -0.9025 -0.1570 -0.4011
vn -0.7470 -0.2421 0.6192
vn -0.7470 -0.2421 -0.6192
vn -0.6024 -0.2935 0.7423
vn -0.6024 -0.2935 -0.7423
vn -0.4967 -0.3244 0.8050
vn -0.4967 -0.3244 -0.8050
vn -0.4234 -0.3458 0.8374
vn -0.4234 -0.3458 -0.8374
vn -0.3736 -0.3626 0.8538
vn -0.3736 -0.3626 -0.8538
vn -0.3414 -0.3764 0.8613
vn -0.3414 -0.3764 -0.8613
vn -0.3232 -0.3867 0.8637
vn -0.3232 -0.3867 -0.8637
vn -0.3167 -0.3914 0.8640
vn -0.3167 -0.3914 -0.8640
vn -0.3203 -0.3869 0.8647
vn -0.3203 -0.3869 -0.8647
vn -0.3319 -0.3682 0.8685
vn -0.3319 -0.3682 -0.8685
vn -0.3484 -0.3305 0.8771
vn -0.3484 -0.3305 -0.8771
vn -0.3647 -0.2708 0.8909
vn -0.3647 -0.2708 -0.8909
vn -0.3751 -0.1907 0.9072
vn -0.3751 -0.1907 -0.9072
vn -0.3746 -0.0975 0.9221
vn -0.3746 -0.0975 -0.9221
vn -0.3615 -0.0011 0.9324
vn -0.3615 -0.0011 -0.9324
vn -0.3370 0.0903 0.9372
vn -0.3370 0.0903 -0.9372
vn -0.3033 0.1728 0.9371
vn -0.3033 0.1728 -0.9371
vn -0.2615 0.2469 0.9331
vn -0.2615 0.2469 -0.9331
vn -0.2109 0.3149 0.9254
vn -0.2109 0.3149 -0.9254
vn -0.1484 0.3793 0.9133
vn -0.1484 0.3793 -0.9133
vn -0.0695 0.4410 0.8948
vn -0.0695 0.4410 -0.8948
vn 0.0310 0.4986 0.8663
vn 0.0310 0.4986 -0.8663
vn 0.1573 0.5468 0.8224
vn 0.1573 0.5468 -0.8224
vn 0.3081 0.5761 0.7571
vn 0.3081 0.5761 -0.7571
vn 0.4736 0.5751 0.6670
vn 0.4736 0.5751 -0.6670
vn 0.6352 0.5365 0.5556
vn 0.6352 0.5365 -0.5556
vn 0.7738 0.4621 0.4333
vn 0.7738 0.4621 -0.4333
vn 0.8780 0.3621 0.3129
vn 0.8780 0.3621 -0.3129
vn 0.9470 0.2492 0.2026
vn 0.9470 0.2492 -0.2026
vn 0.9848 0.1367 0.1073
vn 0.9848 0.1367 -0.1073
vn -0.0000 0.8221 0.5693
vn -0.0000 0.8221 -0.5693
vn -0.9860 0.1369 0.0950
vn -0.9860 0.1369 -0.0950
vn -0.9512 0.2505 0.1801
vn -0.9512 0.2505 -0.1801
vn -0.8873 0.3664 0.2801
vn -0.8873 0.3664 -0.2801
vn -0.7896 0.4722 0.3919
vn -0.7896 0.4722 -0.3919
vn -0.6568 0.5558 0.5096
vn -0.6568 0.5558 -0.5096
vn -0.4972 0.6052 0.6217
vn -0.4972 0.6052 -0.6217
vn -0.3284 0.6156 0.7164
vn -0.3284 0.6156 -0.7164
vn -0.1696 0.5918 0.7880
vn -0.1696 0.5918 -0.7880
vn -0.0335 0.5448 0.8379
vn -0.0335 0.5448 -0.8379
vn 0.0767 0.4851 0.8711
vn 0.0767 0.4851 -0.8711
vn 0.1642 0.4191 0.8930
vn 0.1642 0.4191 -0.8930
vn 0.2339 0.3491 0.9075
vn 0.2339 0.3491 -0.9075
vn 0.2905 0.2742 0.9167
vn 0.2905 0.2742 -0.9167
vn 0.3372 0.1922 0.9216
vn 0.3372 0.1922 -0.9216
vn 0.3747 0.1004 0.9217
vn 0.3747 0.1004 -0.9217
vn 0.4014 -0.0011 0.9159
vn 0.4014 -0.0011 -0.9159
vn 0.4149 -0.1079 0.9034
vn 0.4149 -0.1079 -0.9034
vn 0.4140 -0.2104 0.8857
vn 0.4140 -0.2104 -0.8857
vn 0.4010 -0.2976 0.8664
vn 0.4010 -0.2976 -0.8664
vn 0.3818 -0.3621 0.8503
vn 0.3818 -0.3621 -0.8503
vn 0.3630 -0.4027 0.8403
vn 0.3630 -0.4027 -0.8403
vn 0.3500 -0.4228 0.8359
vn 0.3500 -0.4228 -0.8359
vn 0.3460 -0.4276 0.8351
vn 0.3460 -0.4276 -0.8351
vn 0.3530 -0.4225 0.8348
vn 0.3530 -0.4225 -0.8348
vn 0.3728 -0.4110 0.8319
vn 0.3728 -0.4110 -0.8319
vn 0.4073 -0.3953 0.8233
vn 0.4073 -0.3953 -0.8233
vn 0.4599 -0.3757 0.8046
vn 0.4599 -0.3757 -0.8046
vn 0.5359 -0.3500 0.7683
vn 0.5359 -0.3500 -0.7683
vn 0.6419 -0.3129 0.7000
vn 0.6419 -0.3129 -0.7000
vn 0.7797 -0.2532 0.5727
vn 0.7797 -0.2532 -0.5727
vn 0.9182 -0.1603 0.3622
vn 0.9182 -0.1603 -0.3622
vn -0.0000 -0.4146 0.9100
vn -0.0000 -0.4146 -0.9100
vn -0.9182 -0.1603 0.3622
vn -0.9182 -0.1603 -0.3622
vn -0.7797 -0.2532 0.5727
vn -0.7797 -0.2532 -0.5727
vn -0.6419 -0.3129 0.7000
vn -0.6419 -0.3129 -0.7000
vn -0.5359 -0.3500 0.7683
vn -0.5359 -0.3500 -0.7683
vn -0.4599 -0.3757 0.8046
vn -0.4599 -0.3757 -0.8046
vn -0.4073 -0.3953 0.8233
vn -0.4073 -0.3953 -0.8233
vn -0.3728 -0.4110 0.8319
vn -0.3728 -0.4110 -0.8319
vn -0.3530 -0.4225 0.8348
vn -0.3530 -0.4225 -0.8348
vn -0.3460 -0.4276 0.8351
vn -0.3460 -0.4276 -0.8351
vn -0.3500 -0.4228 0.8359
vn -0.3500 -0.4228 -0.8359
vn -0.3630 -0.4027 0.8403
vn -0.3630 -0.4027 -0.8403
vn -0.3818 -0.3621 0.8503
vn -0.3818 -0.3621 -0.8503
vn -0.4010 -0.2976 0.8664
vn -0.4010 -0.2976 -0.8664
vn -0.4140 -0.2104 0.8857
vn -0.4140 -0.2104 -0.8857
vn -0.4149 -0.1079 0.9034
vn -0.4149 -0.1079 -0.9034
vn -0.4014 -0.0011 0.9159
vn -0.4014 -0.0011 -0.9159
vn -0.3747 0.1004 0.9217
vn -0.3747 0.1004 -0.9217
vn -0.3372 0.1922 0.9216
vn -0.3372 0.1922 -0.9216
vn -0.2905 0.2742 0.9167
vn -0.2905 0.2742 -0.9167
vn -0.2339 0.3491 0.9075
vn -0.2339 0.3491 -0.9075
vn -0.1642 0.4191 0.8930
vn -0.1642 0.4191 -0.8930
vn -0.0767 0.4851 0.8711
vn -0.0767 0.4851 -0.8711
vn 0.0335 0.5448 0.8379
vn 0.0335 0.5448 -0.8379
vn 0.1696 0.5918 0.7880
vn 0.1696 0.5918 -0.7880
vn 0.3284 0.6156 0.7164
vn 0.3284 0.6156 -0.7164
vn 0.4972 0.6052 0.6217
vn 0.4972 0.6052 -0.6217
vn 0.6568 0.5558 0.5096
vn 0.6568 0.5558 -0.5096
vn 0.7896 0.4722 0.3919
vn 0.7896 0.4722 -0.3919
vn 0.8873 0.3664 0.2801
vn 0.8873 0.3664 -0.2801
vn 0.9512 0.2505 0.1801
vn 0.9512 0.2505 -0.1801
vn 0.9860 0.1369 0.0950
vn 0.9860 0.1369 -0.0950
vn -0.0001 0.8543 0.5197
vn -0.0001 0.8543 -0.5197
vn -0.9870 0.1371 0.0836
vn -0.9870 0.1371 -0.0836
vn -0.9547 0.2516 0.1591
vn -0.9547 0.2516 -0.1591
vn -0.8951 0.3700 0.2487
vn -0.8951 0.3700 -0.2487
vn -0.8033 0.4810 0.3513
vn -0.8033 0.4810 -0.3513
vn -0.6763 0.5733 0.4626
vn -0.6763 0.5733 -0.4626
vn -0.5195 0.6338 0.5730
vn -0.5195 0.6338 -0.5730
vn -0.3484 0.6549 0.6707
vn -0.3484 0.6549 -0.6707
vn -0.1823 0.6384 0.7478
vn -0.1823 0.6384 -0.7478
vn -0.0361 0.5941 0.8036
vn -0.0361 0.5941 -0.8036
vn 0.0846 0.5331 0.8418
vn 0.0846 0.5331 -0.8418
vn 0.1816 0.4631 0.8675
vn 0.1816 0.4631 -0.8675
vn 0.2595 0.3872 0.8847
vn 0.2595 0.3872 -0.8847
vn 0.3231 0.3049 0.8959
vn 0.3231 0.3049 -0.8959
vn 0.3755 0.2139 0.9018
vn 0.3755 0.2139 -0.9018
vn 0.4172 0.1118 0.9019
vn 0.4172 0.1118 -0.9019
vn 0.4463 -0.0011 0.8949
vn 0.4463 -0.0011 -0.8949
vn 0.4598 -0.1194 0.8800
vn 0.4598 -0.1194 -0.8800
vn 0.4567 -0.2319 0.8589
vn 0.4567 -0.2319 -0.8589
vn 0.4404 -0.3266 0.8363
vn 0.4404 -0.3266 -0.8363
vn 0.4177 -0.3961 0.8177
vn 0.4177 -0.3961 -0.8177
vn 0.3962 -0.4395 0.8061
vn 0.3962 -0.4395 -0.8061
vn 0.3816 -0.4609 0.8012
vn 0.3816 -0.4609 -0.8012
vn 0.3771 -0.4662 0.8003
vn 0.3771 -0.4662 -0.8003
vn 0.3848 -0.4605 0.7999
vn 0.3848 -0.4605 -0.7999
vn 0.4061 -0.4477 0.7967
vn 0.4061 -0.4477 -0.7967
vn 0.4428 -0.4298 0.7869
vn 0.4428 -0.4298 -0.7869
vn 0.4980 -0.4068 0.7659
vn 0.4980 -0.4068 -0.7659
vn 0.5758 -0.3762 0.7259
vn 0.5758 -0.3762 -0.7259
vn 0.6808 -0.3321 0.6529
vn 0.6808 -0.3321 -0.6529
vn 0.8101 -0.2635 0.5237
vn 0.8101 -0.2635 -0.5237
vn 0.9320 -0.1631 0.3238
vn 0.9320 -0.1631 -0.3238
vn -0.0000 -0.4606 0.8876
vn -0.0000 -0.4606 -0.8876
vn -0.9320 -0.1631 0.3238
vn -0.9320 -0.1631 -0.3238
vn -0.8101 -0.2635 0.5237
vn -0.8101 -0.2635 -0.5237
vn -0.6808 -0.3321 0.6529
vn -0.6808 -0.3321 -0.6529
vn -0.5758 -0.3762 0.7259
vn -0.5758 -0.3762 -0.7259
vn -0.4980 -0.4068 0.7659
vn -0.4980 -0.4068 -0.7659
vn -0.4428 -0.4298 0.7869
vn -0.4428 -0.4298 -0.7869
vn -0.4061 -0.4477 0.7967
vn -0.4061 -0.4477 -0.7967
vn -0.3848 -0.4605 0.7999
vn -0.3848 -0.4605 -0.7999
vn -0.3771 -0.4662 0.8003
vn -0.3771 -0.4662 -0.8003
vn -0.3816 -0.4609 0.8012
vn -0.3816 -0.4609 -0.8012
vn -0.3962 -0.4395 0.8061
vn -0.3962 -0.4395 -0.8061
vn -0.4177 -0.3961 0.8177
vn -0.4177 -0.3961 -0.8177
vn -0.4404 -0.3266 0.8363
vn -0.4404 -0.3266 -0.8363
vn -0.4567 -0.2319 0.8589
vn -0.4567 -0.2319 -0.8589
vn -0.4598 -0.1194 0.8800
vn -0.4598 -0.1194 -0.8800
vn -0.4463 -0.0011 0.8949
vn -0.4463 -0.0011 -0.8949
vn -0.4172 0.1118 0.9019
vn -0.4172 0.1118 -0.9019
vn -0.3755 0.2139 0.9018
vn -0.3755 0.2139 -0.9018
vn -0.3231 0.3049 0.8959
vn -0.3231 0.3049 -0.8959
vn -0.2595 0.3872 0.8847
vn -0.2595 0.3872 -0.8847
vn -0.1816 0.4631 0.8675
vn -0.1816 0.4631 -0.8675
vn -0.0846 0.5331 0.8418
vn -0.0846 0.5331 -0.8418
vn 0.0362 0.5941 0.8036
vn 0.0362 0.5941 -0.8036
vn 0.1823 0.6384 0.7478
vn 0.1823 0.6384 -0.7478
vn 0.3484 0.6549 0.6707
vn 0.3484 0.6549 -0.6707
vn 0.5195 0.6338 0.5730
vn 0.5195 0.6338 -0.5730
vn 0.6763 0.5733 0.4626
vn 0.6763 0.5733 -0.4626
vn 0.8033 0.4810 0.3513
vn 0.8033 0.4810 -0.3513
vn 0.8951 0.3699 0.2487
vn 0.8951 0.3699 -0.2487
vn 0.9547 0.2515 0.1591
vn 0.9547 0.2515 -0.1591
vn 0.9870 0.1371 0.0837
vn 0.9870 0.1371 -0.0837
vn -0.0001 0.8845 0.4665
vn -0.0001 0.8845 -0.4665
vn -0.9879 0.1373 0.0727
vn -0.9879 0.1373 -0.0727
vn -0.9576 0.2525 0.1385
vn -0.9576 0.2525 -0.1385
vn -0.9019 0.3731 0.2175
vn -0.9019 0.3731 -0.2175
vn -0.8154 0.4890 0.3097
vn -0.8154 0.4890 -0.3097
vn -0.6942 0.5896 0.4128
vn -0.6942 0.5896 -0.4128
vn -0.5411 0.6617 0.5190
vn -0.5411 0.6617 -0.5190
vn -0.3685 0.6950 0.6174
vn -0.3685 0.6950 -0.6174
vn -0.1956 0.6880 0.6989
vn -0.1956 0.6880 -0.6989
vn -0.0389 0.6485 0.7602
vn -0.0389 0.6485 -0.7602
vn 0.0936 0.5875 0.8038
vn 0.0936 0.5875 -0.8038
vn 0.2017 0.5139 0.8338
vn 0.2017 0.5139 -0.8338
vn 0.2895 0.4317 0.8543
vn 0.2895 0.4317 -0.8543
vn 0.3616 0.3411 0.8677
vn 0.3616 0.3411 -0.8677
vn 0.4209 0.2398 0.8748
vn 0.4209 0.2398 -0.8748
vn 0.4676 0.1254 0.8750
vn 0.4676 0.1254 -0.8750
vn 0.4992 -0.0011 0.8665
vn 0.4992 -0.0011 -0.8665
vn 0.5122 -0.1327 0.8486
vn 0.5122 -0.1327 -0.8486
vn 0.5058 -0.2565 0.8236
vn 0.5058 -0.2565 -0.8236
vn 0.4848 -0.3593 0.7974
vn 0.4848 -0.3593 -0.7974
vn 0.4577 -0.4338 0.7761
vn 0.4577 -0.4338 -0.7761
vn 0.4329 -0.4801 0.7630
vn 0.4329 -0.4801 -0.7630
vn 0.4164 -0.5030 0.7574
vn 0.4164 -0.5030 -0.7574
vn 0.4114 -0.5086 0.7564
vn 0.4114 -0.5086 -0.7564
vn 0.4198 -0.5023 0.7560
vn 0.4198 -0.5023 -0.7560
vn 0.4426 -0.4880 0.7523
vn 0.4426 -0.4880 -0.7523
vn 0.4816 -0.4674 0.7414
vn 0.4816 -0.4674 -0.7414
vn 0.5389 -0.4402 0.7182
vn 0.5389 -0.4402 -0.7182
vn 0.6178 -0.4037 0.6748
vn 0.6178 -0.4037 -0.6748
vn 0.7200 -0.3515 0.5984
vn 0.7200 -0.3515 -0.5984
vn 0.8391 -0.2734 0.4703
vn 0.8391 -0.2734 -0.4703
vn 0.9443 -0.1657 0.2845
vn 0.9443 -0.1657 -0.2845
vn -0.0000 -0.5154 0.8569
vn -0.0000 -0.5154 -0.8569
vn -0.9443 -0.1657 0.2845
vn -0.9443 -0.1657 -0.2845
vn -0.8391 -0.2734 0.4703
vn -0.8391 -0.2734 -0.4703
vn -0.7200 -0.3514 0.5984
vn -0.7200 -0.3514 -0.5984
vn -0.6178 -0.4037 0.6748
vn -0.6178 -0.4037 -0.6748
vn -0.5389 -0.4402 0.7182
vn -0.5389 -0.4402 -0.7182
vn -0.4816 -0.4674 0.7414
vn -0.4816 -0.4674 -0.7414
vn -0.4426 -0.4880 0.7523
vn -0.4426 -0.4880 -0.7523
vn -0.4198 -0.5023 0.7560
vn -0.4198 -0.5023 -0.7560
vn -0.4114 -0.5086 0.7564
vn -0.4114 -0.5086 -0.7564
vn -0.4164 -0.5030 0.7574
vn -0.4164 -0.5030 -0.7574
vn -0.4329 -0.4801 0.7630
vn -0.4329 -0.4801 -0.7630
vn -0.4577 -0.4338 0.7761
vn -0.4577 -0.4338 -0.7761
vn -0.4848 -0.3593 0.7974
vn -0.4848 -0.3593 -0.7974
vn -0.5058 -0.2565 0.8236
vn -0.5058 -0.2565 -0.8236
vn -0.5122 -0.1327 0.8486
vn -0.5122 -0.1327 -0.8486
vn -0.4992 -0.0011 0.8665
vn -0.4992 -0.0011 -0.8665
vn -0.4676 0.1254 0.8750
vn -0.4676 0.1254 -0.8750
vn -0.4209 0.2398 0.8748
vn -0.4209 0.2398 -0.8748
vn -0.3616 0.3411 0.8677
vn -0.3616 0.3411 -0.8677
vn -0.2895 0.4317 0.8543
vn -0.2895 0.4317 -0.8543
vn -0.2017 0.5139 0.8338
vn -0.2017 0.5139 -0.8338
vn -0.0936 0.5875 0.8038
vn -0.0936 0.5875 -0.8038
vn 0.0389 0.6485 0.7602
vn 0.0389 0.6485 -0.7602
vn 0.1956 0.6880 0.6989
vn 0.1956 0.6880 -0.6989
vn 0.3685 0.6950 0.6174
vn 0.3685 0.6950 -0.6174
vn 0.5411 0.6617 0.5190
vn 0.5411 0.6617 -0.5190
vn 0.6942 0.5896 0.4128
vn 0.6942 0.5896 -0.4128
vn 0.8154 0.4890 0.3097
vn 0.8154 0.4890 -0.3097
vn 0.9019 0.3731 0.2175
vn 0.9019 0.3731 -0.2175
vn 0.9576 0.2525 0.1385
vn 0.9576 0.2525 -0.1385
vn 0.9879 0.1373 0.0727
vn 0.9879 0.1373 -0.0727
vn -0.0002 0.9141 0.4056
vn -0.0002 0.9141 -0.4056
vn -0.9886 0.1377 0.0612
vn -0.9886 0.1377 -0.0612
vn -0.9602 0.2536 0.1167
vn -0.9602 0.2536 -0.1167
vn -0.9080 0.3763 0.1842
vn -0.9080 0.3763 -0.1842
vn -0.8267 0.4967 0.2642
vn -0.8267 0.4967 -0.2642
vn -0.7115 0.6058 0.3561
vn -0.7115 0.6058 -0.3561
vn -0.5627 0.6904 0.4547
vn -0.5627 0.6904 -0.4547
vn -0.3899 0.7382 0.5504
vn -0.3899 0.7382 -0.5504
vn -0.2104 0.7442 0.6339
vn -0.2104 0.7442 -0.6339
vn -0.0419 0.7128 0.7001
vn -0.0419 0.7128 -0.7001
vn 0.1048 0.6541 0.7491
vn 0.1048 0.6541 -0.7491
vn 0.2272 0.5776 0.7841
vn 0.2272 0.5776 -0.7841
vn 0.3280 0.4886 0.8085
vn 0.3280 0.4886 -0.8085
vn 0.4114 0.3878 0.8248
vn 0.4114 0.3878 -0.8248
vn 0.4800 0.2734 0.8336
vn 0.4800 0.2734 -0.8336
vn 0.5333 0.1431 0.8337
vn 0.5333 0.1431 -0.8337
vn 0.5676 -0.0011 0.8233
vn 0.5676 -0.0011 -0.8233
vn 0.5788 -0.1496 0.8017
vn 0.5788 -0.1496 -0.8017
vn 0.5669 -0.2871 0.7721
vn 0.5669 -0.2871 -0.7721
vn 0.5390 -0.3991 0.7418
vn 0.5390 -0.3991 -0.7418
vn 0.5056 -0.4790 0.7176
vn 0.5056 -0.4790 -0.7176
vn 0.4764 -0.5282 0.7029
vn 0.4764 -0.5282 -0.7029
vn 0.4574 -0.5525 0.6968
vn 0.4574 -0.5525 -0.6968
vn 0.4518 -0.5585 0.6957
vn 0.4518 -0.5585 -0.6957
vn 0.4609 -0.5515 0.6952
vn 0.4609 -0.5515 -0.6952
vn 0.4855 -0.5352 0.6912
vn 0.4855 -0.5352 -0.6912
vn 0.5267 -0.5111 0.6792
vn 0.5267 -0.5111 -0.6792
vn 0.5859 -0.4785 0.6540
vn 0.5859 -0.4785 -0.6540
vn 0.6646 -0.4343 0.6080
vn 0.6646 -0.4343 -0.6080
vn 0.7618 -0.3720 0.5303
vn 0.7618 -0.3720 -0.5303
vn 0.8683 -0.2831 0.4074
vn 0.8683 -0.2831 -0.4074
vn 0.9561 -0.1677 0.2404
vn 0.9561 -0.1677 -0.2404
vn -0.0000 -0.5875 0.8092
vn -0.0000 -0.5875 -0.8092
vn -0.9561 -0.1677 0.2404
vn -0.9561 -0.1677 -0.2404
vn -0.8683 -0.2831 0.4074
vn -0.8683 -0.2831 -0.4074
vn -0.7618 -0.3720 0.5303
vn -0.7618 -0.3720 -0.5303
vn -0.6646 -0.4343 0.6080
vn -0.6646 -0.4343 -0.6080
vn -0.5859 -0.4785 0.6540
vn -0.5859 -0.4785 -0.6540
vn -0.5267 -0.5111 0.6792
vn -0.5267 -0.5111 -0.6792
vn -0.4855 -0.5352 0.6912
vn -0.4855 -0.5352 -0.6912
vn -0.4609 -0.5515 0.6952
vn -0.4609 -0.5515 -0.6952
vn -0.4518 -0.5585 0.6957
vn -0.4518 -0.5585 -0.6957
vn -0.4574 -0.5525 0.6968
vn -0.4574 -0.5525 -0.6968
vn -0.4764 -0.5282 0.7029
vn -0.4764 -0.5282 -0.7029
vn -0.5056 -0.4790 0.7176
vn -0.5056 -0.4790 -0.7176
vn -0.5390 -0.3991 0.7418
vn -0.5390 -0.3991 -0.7418
vn -0.5669 -0.2871 0.7721
vn -0.5669 -0.2871 -0.7721
vn -0.5788 -0.1496 0.8017
vn -0.5788 -0.1496 -0.8017
vn -0.5676 -0.0011 0.8233
vn -0.5676 -0.0011 -0.8233
vn -0.5333 0.1431 0.8337
vn -0.5333 0.1431 -0.8337
vn -0.4800 0.2734 0.8336
vn -0.4800 0.2734 -0.8336
vn -0.4114 0.3878 0.8248
vn -0.4114 0.3878 -0.8248
vn -0.3280 0.4886 0.8085
vn -0.3280 0.4886 -0.8085
vn -0.2272 0.5776 0.7841
vn -0.2272 0.5776 -0.7841
vn -0.1048 0.6541 0.7491
vn -0.1048 0.6541 -0.7491
vn 0.0419 0.7128 0.7001
vn 0.0419 0.7128 -0.7001
vn 0.2104 0.7442 0.6339
vn 0.2104 0.7442 -0.6339
vn 0.3899 0.7382 0.5504
vn 0.3899 0.7382 -0.5504
vn 0.5627 0.6904 0.4547
vn 0.5627 0.6904 -0.4547
vn 0.7115 0.6058 0.3561
vn 0.7115 0.6058 -0.3561
vn 0.8267 0.4967 0.2642
vn 0.8267 0.4967 -0.2642
vn 0.9080 0.3763 0.1842
vn 0.9080 0.3763 -0.1842
vn 0.9602 0.2536 0.1167
vn 0.9602 0.2536 -0.1167
vn 0.9886 0.1377 0.0612
vn 0.9886 0.1377 -0.0612
vn -0.0001 0.9503 0.3114
vn -0.0001 0.9503 -0.3114
vn -0.9893 0.1389 0.0451
vn -0.9893 0.1389 -0.0451
vn -0.9629 0.2559 0.0859
vn -0.9629 0.2559 -0.0859
vn -0.9145 0.3811 0.1359
vn -0.9145 0.3811 -0.1359
vn -0.8392 0.5072 0.1964
vn -0.8392 0.5072 -0.1964
vn -0.7315 0.6270 0.2680
vn -0.7315 0.6270 -0.2680
vn -0.5894 0.7290 0.3481
vn -0.5894 0.7290 -0.3481
vn -0.4180 0.7999 0.4307
vn -0.4180 0.7999 -0.4307
vn -0.2309 0.8299 0.5079
vn -0.2309 0.8299 -0.5079
vn -0.0452 0.8177 0.5739
vn -0.0452 0.8177 -0.5739
vn 0.1253 0.7692 0.6266
vn 0.1253 0.7692 -0.6266
vn 0.2741 0.6931 0.6667
vn 0.2741 0.6931 -0.6667
vn 0.4009 0.5955 0.6961
vn 0.4009 0.5955 -0.6961
vn 0.5080 0.4781 0.7164
vn 0.5080 0.4781 -0.7164
vn 0.5963 0.3393 0.7275
vn 0.5963 0.3393 -0.7275
vn 0.6626 0.1780 0.7275
vn 0.6626 0.1780 -0.7275
vn 0.7000 -0.0005 0.7142
vn 0.7000 -0.0005 -0.7142
vn 0.7033 -0.1805 0.6876
vn 0.7033 -0.1805 -0.6876
vn 0.6764 -0.3409 0.6529
vn 0.6764 -0.3409 -0.6529
vn 0.6322 -0.4665 0.6186
vn 0.6322 -0.4665 -0.6186
vn 0.5855 -0.5536 0.5923
vn 0.5855 -0.5536 -0.5923
vn 0.5475 -0.6064 0.5767
vn 0.5475 -0.6064 -0.5767
vn 0.5239 -0.6326 0.5703
vn 0.5239 -0.6326 -0.5703
vn 0.5171 -0.6391 0.5694
vn 0.5171 -0.6391 -0.5694
vn 0.5273 -0.6309 0.5691
vn 0.5273 -0.6309 -0.5691
vn 0.5545 -0.6109 0.5651
vn 0.5545 -0.6109 -0.5651
vn 0.5984 -0.5801 0.5526
vn 0.5984 -0.5801 -0.5526
vn 0.6588 -0.5372 0.5266
vn 0.6588 -0.5372 -0.5266
vn 0.7344 -0.4788 0.4811
vn 0.7344 -0.4788 -0.4811
vn 0.8208 -0.3993 0.4084
vn 0.8208 -0.3993 -0.4084
vn 0.9068 -0.2937 0.3023
vn 0.9068 -0.2937 -0.3023
vn 0.9710 -0.1679 0.1703
vn 0.9710 -0.1679 -0.1703
vn -0.0000 -0.7337 0.6795
vn -0.0000 -0.7337 -0.6795
vn -0.9710 -0.1679 0.1703
vn -0.9710 -0.1679 -0.1703
vn -0.9068 -0.2937 0.3023
vn -0.9068 -0.2937 -0.3023
vn -0.8208 -0.3993 0.4084
vn -0.8208 -0.3993 -0.4084
vn -0.7344 -0.4788 0.4811
vn -0.7344 -0.4788 -0.4811
vn -0.6588 -0.5372 0.5266
vn -0.6588 -0.5372 -0.5266
vn -0.5984 -0.5801 0.5526
vn -0.5984 -0.5801 -0.5526
vn -0.5545 -0.6109 0.5651
vn -0.5545 -0.6109 -0.5651
vn -0.5273 -0.6309 0.5691
vn -0.5273 -0.6309 -0.5691
vn -0.5171 -0.6391 0.5694
vn -0.5171 -0.6391 -0.5694
vn -0.5239 -0.6326 0.5703
vn -0.5239 -0.6326 -0.5703
vn -0.5475 -0.6064 0.5767
vn -0.5475 -0.6064 -0.5767
vn -0.5855 -0.5536 0.5923
vn -0.5855 -0.5536 -0.5923
vn -0.6322 -0.4665 0.6186
vn -0.6322 -0.4665 -0.6186
vn -0.6764 -0.3409 0.6529
vn -0.6764 -0.3409 -0.6529
vn -0.7033 -0.1805 0.6876
vn -0.7033 -0.1805 -0.6876
vn -0.7000 -0.0005 0.7142
vn -0.7000 -0.0005 -0.7142
vn -0.6626 0.1780 0.7275
vn -0.6626 0.1780 -0.7275
vn -0.5963 0.3393 0.7275
vn -0.5963 0.3393 -0.7275
vn -0.5080 0.4781 0.7164
vn -0.5080 0.4781 -0.7164
vn -0.4009 0.5955 0.6961
vn -0.4009 0.5955 -0.6961
vn -0.2741 0.6931 0.6667
vn -0.2741 0.6931 -0.6667
vn -0.1253 0.7692 0.6266
vn -0.1253 0.7692 -0.6266
vn 0.0452 0.8177 0.5739
vn 0.0452 0.8177 -0.5739
vn 0.2309 0.8299 0.5079
vn 0.2309 0.8299 -0.5079
vn 0.4180 0.7999 0.4307
vn 0.4180 0.7999 -0.4307
vn 0.5894 0.7290 0.3481
vn 0.5894 0.7290 -0.3481
vn 0.7315 0.6270 0.2680
vn 0.7315 0.6270 -0.2680
vn 0.8392 0.5072 0.1964
vn 0.8392 0.5072 -0.1964
vn 0.9145 0.3811 0.1359
vn 0.9145 0.3811 -0.1359
vn 0.9629 0.2559 0.0859
vn 0.9629 0.2559 -0.0859
vn 0.9893 0.1389 0.0451
vn 0.9893 0.1389 -0.0451
vn -0.0000 0.0912 0.9958
vn -0.0000 0.0953 0.9954
vn -0.6862 0.1006 0.7204
vn -0.7108 0.1042 0.6956
vn -0.6573 0.1801 0.7318
vn -0.7026 0.1926 0.6850
vn -0.6125 0.2622 0.7457
vn -0.6811 0.2916 0.6716
vn -0.5496 0.3415 0.7625
vn -0.6416 0.3987 0.6552
vn -0.4664 0.4128 0.7823
vn -0.5785 0.5119 0.6351
vn -0.3642 0.4689 0.8047
vn -0.4854 0.6249 0.6114
vn -0.2486 0.5031 0.8277
vn -0.3590 0.7267 0.5856
vn -0.1292 0.5119 0.8493
vn -0.2028 0.8036 0.5596
vn -0.0157 0.4968 0.8677
vn -0.0267 0.8444 0.5350
vn 0.0856 0.4626 0.8824
vn 0.1561 0.8437 0.5136
vn 0.1725 0.4139 0.8938
vn 0.3340 0.8015 0.4961
vn 0.2459 0.3539 0.9024
vn 0.4994 0.7189 0.4835
vn 0.3071 0.2831 0.9086
vn 0.6465 0.5959 0.4764
vn 0.3568 0.2010 0.9123
vn 0.7666 0.4320 0.4752
vn 0.3940 0.1077 0.9128
vn 0.8468 0.2314 0.4789
vn 0.4167 0.0053 0.9090
vn 0.8746 0.0111 0.4847
vn 0.4228 -0.1000 0.9007
vn 0.8476 -0.2005 0.4913
vn 0.4122 -0.1983 0.8892
vn 0.7811 -0.3758 0.4988
vn 0.3898 -0.2794 0.8775
vn 0.7005 -0.5022 0.5070
vn 0.3636 -0.3381 0.8681
vn 0.6285 -0.5844 0.5133
vn 0.3410 -0.3748 0.8621
vn 0.5764 -0.6336 0.5160
vn 0.3267 -0.3937 0.8592
vn 0.5472 -0.6593 0.5156
vn 0.3230 -0.3992 0.8581
vn 0.5398 -0.6673 0.5132
vn 0.3304 -0.3948 0.8573
vn 0.5517 -0.6593 0.5108
vn 0.3491 -0.3826 0.8554
vn 0.5795 -0.6352 0.5107
vn 0.3791 -0.3632 0.8511
vn 0.6189 -0.5929 0.5152
vn 0.4205 -0.3358 0.8429
vn 0.6642 -0.5304 0.5268
vn 0.4727 -0.2982 0.8292
vn 0.7077 -0.4464 0.5475
vn 0.5339 -0.2469 0.8087
vn 0.7403 -0.3424 0.5785
vn 0.5994 -0.1788 0.7803
vn 0.7525 -0.2245 0.6191
vn 0.6579 -0.0976 0.7468
vn 0.7407 -0.1099 0.6628
vn -0.0000 -0.0578 0.9983
vn -0.0000 -0.0637 0.9980
vn -0.6579 -0.0976 0.7467
vn -0.7406 -0.1099 0.6629
vn -0.5993 -0.1788 0.7803
vn -0.7526 -0.2245 0.6191
vn -0.5339 -0.2469 0.8087
vn -0.7403 -0.3423 0.5786
vn -0.4727 -0.2982 0.8293
vn -0.7077 -0.4464 0.5475
vn -0.4205 -0.3358 0.8429
vn -0.6641 -0.5304 0.5269
vn -0.3791 -0.3632 0.8511
vn -0.6189 -0.5929 0.5153
vn -0.3491 -0.3826 0.8554
vn -0.5795 -0.6352 0.5106
vn -0.3303 -0.3948 0.8573
vn -0.5517 -0.6594 0.5107
vn -0.3229 -0.3992 0.8581
vn -0.5398 -0.6673 0.5132
vn -0.3267 -0.3937 0.8592
vn -0.5472 -0.6593 0.5157
vn -0.3410 -0.3748 0.8621
vn -0.5764 -0.6336 0.5161
vn -0.3636 -0.3380 0.8681
vn -0.6286 -0.5844 0.5131
vn -0.3898 -0.2795 0.8775
vn -0.7005 -0.5022 0.5070
vn -0.4123 -0.1983 0.8892
vn -0.7810 -0.3757 0.4989
vn -0.4227 -0.1000 0.9007
vn -0.8477 -0.2005 0.4912
vn -0.4167 0.0053 0.9090
vn -0.8746 0.0111 0.4848
vn -0.3940 0.1077 0.9128
vn -0.8469 0.2314 0.4788
vn -0.3568 0.2010 0.9123
vn -0.7665 0.4319 0.4753
vn -0.3071 0.2831 0.9086
vn -0.6465 0.5959 0.4764
vn -0.2459 0.3539 0.9024
vn -0.4995 0.7189 0.4834
vn -0.1725 0.4140 0.8938
vn -0.3340 0.8014 0.4962
vn -0.0856 0.4626 0.8824
vn -0.1560 0.8437 0.5136
vn 0.0157 0.4968 0.8677
vn 0.0267 0.8444 0.5351
vn 0.1292 0.5118 0.8493
vn 0.2028 0.8036 0.5596
vn 0.2486 0.5031 0.8277
vn 0.3590 0.7267 0.5857
vn 0.3642 0.4689 0.8047
vn 0.4854 0.6249 0.6115
vn 0.4664 0.4127 0.7824
vn 0.5785 0.5119 0.6350
vn 0.5495 0.3415 0.7625
vn 0.6416 0.3987 0.6552
vn 0.6125 0.2622 0.7457
vn 0.6810 0.2916 0.6717
vn 0.6572 0.1801 0.7319
vn 0.7027 0.1926 0.6850
vn 0.6862 0.1006 0.7204
vn 0.7108 0.1042 0.6956
s 1
usemtl 
f 1//1 5//5 3//3
f 2//2 4//4 6//6
f 1//1 7//7 5//5
f 2//2 6//6 8//8
f 1//1 9//9 7//7
f 2//2 8//8 10//10
f 1//1 11//11 9//9
f 2//2 10//10 12//12
f 1//1 13//13 11//11
f 2//2 12//12 14//14
f 1//1 15//15 13//13
f 2//2 14//14 16//16
f 1//1 17//17 15//15
f 2//2 16//16 18//18
f 1//1 19//19 17//17
f 2//2 18//18 20//20
f 1//1 21//21 19//19
f 2//2 20//20 22//22
f 1//1 23//23 21//21
f 2//2 22//22 24//24
f 1//1 25//25 23//23
f 2//2 24//24 26//26
f 1//1 27//27 25//25
f 2//2 26//26 28//28
f 1//1 29//29 27//27
f 2//2 28//28 30//30
f 1//1 31//31 29//29
f 2//2 30//30 32//32
f 1//1 33//33 31//31
f 2//2 32//32 34//34
f 1//1 35//35 33//33
f 2//2 34//34 36//36
f 1//1 37//37 35//35
f 2//2 36//36 38//38
f 1//1 39//39 37//37
f 2//2 38//38 40//40
f 1//1 41//41 39//39
f 2//2 40//40 42//42
f 1//1 43//43 41//41
f 2//2 42//42 44//44
f 1//1 45//45 43//43
f 2//2 44//44 46//46
f 1//1 47//47 45//45
f 2//2 46//46 48//48
f 1//1 49//49 47//47
f 2//2 48//48 50//50
f 1//1 51//51 49//49
f 2//2 50//50 52//52
f 1//1 53//53 51//51
f 2//2 52//52 54//54
f 1//1 55//55 53//53
f 2//2 54//54 56//56
f 1//1 57//57 55//55
f 2//2 56//56 58//58
f 1//1 59//59 57//57
f 2//2 58//58 60//60
f 1//1 61//61 59//59
f 2//2 60//60 62//62
f 1//1 63//63 61//61
f 2//2 62//62 64//64
f 1//1 65//65 63//63
f 2//2 64//64 66//66
f 1//1 67//67 65//65
f 2//2 66//66 68//68
f 1//1 69//69 67//67
f 2//2 68//68 70//70
f 1//1 71//71 69//69
f 2//2 70//70 72//72
f 1//1 73//73 71//71
f 2//2 72//72 74//74
f 1//1 75//75 73//73
f 2//2 74//74 76//76
f 1//1 77//77 75//75
f 2//2 76//76 78//78
f 1//1 79//79 77//77
f 2//2 78//78 80//80
f 1//1 81//81 79//79
f 2//2 80//80 82//82
f 1//1 83//83 81//81
f 2//2 82//82 84//84
f 1//1 85//85 83//83
f 2//2 84//84 86//86
f 1//1 87//87 85//85
f 2//2 86//86 88//88
f 1//1 89//89 87//87
f 2//2 88//88 90//90
f 1//1 91//91 89//89
f 2//2 90//90 92//92
f 1//1 93//93 91//91
f 2//2 92//92 94//94
f 1//1 95//95 93//93
f 2//2 94//94 96//96
f 1//1 97//97 95//95
f 2//2 96//96 98//98
f 1//1 99//99 97//97
f 2//2 98//98 100//100
f 1//1 101//101 99//99
f 2//2 100//100 102//102
f 1//1 103//103 101//101
f 2//2 102//102 104//104
f 1//1 105//105 103//103
f 2//2 104//104 106//106
f 1//1 107//107 105//105
f 2//2 106//106 108//108
f 1//1 109//109 107//107
f 2//2 108//108 110//110
f 1//1 111//111 109//109
f 2//2 110//110 112//112
f 1//1 113//113 111//111
f 2//2 112//112 114//114
f 1//1 115//115 113//113
f 2//2 114//114 116//116
f 1//1 117//117 115//115
f 2//2 116//116 118//118
f 1//1 119//119 117//117
f 2//2 118//118 120//120
f 1//1 121//121 119//119
f 2//2 120//120 122//122
f 1//1 123//123 121//121
f 2//2 122//122 124//124
f 1//1 125//125 123//123
f 2//2 124//124 126//126
f 1//1 127//127 125//125
f 2//2 126//126 128//128
f 1//1 129//129 127//127
f 2//2 128//128 130//130
f 1//1 3//3 129//129
f 2//2 130//130 4//4
f 3//3 133//133 131//131
f 3//3 5//5 133//133
f 4//4 132//132 134//134
f 4//4 134//134 6//6
f 5//5 135//135 133//133
f 5//5 7//7 135//135
f 6//6 134//134 136//136
f 6//6 136//136 8//8
f 7//7 137//137 135//135
f 7//7 9//9 137//137
f 8//8 136//136 138//138
f 8//8 138//138 10//10
f 9//9 139//139 137//137
f 9//9 11//11 139//139
f 10//10 138//138 140//140
f 10//10 140//140 12//12
f 11//11 141//141 139//139
f 11//11 13//13 141//141
f 12//12 140//140 142//142
f 12//12 142//142 14//14
f 13//13 143//143 141//141
f 13//13 15//15 143//143
f 14//14 142//142 144//144
f 14//14 144//144 16//16
f 15//15 145//145 143//143
f 15//15 17//17 145//145
f 16//16 144//144 146//146
f 16//16 146//146 18//18
f 17//17 147//147 145//145
f 17//17 19//19 147//147
f 18//18 146//146 148//148
f 18//18 148//148 20//20
f 19//19 149//149 147//147
f 19//19 21//21 149//149
f 20//20 148//148 150//150
f 20//20 150//150 22//22
f 21//21 151//151 149//149
f 21//21 23//23 151//151
f 22//22 150//150 152//152
f 22//22 152//152 24//24
f 23//23 153//153 151//151
f 23//23 25//25 153//153
f 24//24 152//152 154//154
f 24//24 154//154 26//26
f 25//25 155//155 153//153
f 25//25 27//27 155//155
f 26//26 154//154 156//156
f 26//26 156//156 28//28
f 27//27 157//157 155//155
f 27//27 29//29 157//157
f 28//28 156//156 158//158
f 28//28 158//158 30//30
f 29//29 159//159 157//157
f 29//29 31//31 159//159
f 30//30 158//158 160//160
f 30//30 160//160 32//32
f 31//31 161//161 159//159
f 31//31 33//33 161//161
f 32//32 160//160 162//162
f 32//32 162//162 34//34
f 33//33 163//163 161//161
f 33//33 35//35 163//163
f 34//34 162//162 164//164
f 34//34 164//164 36//36
f 35//35 165//165 163//163
f 35//35 37//37 165//165
f 36//36 164//164 166//166
f 36//36 166//166 38//38
f 37//37 167//167 165//165
f 37//37 39//39 167//167
f 38//38 166//166 168//168
f 38//38 168//168 40//40
f 39//39 169//169 167//167
f 39//39 41//41 169//169
f 40//40 168//168 170//170
f 40//40 170//170 42//42
f 41//41 171//171 169//169
f 41//41 43//43 171//171
f 42//42 170//170 172//172
f 42//42 172//172 44//44
f 43//43 173//173 171//171
f 43//43 45//45 173//173
f 44//44 172//172 174//174
f 44//44 174//174 46//46
f 45//45 175//175 173//173
f 45//45 47//47 175//175
f 46//46 174//174 176//176
f 46//46 176//176 48//48
f 47//47 177//177 175//175
f 47//47 49//49 177//177
f 48//48 176//176 178//178
f 48//48 178//178 50//50
f 49//49 179//179 177//177
f 49//49 51//51 179//179
f 50//50 178//178 180//180
f 50//50 180//180 52//52
f 51//51 181//181 179//179
f 51//51 53//53 181//181
f 52//52 180//180 182//182
f 52//52 182//182 54//54
f 53//53 183//183 181//181
f 53//53 55//55 183//183
f 54//54 182//182 184//184
f 54//54 184//184 56//56
f 55//55 185//185 183//183
f 55//55 57//57 185//185
f 56//56 184//184 186//186
f 56//56 186//186 58//58
f 57//57 187//187 185//185
f 57//57 59//59 187//187
f 58//58 186//186 188//188
f 58//58 188//188 60//60
f 59//59 189//189 187//187
f 59//59 61//61 189//189
f 60//60 188//188 190//190
f 60//60 190//190 62//62
f 61//61 191//191 189//189
f 61//61 63//63 191//191
f 62//62 190//190 192//192
f 62//62 192//192 64//64
f 63//63 193//193 191//191
f 63//63 65//65 193//193
f 64//64 192//192 194//194
f 64//64 194//194 66//66
f 65//65 195//195 193//193
f 65//65 67//67 195//195
f 66//66 194//194 196//196
f 66//66 196//196 68//68
f 67//67 197//197 195//195
f 67//67 69//69 197//197
f 68//68 196//196 198//198
f 68//68 198//198 70//70
f 69//69 199//199 197//197
f 69//69 71//71 199//199
f 70//70 198//198 200//200
f 70//70 200//200 72//72
f 71//71 201//201 199//199
f 71//71 73//73 201//201
f 72//72 200//200 202//202
f 72//72 202//202 74//74
f 73//73 203//203 201//201
f 73//73 75//75 203//203
f 74//74 202//202 204//204
f 74//74 204//204 76//76
f 75//75 205//205 203//203
f 75//75 77//77 205//205
f 76//76 204//204 206//206
f 76//76 206//206 78//78
f 77//77 207//207 205//205
f 77//77 79//79 207//207
f 78//78 206//206 208//208
f 78//78 208//208 80//80
f 79//79 209//209 207//207
f 79//79 81//81 209//209
f 80//80 208//208 210//210
f 80//80 210//210 82//82
f 81//81 211//211 209//209
f 81//81 83//83 211//211
f 82//82 210//210 212//212
f 82//82 212//212 84//84
f 83//83 213//213 211//211
f 83//83 85//85 213//213
f 84//84 212//212 214//214
f 84//84 214//214 86//86
f 85//85 215//215 213//213
f 85//85 87//87 215//215
f 86//86 214//214 216//216
f 86//86 216//216 88//88
f 87//87 217//217 215//215
f 87//87 89//89 217//217
f 88//88 216//216 218//218
f 88//88 218//218 90//90
f 89//89 219//219 217//217
f 89//89 91//91 219//219
f 90//90 218//218 220//220
f 90//90 220//220 92//92
f 91//91 221//221 219//219
f 91//91 93//93 221//221
f 92//92 220//220 222//222
f 92//92 222//222 94//94
f 93//93 223//223 221//221
f 93//93 95//95 223//223
f 94//94 222//222 224//224
f 94//94 224//224 96//96
f 95//95 225//225 223//223
f 95//95 97//97 225//225
f 96//96 224//224 226//226
f 96//96 226//226 98//98
f 97//97 227//227 225//225
f 97//97 99//99 227//227
f 98//98 226//226 228//228
f 98//98 228//228 100//100
f 99//99 229//229 227//227
f 99//99 101//101 229//229
f 100//100 228//228 230//230
f 100//100 230//230 102//102
f 101//101 231//231 229//229
f 101//101 103//103 231//231
f 102//102 230//230 232//232
f 102//102 232//232 104//104
f 103//103 233//233 231//231
f 103//103 105//105 233//233
f 104//104 232//232 234//234
f 104//104 234//234 106//106
f 105//105 235//235 233//233
f 105//105 107//107 235//235
f 106//106 234//234 236//236
f 106//106 236//236 108//108
f 107//107 237//237 235//235
f 107//107 109//109 237//237
f 108//108 236//236 238//238
f 108//108 238//238 110//110
f 109//109 239//239 237//237
f 109//109 111//111 239//239
f 110//110 238//238 240//240
f 110//110 240//240 112//112
f 111//111 241//241 239//239
f 111//111 113//113 241//241
f 112//112 240//240 242//242
f 112//112 242//242 114//114
f 113//113 243//243 241//241
f 113//113 115//115 243//243
f 114//114 242//242 244//244
f 114//114 244//244 116//116
f 115//115 245//245 243//243
f 115//115 117//117 245//245
f 116//116 244//244 246//246
f 116//116 246//246 118//118
f 117//117 247//247 245//245
f 117//117 119//119 247//247
f 118//118 246//246 248//248
f 118//118 248//248 120//120
f 119//119 249//249 247//247
f 119//119 121//121 249//249
f 120//120 248//248 250//250
f 120//120 250//250 122//122
f 121//121 251//251 249//249
f 121//121 123//123 251//251
f 122//122 250//250 252//252
f 122//122 252//252 124//124
f 123//123 253//253 251//251
f 123//123 125//125 253//253
f 124//124 252//252 254//254
f 124//124 254//254 126//126
f 125//125 255//255 253//253
f 125//125 127//127 255//255
f 126//126 254//254 256//256
f 126//126 256//256 128//128
f 127//127 257//257 255//255
f 127//127 129//129 257//257
f 128//128 256//256 258//258
f 128//128 258//258 130//130
f 129//129 131//131 257//257
f 129//129 3//3 131//131
f 130//130 258//258 132//132
f 130//130 132//132 4//4
f 131//131 261//261 259//259
f 131//131 133//133 261//261
f 132//132 260//260 262//262
f 132//132 262//262 134//134
f 133//133 263//263 261//261
f 133//133 135//135 263//263
f 134//134 262//262 264//264
f 134//134 264//264 136//136
f 135//135 265//265 263//263
f 135//135 137//137 265//265
f 136//136 264//264 266//266
f 136//136 266//266 138//138
f 137//137 267//267 265//265
f 137//137 139//139 267//267
f 138//138 266//266 268//268
f 138//138 268//268 140//140
f 139//139 269//269 267//267
f 139//139 141//141 269//269
f 140//140 268//268 270//270
f 140//140 270//270 142//142
f 141//141 271//271 269//269
f 141//141 143//143 271//271
f 142//142 270//270 272//272
f 142//142 272//272 144//144
f 143//143 273//273 271//271
f 143//143 145//145 273//273
f 144//144 272//272 274//274
f 144//144 274//274 146//146
f 145//145 275//275 273//273
f 145//145 147//147 275//275
f 146//146 274//274 276//276
f 146//146 276//276 148//148
f 147//147 277//277 275//275
f 147//147 149//149 277//277
f 148//148 276//276 278//278
f 148//148 278//278 150//150
f 149//149 279//279 277//277
f 149//149 151//151 279//279
f 150//150 278//278 280//280
f 150//150 280//280 152//152
f 151//151 281//281 279//279
f 151//151 153//153 281//281
f 152//152 280//280 282//282
f 152//152 282//282 154//154
f 153//153 283//283 281//281
f 153//153 155//155 283//283
f 154//154 282//282 284//284
f 154//154 284//284 156//156
f 155//155 285//285 283//283
f 155//155 157//157 285//285
f 156//156 284//284 286//286
f 156//156 286//286 158//158
f 157//157 287//287 285//285
f 157//157 159//159 287//287
f 158//158 286//286 288//288
f 158//158 288//288 160//160
f 159//159 289//289 287//287
f 159//159 161//161 289//289
f 160//160 288//288 290//290
f 160//160 290//290 162//162
f 161//161 291//291 289//289
f 161//161 163//163 291//291
f 162//162 290//290 292//292
f 162//162 292//292 164//164
f 163//163 293//293 291//291
f 163//163 165//165 293//293
f 164//164 292//292 294//294
f 164//164 294//294 166//166
f 165//165 295//295 293//293
f 165//165 167//167 295//295
f 166//166 294//294 296//296
f 166//166 296//296 168//168
f 167//167 297//297 295//295
f 167//167 169//169 297//297
f 168//168 296//296 298//298
f 168//168 298//298 170//170
f 169//169 299//299 297//297
f 169//169 171//171 299//299
f 170//170 298//298 300//300
f 170//170 300//300 172//172
f 171//171 301//301 299//299
f 171//171 173//173 301//301
f 172//172 300//300 302//302
f 172//172 302//302 174//174
f 173//173 303//303 301//301
f 173//173 175//175 303//303
f 174//174 302//302 304//304
f 174//174 304//304 176//176
f 175//175 305//305 303//303
f 175//175 177//177 305//305
f 176//176 304//304 306//306
f 176//176 306//306 178//178
f 177//177 307//307 305//305
f 177//177 179//179 307//307
f 178//178 306//306 308//308
f 178//178 308//308 180//180
f 179//179 309//309 307//307
f 179//179 181//181 309//309
f 180//180 308//308 310//310
f 180//180 310//310 182//182
f 181//181 311//311 309//309
f 181//181 183//183 311//311
f 182//182 310//310 312//312
f 182//182 312//312 184//184
f 183//183 313//313 311//311
f 183//183 185//185 313//313
f 184//184 312//312 314//314
f 184//184 314//314 186//186
f 185//185 315//315 313//313
f 185//185 187//187 315//315
f 186//186 314//314 316//316
f 186//186 316//316 188//188
f 187//187 317//317 315//315
f 187//187 189//189 317//317
f 188//188 316//316 318//318
f 188//188 318//318 190//190
f 189//189 319//319 317//317
f 189//189 191//191 319//319
f 190//190 318//318 320//320
f 190//190 320//320 192//192
f 191//191 321//321 319//319
f 191//191 193//193 321//321
f 192//192 320//320 322//322
f 192//192 322//322 194//194
f 193//193 323//323 321//321
f 193//193 195//195 323//323
f 194//194 322//322 324//324
f 194//194 324//324 196//196
f 195//195 325//325 323//323
f 195//195 197//197 325//325
f 196//196 324//324 326//326
f 196//196 326//326 198//198
f 197//197 327//327 325//325
f 197//197 199//199 327//327
f 198//198 326//326 328//328
f 198//198 328//328 200//200
f 199//199 329//329 327//327
f 199//199 201//201 329//329
f 200//200 328//328 330//330
f 200//200 330//330 202//202
f 201//201 331//331 329//329
f 201//201 203//203 331//331
f 202//202 330//330 332//332
f 202//202 332//332 204//204
f 203//203 333//333 331//331
f 203//203 205//205 333//333
f 204//204 332//332 334//334
f 204//204 334//334 206//206
f 205//205 335//335 333//333
f 205//205 207//207 335//335
f 206//206 334//334 336//336
f 206//206 336//336 208//208
f 207//207 337//337 335//335
f 207//207 209//209 337//337
f 208//208 336//336 338//338
f 208//208 338//338 210//210
f 209//209 339//339 337//337
f 209//209 211//211 339//339
f 210//210 338//338 340//340
f 210//210 340//340 212//212
f 211//211 341//341 339//339
f 211//211 213//213 341//341
f 212//212 340//340 342//342
f 212//212 342//342 214//214
f 213//213 343//343 341//341
f 213//213 215//215 343//343
f 214//214 342//342 344//344
f 214//214 344//344 216//216
f 215//215 345//345 343//343
f 215//215 217//217 345//345
f 216//216 344//344 346//346
f 216//216 346//346 218//218
f 217//217 347//347 345//345
f 217//217 219//219 347//347
f 218//218 346//346 348//348
f 218//218 348//348 220//220
f 219//219 349//349 347//347
f 219//219 221//221 349//349
f 220//220 348//348 350//350
f 220//220 350//350 222//222
f 221//221 351//351 349//349
f 221//221 223//223 351//351
f 222//222 350//350 352//352
f 222//222 352//352 224//224
f 223//223 353//353 351//351
f 223//223 225//225 353//353
f 224//224 352//352 354//354
f 224//224 354//354 226//226
f 225//225 355//355 353//353
f 225//225 227//227 355//355
f 226//226 354//354 356//356
f 226//226 356//356 228//228
f 227//227 357//357 355//355
f 227//227 229//229 357//357
f 228//228 356//356 358//358
f 228//228 358//358 230//230
f 229//229 359//359 357//357
f 229//229 231//231 359//359
f 230//230 358//358 360//360
f 230//230 360//360 232//232
f 231//231 361//361 359//359
f 231//231 233//233 361//361
f 232//232 360//360 362//362
f 232//232 362//362 234//234
f 233//233 363//363 361//361
f 233//233 235//235 363//363
f 234//234 362//362 364//364
f 234//234 364//364 236//236
f 235//235 365//365 363//363
f 235//235 237//237 365//365
f 236//236 364//364 366//366
f 236//236 366//366 238//238
f 237//237 367//367 365//365
f 237//237 239//239 367//367
f 238//238 366//366 368//368
f 238//238 368//368 240//240
f 239//239 369//369 367//367
f 239//239 241//241 369//369
f 240//240 368//368 370//370
f 240//240 370//370 242//242
f 241//241 371//371 369//369
f 241//241 243//243 371//371
f 242//242 370//370 372//372
f 242//242 372//372 244//244
f 243//243 373//373 371//371
f 243//243 245//245 373//373
f 244//244 372//372 374//374
f 244//244 374//374 246//246
f 245//245 375//375 373//373
f 245//245 247//247 375//375
f 246//246 374//374 376//376
f 246//246 376//376 248//248
f 247//247 377//377 375//375
f 247//247 249//249 377//377
f 248//248 376//376 378//378
f 248//248 378//378 250//250
f 249//249 379//379 377//377
f 249//249 251//251 379//379
f 250//250 378//378 380//380
f 250//250 380//380 252//252
f 251//251 381//381 379//379
f 251//251 253//253 381//381
f 252//252 380//380 382//382
f 252//252 382//382 254//254
f 253//253 383//383 381//381
f 253//253 255//255 383//383
f 254//254 382//382 384//384
f 254//254 384//384 256//256
f 255//255 385//385 383//383
f 255//255 257//257 385//385
f 256//256 384//384 386//386
f 256//256 386//386 258//258
f 257//257 259//259 385//385
f 257//257 131//131 259//259
f 258//258 386//386 260//260
f 258//258 260//260 132//132
f 259//259 389//389 387//387
f 259//259 261//261 389//389
f 260//260 388//388 390//390
f 260//260 390//390 262//262
f 261//261 391//391 389//389
f 261//261 263//263 391//391
f 262//262 390//390 392//392
f 262//262 392//392 264//264
f 263//263 393//393 391//391
f 263//263 265//265 393//393
f 264//264 392//392 394//394
f 264//264 394//394 266//266
f 265//265 395//395 393//393
f 265//265 267//267 395//395
f 266//266 394//394 396//396
f 266//266 396//396 268//268
f 267//267 397//397 395//395
f 267//267 269//269 397//397
f 268//268 396//396 398//398
f 268//268 398//398 270//270
f 269//269 399//399 397//397
f 269//269 271//271 399//399
f 270//270 398//398 400//400
f 270//270 400//400 272//272
f 271//271 401//401 399//399
f 271//271 273//273 401//401
f 272//272 400//400 402//402
f 272//272 402//402 274//274
f 273//273 403//403 401//401
f 273//273 275//275 403//403
f 274//274 402//402 404//404
f 274//274 404//404 276//276
f 275//275 405//405 403//403
f 275//275 277//277 405//405
f 276//276 404//404 406//406
f 276//276 406//406 278//278
f 277//277 407//407 405//405
f 277//277 279//279 407//407
f 278//278 406//406 408//408
f 278//278 408//408 280//280
f 279//279 409//409 407//407
f 279//279 281//281 409//409
f 280//280 408//408 410//410
f 280//280 410//410 282//282
f 281//281 411//411 409//409
f 281//281 283//283 411//411
f 282//282 410//410 412//412
f 282//282 412//412 284//284
f 283//283 413//413 411//411
f 283//283 285//285 413//413
f 284//284 412//412 414//414
f 284//284 414//414 286//286
f 285//285 415//415 413//413
f 285//285 287//287 415//415
f 286//286 414//414 416//416
f 286//286 416//416 288//288
f 287//287 417//417 415//415
f 287//287 289//289 417//417
f 288//288 416//416 418//418
f 288//288 418//418 290//290
f 289//289 419//419 417//417
f 289//289 291//291 419//419
f 290//290 418//418 420//420
f 290//290 420//420 292//292
f 291//291 421//421 419//419
f 291//291 293//293 421//421
f 292//292 420//420 422//422
f 292//292 422//422 294//294
f 293//293 423//423 421//421
f 293//293 295//295 423//423
f 294//294 422//422 424//424
f 294//294 424//424 296//296
f 295//295 425//425 423//423
f 295//295 297//297 425//425
f 296//296 424//424 426//426
f 296//296 426//426 298//298
f 297//297 427//427 425//425
f 297//297 299//299 427//427
f 298//298 426//426 428//428
f 298//298 428//428 300//300
f 299//299 429//429 427//427
f 299//299 301//301 429//429
f 300//300 428//428 430//430
f 300//300 430//430 302//302
f 301//301 431//431 429//429
f 301//301 303//303 431//431
f 302//302 430//430 432//432
f 302//302 432//432 304//304
f 303//303 433//433 431//431
f 303//303 305//305 433//433
f 304//304 432//432 434//434
f 304//304 434//434 306//306
f 305//305 435//435 433//433
f 305//305 307//307 435//435
f 306//306 434//434 436//436
f 306//306 436//436 308//308
f 307//307 437//437 435//435
f 307//307 309//309 437//437
f 308//308 436//436 438//438
f 308//308 438//438 310//310
f 309//309 439//439 437//437
f 309//309 311//311 439//439
f 310//310 438//438 440//440
f 310//310 440//440 312//312
f 311//311 441//441 439//439
f 311//311 313//313 441//441
f 312//312 440//440 442//442
f 312//312 442//442 314//314
f 313//313 443//443 441//441
f 313//313 315//315 443//443
f 314//314 442//442 444//444
f 314//314 444//444 316//316
f 315//315 445//445 443//443
f 315//315 317//317 445//445
f 316//316 444//444 446//446
f 316//316 446//446 318//318
f 317//317 447//447 445//445
f 317//317 319//319 447//447
f 318//318 446//446 448//448
f 318//318 448//448 320//320
f 319//319 449//449 447//447
f 319//319 321//321 449//449
f 320//320 448//448 450//450
f 320//320 450//450 322//322
f 321//321 451//451 449//449
f 321//321 323//323 451//451
f 322//322 450//450 452//452
f 322//322 452//452 324//324
f 323//323 453//453 451//451
f 323//323 325//325 453//453
f 324//324 452//452 454//454
f 324//324 454//454 326//326
f 325//325 455//455 453//453
f 325//325 327//327 455//455
f 326//326 454//454 456//456
f 326//326 456//456 328//328
f 327//327 457//457 455//455
f 327//327 329//329 457//457
f 328//328 456//456 458//458
f 328//328 458//458 330//330
f 329//329 459//459 457//457
f 329//329 331//331 459//459
f 330//330 458//458 460//460
f 330//330 460//460 332//332
f 331//331 461//461 459//459
f 331//331 333//333 461//461
f 332//332 460//460 462//462
f 332//332 462//462 334//334
f 333//333 463//463 461//461
f 333//333 335//335 463//463
f 334//334 462//462 464//464
f 334//334 464//464 336//336
f 335//335 465//465 463//463
f 335//335 337//337 465//465
f 336//336 464//464 466//466
f 336//336 466//466 338//338
f 337//337 467//467 465//465
f 337//337 339//339 467//467
f 338//338 466//466 468//468
f 338//338 468//468 340//340
f 339//339 469//469 467//467
f 339//339 341//341 469//469
f 340//340 468//468 470//470
f 340//340 470//470 342//342
f 341//341 471//471 469//469
f 341//341 343//343 471//471
f 342//342 470//470 472//472
f 342//342 472//472 344//344
f 343//343 473//473 471//471
f 343//343 345//345 473//473
f 344//344 472//472 474//474
f 344//344 474//474 346//346
f 345//345 475//475 473//473
f 345//345 347//347 475//475
f 346//346 474//474 476//476
f 346//346 476//476 348//348
f 347//347 477//477 475//475
f 347//347 349//349 477//477
f 348//348 476//476 478//478
f 348//348 478//478 350//350
f 349//349 479//479 477//477
f 349//349 351//351 479//479
f 350//350 478//478 480//480
f 350//350 480//480 352//352
f 351//351 481//481 479//479
f 351//351 353//353 481//481
f 352//352 480//480 482//482
f 352//352 482//482 354//354
f 353//353 483//483 481//481
f 353//353 355//355 483//483
f 354//354 482//482 484//484
f 354//354 484//484 356//356
f 355//355 485//485 483//483
f 355//355 357//357 485//485
f 356//356 484//484 486//486
f 356//356 486//486 358//358
f 357//357 487//487 485//485
f 357//357 359//359 487//487
f 358//358 486//486 488//488
f 358//358 488//488 360//360
f 359//359 489//489 487//487
f 359//359 361//361 489//489
f 360//360 488//488 490//490
f 360//360 490//490 362//362
f 361//361 491//491 489//489
f 361//361 363//363 491//491
f 362//362 490//490 492//492
f 362//362 492//492 364//364
f 363//363 493//493 491//491
f 363//363 365//365 493//493
f 364//364 492//492 494//494
f 364//364 494//494 366//366
f 365//365 495//495 493//493
f 365//365 367//367 495//495
f 366//366 494//494 496//496
f 366//366 496//496 368//368
f 367//367 497//497 495//495
f 367//367 369//369 497//497
f 368//368 496//496 498//498
f 368//368 498//498 370//370
f 369//369 499//499 497//497
f 369//369 371//371 499//499
f 370//370 498//498 500//500
f 370//370 500//500 372//372
f 371//371 501//501 499//499
f 371//371 373//373 501//501
f 372//372 500//500 502//502
f 372//372 502//502 374//374
f 373//373 503//503 501//501
f 373//373 375//375 503//503
f 374//374 502//502 504//504
f 374//374 504//504 376//376
f 375//375 505//505 503//503
f 375//375 377//377 505//505
f 376//376 504//504 506//506
f 376//376 506//506 378//378
f 377//377 507//507 505//505
f 377//377 379//379 507//507
f 378//378 506//506 508//508
f 378//378 508//508 380//380
f 379//379 509//509 507//507
f 379//379 381//381 509//509
f 380//380 508//508 510//510
f 380//380 510//510 382//382
f 381//381 511//511 509//509
f 381//381 383//383 511//511
f 382//382 510//510 512//512
f 382//382 512//512 384//384
f 383//383 513//513 511//511
f 383//383 385//385 513//513
f 384//384 512//512 514//514
f 384//384 514//514 386//386
f 385//385 387//387 513//513
f 385//385 259//259 387//387
f 386//386 514//514 388//388
f 386//386 388//388 260//260
f 387//387 517//517 515//515
f 387//387 389//389 517//517
f 388//388 516//516 518//518
f 388//388 518//518 390//390
f 389//389 519//519 517//517
f 389//389 391//391 519//519
f 390//390 518//518 520//520
f 390//390 520//520 392//392
f 391//391 521//521 519//519
f 391//391 393//393 521//521
f 392//392 520//520 522//522
f 392//392 522//522 394//394
f 393//393 523//523 521//521
f 393//393 395//395 523//523
f 394//394 522//522 524//524
f 394//394 524//524 396//396
f 395//395 525//525 523//523
f 395//395 397//397 525//525
f 396//396 524//524 526//526
f 396//396 526//526 398//398
f 397//397 527//527 525//525
f 397//397 399//399 527//527
f 398//398 526//526 528//528
f 398//398 528//528 400//400
f 399//399 529//529 527//527
f 399//399 401//401 529//529
f 400//400 528//528 530//530
f 400//400 530//530 402//402
f 401//401 531//531 529//529
f 401//401 403//403 531//531
f 402//402 530//530 532//532
f 402//402 532//532 404//404
f 403//403 533//533 531//531
f 403//403 405//405 533//533
f 404//404 532//532 534//534
f 404//404 534//534 406//406
f 405//405 535//535 533//533
f 405//405 407//407 535//535
f 406//406 534//534 536//536
f 406//406 536//536 408//408
f 407//407 537//537 535//535
f 407//407 409//409 537//537
f 408//408 536//536 538//538
f 408//408 538//538 410//410
f 409//409 539//539 537//537
f 409//409 411//411 539//539
f 410//410 538//538 540//540
f 410//410 540//540 412//412
f 411//411 541//541 539//539
f 411//411 413//413 541//541
f 412//412 540//540 542//542
f 412//412 542//542 414//414
f 413//413 543//543 541//541
f 413//413 415//415 543//543
f 414//414 542//542 544//544
f 414//414 544//544 416//416
f 415//415 545//545 543//543
f 415//415 417//417 545//545
f 416//416 544//544 546//546
f 416//416 546//546 418//418
f 417//417 547//547 545//545
f 417//417 419//419 547//547
f 418//418 546//546 548//548
f 418//418 548//548 420//420
f 419//419 549//549 547//547
f 419//419 421//421 549//549
f 420//420 548//548 550//550
f 420//420 550//550 422//422
f 421//421 551//551 549//549
f 421//421 423//423 551//551
f 422//422 550//550 552//552
f 422//422 552//552 424//424
f 423//423 553//553 551//551
f 423//423 425//425 553//553
f 424//424 552//552 554//554
f 424//424 554//554 426//426
f 425//425 555//555 553//553
f 425//425 427//427 555//555
f 426//426 554//554 556//556
f 426//426 556//556 428//428
f 427//427 557//557 555//555
f 427//427 429//429 557//557
f 428//428 556//556 558//558
f 428//428 558//558 430//430
f 429//429 559//559 557//557
f 429//429 431//431 559//559
f 430//430 558//558 560//560
f 430//430 560//560 432//432
f 431//431 561//561 559//559
f 431//431 433//433 561//561
f 432//432 560//560 562//562
f 432//432 562//562 434//434
f 433//433 563//563 561//561
f 433//433 435//435 563//563
f 434//434 562//562 564//564
f 434//434 564//564 436//436
f 435//435 565//565 563//563
f 435//435 437//437 565//565
f 436//436 564//564 566//566
f 436//436 566//566 438//438
f 437//437 567//567 565//565
f 437//437 439//439 567//567
f 438//438 566//566 568//568
f 438//438 568//568 440//440
f 439//439 569//569 567//567
f 439//439 441//441 569//569
f 440//440 568//568 570//570
f 440//440 570//570 442//442
f 441//441 571//571 569//569
f 441//441 443//443 571//571
f 442//442 570//570 572//572
f 442//442 572//572 444//444
f 443//443 573//573 571//571
f 443//443 445//445 573//573
f 444//444 572//572 574//574
f 444//444 574//574 446//446
f 445//445 575//575 573//573
f 445//445 447//447 575//575
f 446//446 574//574 576//576
f 446//446 576//576 448//448
f 447//447 577//577 575//575
f 447//447 449//449 577//577
f 448//448 576//576 578//578
f 448//448 578//578 450//450
f 449//449 579//579 577//577
f 449//449 451//451 579//579
f 450//450 578//578 580//580
f 450//450 580//580 452//452
f 451//451 581//581 579//579
f 451//451 453//453 581//581
f 452//452 580//580 582//582
f 452//452 582//582 454//454
f 453//453 583//583 581//581
f 453//453 455//455 583//583
f 454//454 582//582 584//584
f 454//454 584//584 456//456
f 455//455 585//585 583//583
f 455//455 457//457 585//585
f 456//456 584//584 586//586
f 456//456 586//586 458//458
f 457//457 587//587 585//585
f 457//457 459//459 587//587
f 458//458 586//586 588//588
f 458//458 588//588 460//460
f 459//459 589//589 587//587
f 459//459 461//461 589//589
f 460//460 588//588 590//590
f 460//460 590//590 462//462
f 461//461 591//591 589//589
f 461//461 463//463 591//591
f 462//462 590//590 592//592
f 462//462 592//592 464//464
f 463//463 593//593 591//591
f 463//463 465//465 593//593
f 464//464 592//592 594//594
f 464//464 594//594 466//466
f 465//465 595//595 593//593
f 465//465 467//467 595//595
f 466//466 594//594 596//596
f 466//466 596//596 468//468
f 467//467 597//597 595//595
f 467//467 469//469 597//597
f 468//468 596//596 598//598
f 468//468 598//598 470//470
f 469//469 599//599 597//597
f 469//469 471//471 599//599
f 470//470 598//598 600//600
f 470//470 600//600 472//472
f 471//471 601//601 599//599
f 471//471 473//473 601//601
f 472//472 600//600 602//602
f 472//472 602//602 474//474
f 473//473 603//603 601//601
f 473//473 475//475 603//603
f 474//474 602//602 604//604
f 474//474 604//604 476//476
f 475//475 605//605 603//603
f 475//475 477//477 605//605
f 476//476 604//604 606//606
f 476//476 606//606 478//478
f 477//477 607//607 605//605
f 477//477 479//479 607//607
f 478//478 606//606 608//608
f 478//478 608//608 480//480
f 479//479 609//609 607//607
f 479//479 481//481 609//609
f 480//480 608//608 610//610
f 480//480 610//610 482//482
f 481//481 611//611 609//609
f 481//481 483//483 611//611
f 482//482 610//610 612//612
f 482//482 612//612 484//484
f 483//483 613//613 611//611
f 483//483 485//485 613//613
f 484//484 612//612 614//614
f 484//484 614//614 486//486
f 485//485 615//615 613//613
f 485//485 487//487 615//615
f 486//486 614//614 616//616
f 486//486 616//616 488//488
f 487//487 617//617 615//615
f 487//487 489//489 617//617
f 488//488 616//616 618//618
f 488//488 618//618 490//490
f 489//489 619//619 617//617
f 489//489 491//491 619//619
f 490//490 618//618 620//620
f 490//490 620//620 492//492
f 491//491 621//621 619//619
f 491//491 493//493 621//621
f 492//492 620//620 622//622
f 492//492 622//622 494//494
f 493//493 623//623 621//621
f 493//493 495//495 623//623
f 494//494 622//622 624//624
f 494//494 624//624 496//496
f 495//495 625//625 623//623
f 495//495 497//497 625//625
f 496//496 624//624 626//626
f 496//496 626//626 498//498
f 497//497 627//627 625//625
f 497//497 499//499 627//627
f 498//498 626//626 628//628
f 498//498 628//628 500//500
f 499//499 629//629 627//627
f 499//499 501//501 629//629
f 500//500 628//628 630//630
f 500//500 630//630 502//502
f 501//501 631//631 629//629
f 501//501 503//503 631//631
f 502//502 630//630 632//632
f 502//502 632//632 504//504
f 503//503 633//633 631//631
f 503//503 505//505 633//633
f 504//504 632//632 634//634
f 504//504 634//634 506//506
f 505//505 635//635 633//633
f 505//505 507//507 635//635
f 506//506 634//634 636//636
f 506//506 636//636 508//508
f 507//507 637//637 635//635
f 507//507 509//509 637//637
f 508//508 636//636 638//638
f 508//508 638//638 510//510
f 509//509 639//639 637//637
f 509//509 511//511 639//639
f 510//510 638//638 640//640
f 510//510 640//640 512//512
f 511//511 641//641 639//639
f 511//511 513//513 641//641
f 512//512 640//640 642//642
f 512//512 642//642 514//514
f 513//513 515//515 641//641
f 513//513 387//387 515//515
f 514//514 642//642 516//516
f 514//514 516//516 388//388
f 515//515 645//645 643//643
f 515//515 517//517 645//645
f 516//516 644//644 646//646
f 516//516 646//646 518//518
f 517//517 647//647 645//645
f 517//517 519//519 647//647
f 518//518 646//646 648//648
f 518//518 648//648 520//520
f 519//519 649//649 647//647
f 519//519 521//521 649//649
f 520//520 648//648 650//650
f 520//520 650//650 522//522
f 521//521 651//651 649//649
f 521//521 523//523 651//651
f 522//522 650//650 652//652
f 522//522 652//652 524//524
f 523//523 653//653 651//651
f 523//523 525//525 653//653
f 524//524 652//652 654//654
f 524//524 654//654 526//526
f 525//525 655//655 653//653
f 525//525 527//527 655//655
f 526//526 654//654 656//656
f 526//526 656//656 528//528
f 527//527 657//657 655//655
f 527//527 529//529 657//657
f 528//528 656//656 658//658
f 528//528 658//658 530//530
f 529//529 659//659 657//657
f 529//529 531//531 659//659
f 530//530 658//658 660//660
f 530//530 660//660 532//532
f 531//531 661//661 659//659
f 531//531 533//533 661//661
f 532//532 660//660 662//662
f 532//532 662//662 534//534
f 533//533 663//663 661//661
f 533//533 535//535 663//663
f 534//534 662//662 664//664
f 534//534 664//664 536//536
f 535//535 665//665 663//663
f 535//535 537//537 665//665
f 536//536 664//664 666//666
f 536//536 666//666 538//538
f 537//537 667//667 665//665
f 537//537 539//539 667//667
f 538//538 666//666 668//668
f 538//538 668//668 540//540
f 539//539 669//669 667//667
f 539//539 541//541 669//669
f 540//540 668//668 670//670
f 540//540 670//670 542//542
f 541//541 671//671 669//669
f 541//541 543//543 671//671
f 542//542 670//670 672//672
f 542//542 672//672 544//544
f 543//543 673//673 671//671
f 543//543 545//545 673//673
f 544//544 672//672 674//674
f 544//544 674//674 546//546
f 545//545 675//675 673//673
f 545//545 547//547 675//675
f 546//546 674//674 676//676
f 546//546 676//676 548//548
f 547//547 677//677 675//675
f 547//547 549//549 677//677
f 548//548 676//676 678//678
f 548//548 678//678 550//550
f 549//549 679//679 677//677
f 549//549 551//551 679//679
f 550//550 678//678 680//680
f 550//550 680//680 552//552
f 551//551 681//681 679//679
f 551//551 553//553 681//681
f 552//552 680//680 682//682
f 552//552 682//682 554//554
f 553//553 683//683 681//681
f 553//553 555//555 683//683
f 554//554 682//682 684//684
f 554//554 684//684 556//556
f 555//555 685//685 683//683
f 555//555 557//557 685//685
f 556//556 684//684 686//686
f 556//556 686//686 558//558
f 557//557 687//687 685//685
f 557//557 559//559 687//687
f 558//558 686//686 688//688
f 558//558 688//688 560//560
f 559//559 689//689 687//687
f 559//559 561//561 689//689
f 560//560 688//688 690//690
f 560//560 690//690 562//562
f 561//561 691//691 689//689
f 561//561 563//563 691//691
f 562//562 690//690 692//692
f 562//562 692//692 564//564
f 563//563 693//693 691//691
f 563//563 565//565 693//693
f 564//564 692//692 694//694
f 564//564 694//694 566//566
f 565//565 695//695 693//693
f 565//565 567//567 695//695
f 566//566 694//694 696//696
f 566//566 696//696 568//568
f 567//567 697//697 695//695
f 567//567 569//569 697//697
f 568//568 696//696 698//698
f 568//568 698//698 570//570
f 569//569 699//699 697//697
f 569//569 571//571 699//699
f 570//570 698//698 700//700
f 570//570 700//700 572//572
f 571//571 701//701 699//699
f 571//571 573//573 701//701
f 572//572 700//700 702//702
f 572//572 702//702 574//574
f 573//573 703//703 701//701
f 573//573 575//575 703//703
f 574//574 702//702 704//704
f 574//574 704//704 576//576
f 575//575 705//705 703//703
f 575//575 577//577 705//705
f 576//576 704//704 706//706
f 576//576 706//706 578//578
f 577//577 707//707 705//705
f 577//577 579//579 707//707
f 578//578 706//706 708//708
f 578//578 708//708 580//580
f 579//579 709//709 707//707
f 579//579 581//581 709//709
f 580//580 708//708 710//710
f 580//580 710//710 582//582
f 581//581 711//711 709//709
f 581//581 583//583 711//711
f 582//582 710//710 712//712
f 582//582 712//712 584//584
f 583//583 713//713 711//711
f 583//583 585//585 713//713
f 584//584 712//712 714//714
f 584//584 714//714 586//586
f 585//585 715//715 713//713
f 585//585 587//587 715//715
f 586//586 714//714 716//716
f 586//586 716//716 588//588
f 587//587 717//717 715//715
f 587//587 589//589 717//717
f 588//588 716//716 718//718
f 588//588 718//718 590//590
f 589//589 719//719 717//717
f 589//589 591//591 719//719
f 590//590 718//718 720//720
f 590//590 720//720 592//592
f 591//591 721//721 719//719
f 591//591 593//593 721//721
f 592//592 720//720 722//722
f 592//592 722//722 594//594
f 593//593 723//723 721//721
f 593//593 595//595 723//723
f 594//594 722//722 724//724
f 594//594 724//724 596//596
f 595//595 725//725 723//723
f 595//595 597//597 725//725
f 596//596 724//724 726//726
f 596//596 726//726 598//598
f 597//597 727//727 725//725
f 597//597 599//599 727//727
f 598//598 726//726 728//728
f 598//598 728//728 600//600
f 599//599 729//729 727//727
f 599//599 601//601 729//729
f 600//600 728//728 730//730
f 600//600 730//730 602//602
f 601//601 731//731 729//729
f 601//601 603//603 731//731
f 602//602 730//730 732//732
f 602//602 732//732 604//604
f 603//603 733//733 731//731
f 603//603 605//605 733//733
f 604//604 732//732 734//734
f 604//604 734//734 606//606
f 605//605 735//735 733//733
f 605//605 607//607 735//735
f 606//606 734//734 736//736
f 606//606 736//736 608//608
f 607//607 737//737 735//735
f 607//607 609//609 737//737
f 608//608 736//736 738//738
f 608//608 738//738 610//610
f 609//609 739//739 737//737
f 609//609 611//611 739//739
f 610//610 738//738 740//740
f 610//610 740//740 612//612
f 611//611 741//741 739//739
f 611//611 613//613 741//741
f 612//612 740//740 742//742
f 612//612 742//742 614//614
f 613//613 743//743 741//741
f 613//613 615//615 743//743
f 614//614 742//742 744//744
f 614//614 744//744 616//616
f 615//615 745//745 743//743
f 615//615 617//617 745//745
f 616//616 744//744 746//746
f 616//616 746//746 618//618
f 617//617 747//747 745//745
f 617//617 619//619 747//747
f 618//618 746//746 748//748
f 618//618 748//748 620//620
f 619//619 749//749 747//747
f 619//619 621//621 749//749
f 620//620 748//748 750//750
f 620//620 750//750 622//622
f 621//621 751//751 749//749
f 621//621 623//623 751//751
f 622//622 750//750 752//752
f 622//622 752//752 624//624
f 623//623 753//753 751//751
f 623//623 625//625 753//753
f 624//624 752//752 754//754
f 624//624 754//754 626//626
f 625//625 755//755 753//753
f 625//625 627//627 755//755
f 626//626 754//754 756//756
f 626//626 756//756 628//628
f 627//627 757//757 755//755
f 627//627 629//629 757//757
f 628//628 756//756 758//758
f 628//628 758//758 630//630
f 629//629 759//759 757//757
f 629//629 631//631 759//759
f 630//630 758//758 760//760
f 630//630 760//760 632//632
f 631//631 761//761 759//759
f 631//631 633//633 761//761
f 632//632 760//760 762//762
f 632//632 762//762 634//634
f 633//633 763//763 761//761
f 633//633 635//635 763//763
f 634//634 762//762 764//764
f 634//634 764//764 636//636
f 635//635 765//765 763//763
f 635//635 637//637 765//765
f 636//636 764//764 766//766
f 636//636 766//766 638//638
f 637//637 767//767 765//765
f 637//637 639//639 767//767
f 638//638 766//766 768//768
f 638//638 768//768 640//640
f 639//639 769//769 767//767
f 639//639 641//641 769//769
f 640//640 768//768 770//770
f 640//640 770//770 642//642
f 641//641 643//643 769//769
f 641//641 515//515 643//643
f 642//642 770//770 644//644
f 642//642 644//644 516//516
f 643//643 773//773 771//771
f 643//643 645//645 773//773
f 644//644 772//772 774//774
f 644//644 774//774 646//646
f 645//645 775//775 773//773
f 645//645 647//647 775//775
f 646//646 774//774 776//776
f 646//646 776//776 648//648
f 647//647 777//777 775//775
f 647//647 649//649 777//777
f 648//648 776//776 778//778
f 648//648 778//778 650//650
f 649//649 779//779 777//777
f 649//649 651//651 779//779
f 650//650 778//778 780//780
f 650//650 780//780 652//652
f 651//651 781//781 779//779
f 651//651 653//653 781//781
f 652//652 780//780 782//782
f 652//652 782//782 654//654
f 653//653 783//783 781//781
f 653//653 655//655 783//783
f 654//654 782//782 784//784
f 654//654 784//784 656//656
f 655//655 785//785 783//783
f 655//655 657//657 785//785
f 656//656 784//784 786//786
f 656//656 786//786 658//658
f 657//657 787//787 785//785
f 657//657 659//659 787//787
f 658//658 786//786 788//788
f 658//658 788//788 660//660
f 659//659 789//789 787//787
f 659//659 661//661 789//789
f 660//660 788//788 790//790
f 660//660 790//790 662//662
f 661//661 791//791 789//789
f 661//661 663//663 791//791
f 662//662 790//790 792//792
f 662//662 792//792 664//664
f 663//663 793//793 791//791
f 663//663 665//665 793//793
f 664//664 792//792 794//794
f 664//664 794//794 666//666
f 665//665 795//795 793//793
f 665//665 667//667 795//795
f 666//666 794//794 796//796
f 666//666 796//796 668//668
f 667//667 797//797 795//795
f 667//667 669//669 797//797
f 668//668 796//796 798//798
f 668//668 798//798 670//670
f 669//669 799//799 797//797
f 669//669 671//671 799//799
f 670//670 798//798 800//800
f 670//670 800//800 672//672
f 671//671 801//801 799//799
f 671//671 673//673 801//801
f 672//672 800//800 802//802
f 672//672 802//802 674//674
f 673//673 803//803 801//801
f 673//673 675//675 803//803
f 674//674 802//802 804//804
f 674//674 804//804 676//676
f 675//675 805//805 803//803
f 675//675 677//677 805//805
f 676//676 804//804 806//806
f 676//676 806//806 678//678
f 677//677 807//807 805//805
f 677//677 679//679 807//807
f 678//678 806//806 808//808
f 678//678 808//808 680//680
f 679//679 809//809 807//807
f 679//679 681//681 809//809
f 680//680 808//808 810//810
f 680//680 810//810 682//682
f 681//681 811//811 809//809
f 681//681 683//683 811//811
f 682//682 810//810 812//812
f 682//682 812//812 684//684
f 683//683 813//813 811//811
f 683//683 685//685 813//813
f 684//684 812//812 814//814
f 684//684 814//814 686//686
f 685//685 815//815 813//813
f 685//685 687//687 815//815
f 686//686 814//814 816//816
f 686//686 816//816 688//688
f 687//687 817//817 815//815
f 687//687 689//689 817//817
f 688//688 816//816 818//818
f 688//688 818//818 690//690
f 689//689 819//819 817//817
f 689//689 691//691 819//819
f 690//690 818//818 820//820
f 690//690 820//820 692//692
f 691//691 821//821 819//819
f 691//691 693//693 821//821
f 692//692 820//820 822//822
f 692//692 822//822 694//694
f 693//693 823//823 821//821
f 693//693 695//695 823//823
f 694//694 822//822 824//824
f 694//694 824//824 696//696
f 695//695 825//825 823//823
f 695//695 697//697 825//825
f 696//696 824//824 826//826
f 696//696 826//826 698//698
f 697//697 827//827 825//825
f 697//697 699//699 827//827
f 698//698 826//826 828//828
f 698//698 828//828 700//700
f 699//699 829//829 827//827
f 699//699 701//701 829//829
f 700//700 828//828 830//830
f 700//700 830//830 702//702
f 701//701 831//831 829//829
f 701//701 703//703 831//831
f 702//702 830//830 832//832
f 702//702 832//832 704//704
f 703//703 833//833 831//831
f 703//703 705//705 833//833
f 704//704 832//832 834//834
f 704//704 834//834 706//706
f 705//705 835//835 833//833
f 705//705 707//707 835//835
f 706//706 834//834 836//836
f 706//706 836//836 708//708
f 707//707 837//837 835//835
f 707//707 709//709 837//837
f 708//708 836//836 838//838
f 708//708 838//838 710//710
f 709//709 839//839 837//837
f 709//709 711//711 839//839
f 710//710 838//838 840//840
f 710//710 840//840 712//712
f 711//711 841//841 839//839
f 711//711 713//713 841//841
f 712//712 840//840 842//842
f 712//712 842//842 714//714
f 713//713 843//843 841//841
f 713//713 715//715 843//843
f 714//714 842//842 844//844
f 714//714 844//844 716//716
f 715//715 845//845 843//843
f 715//715 717//717 845//845
f 716//716 844//844 846//846
f 716//716 846//846 718//718
f 717//717 847//847 845//845
f 717//717 719//719 847//847
f 718//718 846//846 848//848
f 718//718 848//848 720//720
f 719//719 849//849 847//847
f 719//719 721//721 849//849
f 720//720 848//848 850//850
f 720//720 850//850 722//722
f 721//721 851//851 849//849
f 721//721 723//723 851//851
f 722//722 850//850 852//852
f 722//722 852//852 724//724
f 723//723 853//853 851//851
f 723//723 725//725 853//853
f 724//724 852//852 854//854
f 724//724 854//854 726//726
f 725//725 855//855 853//853
f 725//725 727//727 855//855
f 726//726 854//854 856//856
f 726//726 856//856 728//728
f 727//727 857//857 855//855
f 727//727 729//729 857//857
f 728//728 856//856 858//858
f 728//728 858//858 730//730
f 729//729 859//859 857//857
f 729//729 731//731 859//859
f 730//730 858//858 860//860
f 730//730 860//860 732//732
f 731//731 861//861 859//859
f 731//731 733//733 861//861
f 732//732 860//860 862//862
f 732//732 862//862 734//734
f 733//733 863//863 861//861
f 733//733 735//735 863//863
f 734//734 862//862 864//864
f 734//734 864//864 736//736
f 735//735 865//865 863//863
f 735//735 737//737 865//865
f 736//736 864//864 866//866
f 736//736 866//866 738//738
f 737//737 867//867 865//865
f 737//737 739//739 867//867
f 738//738 866//866 868//868
f 738//738 868//868 740//740
f 739//739 869//869 867//867
f 739//739 741//741 869//869
f 740//740 868//868 870//870
f 740//740 870//870 742//742
f 741//741 871//871 869//869
f 741//741 743//743 871//871
f 742//742 870//870 872//872
f 742//742 872//872 744//744
f 743//743 873//873 871//871
f 743//743 745//745 873//873
f 744//744 872//872 874//874
f 744//744 874//874 746//746
f 745//745 875//875 873//873
f 745//745 747//747 875//875
f 746//746 874//874 876//876
f 746//746 876//876 748//748
f 747//747 877//877 875//875
f 747//747 749//749 877//877
f 748//748 876//876 878//878
f 748//748 878//878 750//750
f 749//749 879//879 877//877
f 749//749 751//751 879//879
f 750//750 878//878 880//880
f 750//750 880//880 752//752
f 751//751 881//881 879//879
f 751//751 753//753 881//881
f 752//752 880//880 882//882
f 752//752 882//882 754//754
f 753//753 883//883 881//881
f 753//753 755//755 883//883
f 754//754 882//882 884//884
f 754//754 884//884 756//756
f 755//755 885//885 883//883
f 755//755 757//757 885//885
f 756//756 884//884 886//886
f 756//756 886//886 758//758
f 757//757 887//887 885//885
f 757//757 759//759 887//887
f 758//758 886//886 888//888
f 758//758 888//888 760//760
f 759//759 889//889 887//887
f 759//759 761//761 889//889
f 760//760 888//888 890//890
f 760//760 890//890 762//762
f 761//761 891//891 889//889
f 761//761 763//763 891//891
f 762//762 890//890 892//892
f 762//762 892//892 764//764
f 763//763 893//893 891//891
f 763//763 765//765 893//893
f 764//764 892//892 894//894
f 764//764 894//894 766//766
f 765//765 895//895 893//893
f 765//765 767//767 895//895
f 766//766 894//894 896//896
f 766//766 896//896 768//768
f 767//767 897//897 895//895
f 767//767 769//769 897//897
f 768//768 896//896 898//898
f 768//768 898//898 770//770
f 769//769 771//771 897//897
f 769//769 643//643 771//771
f 770//770 898//898 772//772
f 770//770 772//772 644//644
f 771//771 901//901 899//899
f 771//771 773//773 901//901
f 772//772 900//900 902//902
f 772//772 902//902 774//774
f 773//773 903//903 901//901
f 773//773 775//775 903//903
f 774//774 902//902 904//904
f 774//774 904//904 776//776
f 775//775 905//905 903//903
f 775//775 777//777 905//905
f 776//776 904//904 906//906
f 776//776 906//906 778//778
f 777//777 907//907 905//905
f 777//777 779//779 907//907
f 778//778 906//906 908//908
f 778//778 908//908 780//780
f 779//779 909//909 907//907
f 779//779 781//781 909//909
f 780//780 908//908 910//910
f 780//780 910//910 782//782
f 781//781 911//911 909//909
f 781//781 783//783 911//911
f 782//782 910//910 912//912
f 782//782 912//912 784//784
f 783//783 913//913 911//911
f 783//783 785//785 913//913
f 784//784 912//912 914//914
f 784//784 914//914 786//786
f 785//785 915//915 913//913
f 785//785 787//787 915//915
f 786//786 914//914 916//916
f 786//786 916//916 788//788
f 787//787 917//917 915//915
f 787//787 789//789 917//917
f 788//788 916//916 918//918
f 788//788 918//918 790//790
f 789//789 919//919 917//917
f 789//789 791//791 919//919
f 790//790 918//918 920//920
f 790//790 920//920 792//792
f 791//791 921//921 919//919
f 791//791 793//793 921//921
f 792//792 920//920 922//922
f 792//792 922//922 794//794
f 793//793 923//923 921//921
f 793//793 795//795 923//923
f 794//794 922//922 924//924
f 794//794 924//924 796//796
f 795//795 925//925 923//923
f 795//795 797//797 925//925
f 796//796 924//924 926//926
f 796//796 926//926 798//798
f 797//797 927//927 925//925
f 797//797 799//799 927//927
f 798//798 926//926 928//928
f 798//798 928//928 800//800
f 799//799 929//929 927//927
f 799//799 801//801 929//929
f 800//800 928//928 930//930
f 800//800 930//930 802//802
f 801//801 931//931 929//929
f 801//801 803//803 931//931
f 802//802 930//930 932//932
f 802//802 932//932 804//804
f 803//803 933//933 931//931
f 803//803 805//805 933//933
f 804//804 932//932 934//934
f 804//804 934//934 806//806
f 805//805 935//935 933//933
f 805//805 807//807 935//935
f 806//806 934//934 936//936
f 806//806 936//936 808//808
f 807//807 937//937 935//935
f 807//807 809//809 937//937
f 808//808 936//936 938//938
f 808//808 938//938 810//810
f 809//809 939//939 937//937
f 809//809 811//811 939//939
f 810//810 938//938 940//940
f 810//810 940//940 812//812
f 811//811 941//941 939//939
f 811//811 813//813 941//941
f 812//812 940//940 942//942
f 812//812 942//942 814//814
f 813//813 943//943 941//941
f 813//813 815//815 943//943
f 814//814 942//942 944//944
f 814//814 944//944 816//816
f 815//815 945//945 943//943
f 815//815 817//817 945//945
f 816//816 944//944 946//946
f 816//816 946//946 818//818
f 817//817 947//947 945//945
f 817//817 819//819 947//947
f 818//818 946//946 948//948
f 818//818 948//948 820//820
f 819//819 949//949 947//947
f 819//819 821//821 949//949
f 820//820 948//948 950//950
f 820//820 950//950 822//822
f 821//821 951//951 949//949
f 821//821 823//823 951//951
f 822//822 950//950 952//952
f 822//822 952//952 824//824
f 823//823 953//953 951//951
f 823//823 825//825 953//953
f 824//824 952//952 954//954
f 824//824 954//954 826//826
f 825//825 955//955 953//953
f 825//825 827//827 955//955
f 826//826 954//954 956//956
f 826//826 956//956 828//828
f 827//827 957//957 955//955
f 827//827 829//829 957//957
f 828//828 956//956 958//958
f 828//828 958//958 830//830
f 829//829 959//959 957//957
f 829//829 831//831 959//959
f 830//830 958//958 960//960
f 830//830 960//960 832//832
f 831//831 961//961 959//959
f 831//831 833//833 961//961
f 832//832 960//960 962//962
f 832//832 962//962 834//834
f 833//833 963//963 961//961
f 833//833 835//835 963//963
f 834//834 962//962 964//964
f 834//834 964//964 836//836
f 835//835 965//965 963//963
f 835//835 837//837 965//965
f 836//836 964//964 966//966
f 836//836 966//966 838//838
f 837//837 967//967 965//965
f 837//837 839//839 967//967
f 838//838 966//966 968//968
f 838//838 968//968 840//840
f 839//839 969//969 967//967
f 839//839 841//841 969//969
f 840//840 968//968 970//970
f 840//840 970//970 842//842
f 841//841 971//971 969//969
f 841//841 843//843 971//971
f 842//842 970//970 972//972
f 842//842 972//972 844//844
f 843//843 973//973 971//971
f 843//843 845//845 973//973
f 844//844 972//972 974//974
f 844//844 974//974 846//846
f 845//845 975//975 973//973
f 845//845 847//847 975//975
f 846//846 974//974 976//976
f 846//846 976//976 848//848
f 847//847 977//977 975//975
f 847//847 849//849 977//977
f 848//848 976//976 978//978
f 848//848 978//978 850//850
f 849//849 979//979 977//977
f 849//849 851//851 979//979
f 850//850 978//978 980//980
f 850//850 980//980 852//852
f 851//851 981//981 979//979
f 851//851 853//853 981//981
f 852//852 980//980 982//982
f 852//852 982//982 854//854
f 853//853 983//983 981//981
f 853//853 855//855 983//983
f 854//854 982//982 984//984
f 854//854 984//984 856//856
f 855//855 985//985 983//983
f 855//855 857//857 985//985
f 856//856 984//984 986//986
f 856//856 986//986 858//858
f 857//857 987//987 985//985
f 857//857 859//859 987//987
f 858//858 986//986 988//988
f 858//858 988//988 860//860
f 859//859 989//989 987//987
f 859//859 861//861 989//989
f 860//860 988//988 990//990
f 860//860 990//990 862//862
f 861//861 991//991 989//989
f 861//861 863//863 991//991
f 862//862 990//990 992//992
f 862//862 992//992 864//864
f 863//863 993//993 991//991
f 863//863 865//865 993//993
f 864//864 992//992 994//994
f 864//864 994//994 866//866
f 865//865 995//995 993//993
f 865//865 867//867 995//995
f 866//866 994//994 996//996
f 866//866 996//996 868//868
f 867//867 997//997 995//995
f 867//867 869//869 997//997
f 868//868 996//996 998//998
f 868//868 998//998 870//870
f 869//869 999//999 997//997
f 869//869 871//871 999//999
f 870//870 998//998 1000//1000
f 870//870 1000//1000 872//872
f 871//871 1001//1001 999//999
f 871//871 873//873 1001//1001
f 872//872 1000//1000 1002//1002
f 872//872 1002//1002 874//874
f 873//873 1003//1003 1001//1001
f 873//873 875//875 1003//1003
f 874//874 1002//1002 1004//1004
f 874//874 1004//1004 876//876
f 875//875 1005//1005 1003//1003
f 875//875 877//877 1005//1005
f 876//876 1004//1004 1006//1006
f 876//876 1006//1006 878//878
f 877//877 1007//1007 1005//1005
f 877//877 879//879 1007//1007
f 878//878 1006//1006 1008//1008
f 878//878 1008//1008 880//880
f 879//879 1009//1009 1007//1007
f 879//879 881//881 1009//1009
f 880//880 1008//1008 1010//1010
f 880//880 1010//1010 882//882
f 881//881 1011//1011 1009//1009
f 881//881 883//883 1011//1011
f 882//882 1010//1010 1012//1012
f 882//882 1012//1012 884//884
f 883//883 1013//1013 1011//1011
f 883//883 885//885 1013//1013
f 884//884 1012//1012 1014//1014
f 884//884 1014//1014 886//886
f 885//885 1015//1015 1013//1013
f 885//885 887//887 1015//1015
f 886//886 1014//1014 1016//1016
f 886//886 1016//1016 888//888
f 887//887 1017//1017 1015//1015
f 887//887 889//889 1017//1017
f 888//888 1016//1016 1018//1018
f 888//888 1018//1018 890//890
f 889//889 1019//1019 1017//1017
f 889//889 891//891 1019//1019
f 890//890 1018//1018 1020//1020
f 890//890 1020//1020 892//892
f 891//891 1021//1021 1019//1019
f 891//891 893//893 1021//1021
f 892//892 1020//1020 1022//1022
f 892//892 1022//1022 894//894
f 893//893 1023//1023 1021//1021
f 893//893 895//895 1023//1023
f 894//894 1022//1022 1024//1024
f 894//894 1024//1024 896//896
f 895//895 1025//1025 1023//1023
f 895//895 897//897 1025//1025
f 896//896 1024//1024 1026//1026
f 896//896 1026//1026 898//898
f 897//897 899//899 1025//1025
f 897//897 771//771 899//899
f 898//898 1026//1026 900//900
f 898//898 900//900 772//772
f 899//899 1029//1029 1027//1027
f 899//899 901//901 1029//1029
f 900//900 1028//1028 1030//1030
f 900//900 1030//1030 902//902
f 901//901 1031//1031 1029//1029
f 901//901 903//903 1031//1031
f 902//902 1030//1030 1032//1032
f 902//902 1032//1032 904//904
f 903//903 1033//1033 1031//1031
f 903//903 905//905 1033//1033
f 904//904 1032//1032 1034//1034
f 904//904 1034//1034 906//906
f 905//905 1035//1035 1033//1033
f 905//905 907//907 1035//1035
f 906//906 1034//1034 1036//1036
f 906//906 1036//1036 908//908
f 907//907 1037//1037 1035//1035
f 907//907 909//909 1037//1037
f 908//908 1036//1036 1038//1038
f 908//908 1038//1038 910//910
f 909//909 1039//1039 1037//1037
f 909//909 911//911 1039//1039
f 910//910 1038//1038 1040//1040
f 910//910 1040//1040 912//912
f 911//911 1041//1041 1039//1039
f 911//911 913//913 1041//1041
f 912//912 1040//1040 1042//1042
f 912//912 1042//1042 914//914
f 913//913 1043//1043 1041//1041
f 913//913 915//915 1043//1043
f 914//914 1042//1042 1044//1044
f 914//914 1044//1044 916//916
f 915//915 1045//1045 1043//1043
f 915//915 917//917 1045//1045
f 916//916 1044//1044 1046//1046
f 916//916 1046//1046 918//918
f 917//917 1047//1047 1045//1045
f 917//917 919//919 1047//1047
f 918//918 1046//1046 1048//1048
f 918//918 1048//1048 920//920
f 919//919 1049//1049 1047//1047
f 919//919 921//921 1049//1049
f 920//920 1048//1048 1050//1050
f 920//920 1050//1050 922//922
f 921//921 1051//1051 1049//1049
f 921//921 923//923 1051//1051
f 922//922 1050//1050 1052//1052
f 922//922 1052//1052 924//924
f 923//923 1053//1053 1051//1051
f 923//923 925//925 1053//1053
f 924//924 1052//1052 1054//1054
f 924//924 1054//1054 926//926
f 925//925 1055//1055 1053//1053
f 925//925 927//927 1055//1055
f 926//926 1054//1054 1056//1056
f 926//926 1056//1056 928//928
f 927//927 1057//1057 1055//1055
f 927//927 929//929 1057//1057
f 928//928 1056//1056 1058//1058
f 928//928 1058//1058 930//930
f 929//929 1059//1059 1057//1057
f 929//929 931//931 1059//1059
f 930//930 1058//1058 1060//1060
f 930//930 1060//1060 932//932
f 931//931 1061//1061 1059//1059
f 931//931 933//933 1061//1061
f 932//932 1060//1060 1062//1062
f 932//932 1062//1062 934//934
f 933//933 1063//1063 1061//1061
f 933//933 935//935 1063//1063
f 934//934 1062//1062 1064//1064
f 934//934 1064//1064 936//936
f 935//935 1065//1065 1063//1063
f 935//935 937//937 1065//1065
f 936//936 1064//1064 1066//1066
f 936//936 1066//1066 938//938
f 937//937 1067//1067 1065//1065
f 937//937 939//939 1067//1067
f 938//938 1066//1066 1068//1068
f 938//938 1068//1068 940//940
f 939//939 1069//1069 1067//1067
f 939//939 941//941 1069//1069
f 940//940 1068//1068 1070//1070
f 940//940 1070//1070 942//942
f 941//941 1071//1071 1069//1069
f 941//941 943//943 1071//1071
f 942//942 1070//1070 1072//1072
f 942//942 1072//1072 944//944
f 943//943 1073//1073 1071//1071
f 943//943 945//945 1073//1073
f 944//944 1072//1072 1074//1074
f 944//944 1074//1074 946//946
f 945//945 1075//1075 1073//1073
f 945//945 947//947 1075//1075
f 946//946 1074//1074 1076//1076
f 946//946 1076//1076 948//948
f 947//947 1077//1077 1075//1075
f 947//947 949//949 1077//1077
f 948//948 1076//1076 1078//1078
f 948//948 1078//1078 950//950
f 949//949 1079//1079 1077//1077
f 949//949 951//951 1079//1079
f 950//950 1078//1078 1080//1080
f 950//950 1080//1080 952//952
f 951//951 1081//1081 1079//1079
f 951//951 953//953 1081//1081
f 952//952 1080//1080 1082//1082
f 952//952 1082//1082 954//954
f 953//953 1083//1083 1081//1081
f 953//953 955//955 1083//1083
f 954//954 1082//1082 1084//1084
f 954//954 1084//1084 956//956
f 955//955 1085//1085 1083//1083
f 955//955 957//957 1085//1085
f 956//956 1084//1084 1086//1086
f 956//956 1086//1086 958//958
f 957//957 1087//1087 1085//1085
f 957//957 959//959 1087//1087
f 958//958 1086//1086 1088//1088
f 958//958 1088//1088 960//960
f 959//959 1089//1089 1087//1087
f 959//959 961//961 1089//1089
f 960//960 1088//1088 1090//1090
f 960//960 1090//1090 962//962
f 961//961 1091//1091 1089//1089
f 961//961 963//963 1091//1091
f 962//962 1090//1090 1092//1092
f 962//962 1092//1092 964//964
f 963//963 1093//1093 1091//1091
f 963//963 965//965 1093//1093
f 964//964 1092//1092 1094//1094
f 964//964 1094//1094 966//966
f 965//965 1095//1095 1093//1093
f 965//965 967//967 1095//1095
f 966//966 1094//1094 1096//1096
f 966//966 1096//1096 968//968
f 967//967 1097//1097 1095//1095
f 967//967 969//969 1097//1097
f 968//968 1096//1096 1098//1098
f 968//968 1098//1098 970//970
f 969//969 1099//1099 1097//1097
f 969//969 971//971 1099//1099
f 970//970 1098//1098 1100//1100
f 970//970 1100//1100 972//972
f 971//971 1101//1101 1099//1099
f 971//971 973//973 1101//1101
f 972//972 1100//1100 1102//1102
f 972//972 1102//1102 974//974
f 973//973 1103//1103 1101//1101
f 973//973 975//975 1103//1103
f 974//974 1102//1102 1104//1104
f 974//974 1104//1104 976//976
f 975//975 1105//1105 1103//1103
f 975//975 977//977 1105//1105
f 976//976 1104//1104 1106//1106
f 976//976 1106//1106 978//978
f 977//977 1107//1107 1105//1105
f 977//977 979//979 1107//1107
f 978//978 1106//1106 1108//1108
f 978//978 1108//1108 980//980
f 979//979 1109//1109 1107//1107
f 979//979 981//981 1109//1109
f 980//980 1108//1108 1110//1110
f 980//980 1110//1110 982//982
f 981//981 1111//1111 1109//1109
f 981//981 983//983 1111//1111
f 982//982 1110//1110 1112//1112
f 982//982 1112//1112 984//984
f 983//983 1113//1113 1111//1111
f 983//983 985//985 1113//1113
f 984//984 1112//1112 1114//1114
f 984//984 1114//1114 986//986
f 985//985 1115//1115 1113//1113
f 985//985 987//987 1115//1115
f 986//986 1114//1114 1116//1116
f 986//986 1116//1116 988//988
f 987//987 1117//1117 1115//1115
f 987//987 989//989 1117//1117
f 988//988 1116//1116 1118//1118
f 988//988 1118//1118 990//990
f 989//989 1119//1119 1117//1117
f 989//989 991//991 1119//1119
f 990//990 1118//1118 1120//1120
f 990//990 1120//1120 992//992
f 991//991 1121//1121 1119//1119
f 991//991 993//993 1121//1121
f 992//992 1120//1120 1122//1122
f 992//992 1122//1122 994//994
f 993//993 1123//1123 1121//1121
f 993//993 995//995 1123//1123
f 994//994 1122//1122 1124//1124
f 994//994 1124//1124 996//996
f 995//995 1125//1125 1123//1123
f 995//995 997//997 1125//1125
f 996//996 1124//1124 1126//1126
f 996//996 1126//1126 998//998
f 997//997 1127//1127 1125//1125
f 997//997 999//999 1127//1127
f 998//998 1126//1126 1128//1128
f 998//998 1128//1128 1000//1000
f 999//999 1129//1129 1127//1127
f 999//999 1001//1001 1129//1129
f 1000//1000 1128//1128 1130//1130
f 1000//1000 1130//1130 1002//1002
f 1001//1001 1131//1131 1129//1129
f 1001//1001 1003//1003 1131//1131
f 1002//1002 1130//1130 1132//1132
f 1002//1002 1132//1132 1004//1004
f 1003//1003 1133//1133 1131//1131
f 1003//1003 1005//1005 1133//1133
f 1004//1004 1132//1132 1134//1134
f 1004//1004 1134//1134 1006//1006
f 1005//1005 1135//1135 1133//1133
f 1005//1005 1007//1007 1135//1135
f 1006//1006 1134//1134 1136//1136
f 1006//1006 1136//1136 1008//1008
f 1007//1007 1137//1137 1135//1135
f 1007//1007 1009//1009 1137//1137
f 1008//1008 1136//1136 1138//1138
f 1008//1008 1138//1138 1010//1010
f 1009//1009 1139//1139 1137//1137
f 1009//1009 1011//1011 1139//1139
f 1010//1010 1138//1138 1140//1140
f 1010//1010 1140//1140 1012//1012
f 1011//1011 1141//1141 1139//1139
f 1011//1011 1013//1013 1141//1141
f 1012//1012 1140//1140 1142//1142
f 1012//1012 1142//1142 1014//1014
f 1013//1013 1143//1143 1141//1141
f 1013//1013 1015//1015 1143//1143
f 1014//1014 1142//1142 1144//1144
f 1014//1014 1144//1144 1016//1016
f 1015//1015 1145//1145 1143//1143
f 1015//1015 1017//1017 1145//1145
f 1016//1016 1144//1144 1146//1146
f 1016//1016 1146//1146 1018//1018
f 1017//1017 1147//1147 1145//1145
f 1017//1017 1019//1019 1147//1147
f 1018//1018 1146//1146 1148//1148
f 1018//1018 1148//1148 1020//1020
f 1019//1019 1149//1149 1147//1147
f 1019//1019 1021//1021 1149//1149
f 1020//1020 1148//1148 1150//1150
f 1020//1020 1150//1150 1022//1022
f 1021//1021 1151//1151 1149//1149
f 1021//1021 1023//1023 1151//1151
f 1022//1022 1150//1150 1152//1152
f 1022//1022 1152//1152 1024//1024
f 1023//1023 1153//1153 1151//1151
f 1023//1023 1025//1025 1153//1153
f 1024//1024 1152//1152 1154//1154
f 1024//1024 1154//1154 1026//1026
f 1025//1025 1027//1027 1153//1153
f 1025//1025 899//899 1027//1027
f 1026//1026 1154//1154 1028//1028
f 1026//1026 1028//1028 900//900
f 1027//1027 1157//1157 1155//1155
f 1027//1027 1029//1029 1157//1157
f 1028//1028 1156//1156 1158//1158
f 1028//1028 1158//1158 1030//1030
f 1029//1029 1159//1159 1157//1157
f 1029//1029 1031//1031 1159//1159
f 1030//1030 1158//1158 1160//1160
f 1030//1030 1160//1160 1032//1032
f 1031//1031 1161//1161 1159//1159
f 1031//1031 1033//1033 1161//1161
f 1032//1032 1160//1160 1162//1162
f 1032//1032 1162//1162 1034//1034
f 1033//1033 1163//1163 1161//1161
f 1033//1033 1035//1035 1163//1163
f 1034//1034 1162//1162 1164//1164
f 1034//1034 1164//1164 1036//1036
f 1035//1035 1165//1165 1163//1163
f 1035//1035 1037//1037 1165//1165
f 1036//1036 1164//1164 1166//1166
f 1036//1036 1166//1166 1038//1038
f 1037//1037 1167//1167 1165//1165
f 1037//1037 1039//1039 1167//1167
f 1038//1038 1166//1166 1168//1168
f 1038//1038 1168//1168 1040//1040
f 1039//1039 1169//1169 1167//1167
f 1039//1039 1041//1041 1169//1169
f 1040//1040 1168//1168 1170//1170
f 1040//1040 1170//1170 1042//1042
f 1041//1041 1171//1171 1169//1169
f 1041//1041 1043//1043 1171//1171
f 1042//1042 1170//1170 1172//1172
f 1042//1042 1172//1172 1044//1044
f 1043//1043 1173//1173 1171//1171
f 1043//1043 1045//1045 1173//1173
f 1044//1044 1172//1172 1174//1174
f 1044//1044 1174//1174 1046//1046
f 1045//1045 1175//1175 1173//1173
f 1045//1045 1047//1047 1175//1175
f 1046//1046 1174//1174 1176//1176
f 1046//1046 1176//1176 1048//1048
f 1047//1047 1177//1177 1175//1175
f 1047//1047 1049//1049 1177//1177
f 1048//1048 1176//1176 1178//1178
f 1048//1048 1178//1178 1050//1050
f 1049//1049 1179//1179 1177//1177
f 1049//1049 1051//1051 1179//1179
f 1050//1050 1178//1178 1180//1180
f 1050//1050 1180//1180 1052//1052
f 1051//1051 1181//1181 1179//1179
f 1051//1051 1053//1053 1181//1181
f 1052//1052 1180//1180 1182//1182
f 1052//1052 1182//1182 1054//1054
f 1053//1053 1183//1183 1181//1181
f 1053//1053 1055//1055 1183//1183
f 1054//1054 1182//1182 1184//1184
f 1054//1054 1184//1184 1056//1056
f 1055//1055 1185//1185 1183//1183
f 1055//1055 1057//1057 1185//1185
f 1056//1056 1184//1184 1186//1186
f 1056//1056 1186//1186 1058//1058
f 1057//1057 1187//1187 1185//1185
f 1057//1057 1059//1059 1187//1187
f 1058//1058 1186//1186 1188//1188
f 1058//1058 1188//1188 1060//1060
f 1059//1059 1189//1189 1187//1187
f 1059//1059 1061//1061 1189//1189
f 1060//1060 1188//1188 1190//1190
f 1060//1060 1190//1190 1062//1062
f 1061//1061 1191//1191 1189//1189
f 1061//1061 1063//1063 1191//1191
f 1062//1062 1190//1190 1192//1192
f 1062//1062 1192//1192 1064//1064
f 1063//1063 1193//1193 1191//1191
f 1063//1063 1065//1065 1193//1193
f 1064//1064 1192//1192 1194//1194
f 1064//1064 1194//1194 1066//1066
f 1065//1065 1195//1195 1193//1193
f 1065//1065 1067//1067 1195//1195
f 1066//1066 1194//1194 1196//1196
f 1066//1066 1196//1196 1068//1068
f 1067//1067 1197//1197 1195//1195
f 1067//1067 1069//1069 1197//1197
f 1068//1068 1196//1196 1198//1198
f 1068//1068 1198//1198 1070//1070
f 1069//1069 1199//1199 1197//1197
f 1069//1069 1071//1071 1199//1199
f 1070//1070 1198//1198 1200//1200
f 1070//1070 1200//1200 1072//1072
f 1071//1071 1201//1201 1199//1199
f 1071//1071 1073//1073 1201//1201
f 1072//1072 1200//1200 1202//1202
f 1072//1072 1202//1202 1074//1074
f 1073//1073 1203//1203 1201//1201
f 1073//1073 1075//1075 1203//1203
f 1074//1074 1202//1202 1204//1204
f 1074//1074 1204//1204 1076//1076
f 1075//1075 1205//1205 1203//1203
f 1075//1075 1077//1077 1205//1205
f 1076//1076 1204//1204 1206//1206
f 1076//1076 1206//1206 1078//1078
f 1077//1077 1207//1207 1205//1205
f 1077//1077 1079//1079 1207//1207
f 1078//1078 1206//1206 1208//1208
f 1078//1078 1208//1208 1080//1080
f 1079//1079 1209//1209 1207//1207
f 1079//1079 1081//1081 1209//1209
f 1080//1080 1208//1208 1210//1210
f 1080//1080 1210//1210 1082//1082
f 1081//1081 1211//1211 1209//1209
f 1081//1081 1083//1083 1211//1211
f 1082//1082 1210//1210 1212//1212
f 1082//1082 1212//1212 1084//1084
f 1083//1083 1213//1213 1211//1211
f 1083//1083 1085//1085 1213//1213
f 1084//1084 1212//1212 1214//1214
f 1084//1084 1214//1214 1086//1086
f 1085//1085 1215//1215 1213//1213
f 1085//1085 1087//1087 1215//1215
f 1086//1086 1214//1214 1216//1216
f 1086//1086 1216//1216 1088//1088
f 1087//1087 1217//1217 1215//1215
f 1087//1087 1089//1089 1217//1217
f 1088//1088 1216//1216 1218//1218
f 1088//1088 1218//1218 1090//1090
f 1089//1089 1219//1219 1217//1217
f 1089//1089 1091//1091 1219//1219
f 1090//1090 1218//1218 1220//1220
f 1090//1090 1220//1220 1092//1092
f 1091//1091 1221//1221 1219//1219
f 1091//1091 1093//1093 1221//1221
f 1092//1092 1220//1220 1222//1222
f 1092//1092 1222//1222 1094//1094
f 1093//1093 1223//1223 1221//1221
f 1093//1093 1095//1095 1223//1223
f 1094//1094 1222//1222 1224//1224
f 1094//1094 1224//1224 1096//1096
f 1095//1095 1225//1225 1223//1223
f 1095//1095 1097//1097 1225//1225
f 1096//1096 1224//1224 1226//1226
f 1096//1096 1226//1226 1098//1098
f 1097//1097 1227//1227 1225//1225
f 1097//1097 1099//1099 1227//1227
f 1098//1098 1226//1226 1228//1228
f 1098//1098 1228//1228 1100//1100
f 1099//1099 1229//1229 1227//1227
f 1099//1099 1101//1101 1229//1229
f 1100//1100 1228//1228 1230//1230
f 1100//1100 1230//1230 1102//1102
f 1101//1101 1231//1231 1229//1229
f 1101//1101 1103//1103 1231//1231
f 1102//1102 1230//1230 1232//1232
f 1102//1102 1232//1232 1104//1104
f 1103//1103 1233//1233 1231//1231
f 1103//1103 1105//1105 1233//1233
f 1104//1104 1232//1232 1234//1234
f 1104//1104 1234//1234 1106//1106
f 1105//1105 1235//1235 1233//1233
f 1105//1105 1107//1107 1235//1235
f 1106//1106 1234//1234 1236//1236
f 1106//1106 1236//1236 1108//1108
f 1107//1107 1237//1237 1235//1235
f 1107//1107 1109//1109 1237//1237
f 1108//1108 1236//1236 1238//1238
f 1108//1108 1238//1238 1110//1110
f 1109//1109 1239//1239 1237//1237
f 1109//1109 1111//1111 1239//1239
f 1110//1110 1238//1238 1240//1240
f 1110//1110 1240//1240 1112//1112
f 1111//1111 1241//1241 1239//1239
f 1111//1111 1113//1113 1241//1241
f 1112//1112 1240//1240 1242//1242
f 1112//1112 1242//1242 1114//1114
f 1113//1113 1243//1243 1241//1241
f 1113//1113 1115//1115 1243//1243
f 1114//1114 1242//1242 1244//1244
f 1114//1114 1244//1244 1116//1116
f 1115//1115 1245//1245 1243//1243
f 1115//1115 1117//1117 1245//1245
f 1116//1116 1244//1244 1246//1246
f 1116//1116 1246//1246 1118//1118
f 1117//1117 1247//1247 1245//1245
f 1117//1117 1119//1119 1247//1247
f 1118//1118 1246//1246 1248//1248
f 1118//1118 1248//1248 1120//1120
f 1119//1119 1249//1249 1247//1247
f 1119//1119 1121//1121 1249//1249
f 1120//1120 1248//1248 1250//1250
f 1120//1120 1250//1250 1122//1122
f 1121//1121 1251//1251 1249//1249
f 1121//1121 1123//1123 1251//1251
f 1122//1122 1250//1250 1252//1252
f 1122//1122 1252//1252 1124//1124
f 1123//1123 1253//1253 1251//1251
f 1123//1123 1125//1125 1253//1253
f 1124//1124 1252//1252 1254//1254
f 1124//1124 1254//1254 1126//1126
f 1125//1125 1255//1255 1253//1253
f 1125//1125 1127//1127 1255//1255
f 1126//1126 1254//1254 1256//1256
f 1126//1126 1256//1256 1128//1128
f 1127//1127 1257//1257 1255//1255
f 1127//1127 1129//1129 1257//1257
f 1128//1128 1256//1256 1258//1258
f 1128//1128 1258//1258 1130//1130
f 1129//1129 1259//1259 1257//1257
f 1129//1129 1131//1131 1259//1259
f 1130//1130 1258//1258 1260//1260
f 1130//1130 1260//1260 1132//1132
f 1131//1131 1261//1261 1259//1259
f 1131//1131 1133//1133 1261//1261
f 1132//1132 1260//1260 1262//1262
f 1132//1132 1262//1262 1134//1134
f 1133//1133 1263//1263 1261//1261
f 1133//1133 1135//1135 1263//1263
f 1134//1134 1262//1262 1264//1264
f 1134//1134 1264//1264 1136//1136
f 1135//1135 1265//1265 1263//1263
f 1135//1135 1137//1137 1265//1265
f 1136//1136 1264//1264 1266//1266
f 1136//1136 1266//1266 1138//1138
f 1137//1137 1267//1267 1265//1265
f 1137//1137 1139//1139 1267//1267
f 1138//1138 1266//1266 1268//1268
f 1138//1138 1268//1268 1140//1140
f 1139//1139 1269//1269 1267//1267
f 1139//1139 1141//1141 1269//1269
f 1140//1140 1268//1268 1270//1270
f 1140//1140 1270//1270 1142//1142
f 1141//1141 1271//1271 1269//1269
f 1141//1141 1143//1143 1271//1271
f 1142//1142 1270//1270 1272//1272
f 1142//1142 1272//1272 1144//1144
f 1143//1143 1273//1273 1271//1271
f 1143//1143 1145//1145 1273//1273
f 1144//1144 1272//1272 1274//1274
f 1144//1144 1274//1274 1146//1146
f 1145//1145 1275//1275 1273//1273
f 1145//1145 1147//1147 1275//1275
f 1146//1146 1274//1274 1276//1276
f 1146//1146 1276//1276 1148//1148
f 1147//1147 1277//1277 1275//1275
f 1147//1147 1149//1149 1277//1277
f 1148//1148 1276//1276 1278//1278
f 1148//1148 1278//1278 1150//1150
f 1149//1149 1279//1279 1277//1277
f 1149//1149 1151//1151 1279//1279
f 1150//1150 1278//1278 1280//1280
f 1150//1150 1280//1280 1152//1152
f 1151//1151 1281//1281 1279//1279
f 1151//1151 1153//1153 1281//1281
f 1152//1152 1280//1280 1282//1282
f 1152//1152 1282//1282 1154//1154
f 1153//1153 1155//1155 1281//1281
f 1153//1153 1027//1027 1155//1155
f 1154//1154 1282//1282 1156//1156
f 1154//1154 1156//1156 1028//1028
f 1155//1155 1285//1285 1283//1283
f 1155//1155 1157//1157 1285//1285
f 1156//1156 1284//1284 1286//1286
f 1156//1156 1286//1286 1158//1158
f 1157//1157 1287//1287 1285//1285
f 1157//1157 1159//1159 1287//1287
f 1158//1158 1286//1286 1288//1288
f 1158//1158 1288//1288 1160//1160
f 1159//1159 1289//1289 1287//1287
f 1159//1159 1161//1161 1289//1289
f 1160//1160 1288//1288 1290//1290
f 1160//1160 1290//1290 1162//1162
f 1161//1161 1291//1291 1289//1289
f 1161//1161 1163//1163 1291//1291
f 1162//1162 1290//1290 1292//1292
f 1162//1162 1292//1292 1164//1164
f 1163//1163 1293//1293 1291//1291
f 1163//1163 1165//1165 1293//1293
f 1164//1164 1292//1292 1294//1294
f 1164//1164 1294//1294 1166//1166
f 1165//1165 1295//1295 1293//1293
f 1165//1165 1167//1167 1295//1295
f 1166//1166 1294//1294 1296//1296
f 1166//1166 1296//1296 1168//1168
f 1167//1167 1297//1297 1295//1295
f 1167//1167 1169//1169 1297//1297
f 1168//1168 1296//1296 1298//1298
f 1168//1168 1298//1298 1170//1170
f 1169//1169 1299//1299 1297//1297
f 1169//1169 1171//1171 1299//1299
f 1170//1170 1298//1298 1300//1300
f 1170//1170 1300//1300 1172//1172
f 1171//1171 1301//1301 1299//1299
f 1171//1171 1173//1173 1301//1301
f 1172//1172 1300//1300 1302//1302
f 1172//1172 1302//1302 1174//1174
f 1173//1173 1303//1303 1301//1301
f 1173//1173 1175//1175 1303//1303
f 1174//1174 1302//1302 1304//1304
f 1174//1174 1304//1304 1176//1176
f 1175//1175 1305//1305 1303//1303
f 1175//1175 1177//1177 1305//1305
f 1176//1176 1304//1304 1306//1306
f 1176//1176 1306//1306 1178//1178
f 1177//1177 1307//1307 1305//1305
f 1177//1177 1179//1179 1307//1307
f 1178//1178 1306//1306 1308//1308
f 1178//1178 1308//1308 1180//1180
f 1179//1179 1309//1309 1307//1307
f 1179//1179 1181//1181 1309//1309
f 1180//1180 1308//1308 1310//1310
f 1180//1180 1310//1310 1182//1182
f 1181//1181 1311//1311 1309//1309
f 1181//1181 1183//1183 1311//1311
f 1182//1182 1310//1310 1312//1312
f 1182//1182 1312//1312 1184//1184
f 1183//1183 1313//1313 1311//1311
f 1183//1183 1185//1185 1313//1313
f 1184//1184 1312//1312 1314//1314
f 1184//1184 1314//1314 1186//1186
f 1185//1185 1315//1315 1313//1313
f 1185//1185 1187//1187 1315//1315
f 1186//1186 1314//1314 1316//1316
f 1186//1186 1316//1316 1188//1188
f 1187//1187 1317//1317 1315//1315
f 1187//1187 1189//1189 1317//1317
f 1188//1188 1316//1316 1318//1318
f 1188//1188 1318//1318 1190//1190
f 1189//1189 1319//1319 1317//1317
f 1189//1189 1191//1191 1319//1319
f 1190//1190 1318//1318 1320//1320
f 1190//1190 1320//1320 1192//1192
f 1191//1191 1321//1321 1319//1319
f 1191//1191 1193//1193 1321//1321
f 1192//1192 1320//1320 1322//1322
f 1192//1192 1322//1322 1194//1194
f 1193//1193 1323//1323 1321//1321
f 1193//1193 1195//1195 1323//1323
f 1194//1194 1322//1322 1324//1324
f 1194//1194 1324//1324 1196//1196
f 1195//1195 1325//1325 1323//1323
f 1195//1195 1197//1197 1325//1325
f 1196//1196 1324//1324 1326//1326
f 1196//1196 1326//1326 1198//1198
f 1197//1197 1327//1327 1325//1325
f 1197//1197 1199//1199 1327//1327
f 1198//1198 1326//1326 1328//1328
f 1198//1198 1328//1328 1200//1200
f 1199//1199 1329//1329 1327//1327
f 1199//1199 1201//1201 1329//1329
f 1200//1200 1328//1328 1330//1330
f 1200//1200 1330//1330 1202//1202
f 1201//1201 1331//1331 1329//1329
f 1201//1201 1203//1203 1331//1331
f 1202//1202 1330//1330 1332//1332
f 1202//1202 1332//1332 1204//1204
f 1203//1203 1333//1333 1331//1331
f 1203//1203 1205//1205 1333//1333
f 1204//1204 1332//1332 1334//1334
f 1204//1204 1334//1334 1206//1206
f 1205//1205 1335//1335 1333//1333
f 1205//1205 1207//1207 1335//1335
f 1206//1206 1334//1334 1336//1336
f 1206//1206 1336//1336 1208//1208
f 1207//1207 1337//1337 1335//1335
f 1207//1207 1209//1209 1337//1337
f 1208//1208 1336//1336 1338//1338
f 1208//1208 1338//1338 1210//1210
f 1209//1209 1339//1339 1337//1337
f 1209//1209 1211//1211 1339//1339
f 1210//1210 1338//1338 1340//1340
f 1210//1210 1340//1340 1212//1212
f 1211//1211 1341//1341 1339//1339
f 1211//1211 1213//1213 1341//1341
f 1212//1212 1340//1340 1342//1342
f 1212//1212 1342//1342 1214//1214
f 1213//1213 1343//1343 1341//1341
f 1213//1213 1215//1215 1343//1343
f 1214//1214 1342//1342 1344//1344
f 1214//1214 1344//1344 1216//1216
f 1215//1215 1345//1345 1343//1343
f 1215//1215 1217//1217 1345//1345
f 1216//1216 1344//1344 1346//1346
f 1216//1216 1346//1346 1218//1218
f 1217//1217 1347//1347 1345//1345
f 1217//1217 1219//1219 1347//1347
f 1218//1218 1346//1346 1348//1348
f 1218//1218 1348//1348 1220//1220
f 1219//1219 1349//1349 1347//1347
f 1219//1219 1221//1221 1349//1349
f 1220//1220 1348//1348 1350//1350
f 1220//1220 1350//1350 1222//1222
f 1221//1221 1351//1351 1349//1349
f 1221//1221 1223//1223 1351//1351
f 1222//1222 1350//1350 1352//1352
f 1222//1222 1352//1352 1224//1224
f 1223//1223 1353//1353 1351//1351
f 1223//1223 1225//1225 1353//1353
f 1224//1224 1352//1352 1354//1354
f 1224//1224 1354//1354 1226//1226
f 1225//1225 1355//1355 1353//1353
f 1225//1225 1227//1227 1355//1355
f 1226//1226 1354//1354 1356//1356
f 1226//1226 1356//1356 1228//1228
f 1227//1227 1357//1357 1355//1355
f 1227//1227 1229//1229 1357//1357
f 1228//1228 1356//1356 1358//1358
f 1228//1228 1358//1358 1230//1230
f 1229//1229 1359//1359 1357//1357
f 1229//1229 1231//1231 1359//1359
f 1230//1230 1358//1358 1360//1360
f 1230//1230 1360//1360 1232//1232
f 1231//1231 1361//1361 1359//1359
f 1231//1231 1233//1233 1361//1361
f 1232//1232 1360//1360 1362//1362
f 1232//1232 1362//1362 1234//1234
f 1233//1233 1363//1363 1361//1361
f 1233//1233 1235//1235 1363//1363
f 1234//1234 1362//1362 1364//1364
f 1234//1234 1364//1364 1236//1236
f 1235//1235 1365//1365 1363//1363
f 1235//1235 1237//1237 1365//1365
f 1236//1236 1364//1364 1366//1366
f 1236//1236 1366//1366 1238//1238
f 1237//1237 1367//1367 1365//1365
f 1237//1237 1239//1239 1367//1367
f 1238//1238 1366//1366 1368//1368
f 1238//1238 1368//1368 1240//1240
f 1239//1239 1369//1369 1367//1367
f 1239//1239 1241//1241 1369//1369
f 1240//1240 1368//1368 1370//1370
f 1240//1240 1370//1370 1242//1242
f 1241//1241 1371//1371 1369//1369
f 1241//1241 1243//1243 1371//1371
f 1242//1242 1370//1370 1372//1372
f 1242//1242 1372//1372 1244//1244
f 1243//1243 1373//1373 1371//1371
f 1243//1243 1245//1245 1373//1373
f 1244//1244 1372//1372 1374//1374
f 1244//1244 1374//1374 1246//1246
f 1245//1245 1375//1375 1373//1373
f 1245//1245 1247//1247 1375//1375
f 1246//1246 1374//1374 1376//1376
f 1246//1246 1376//1376 1248//1248
f 1247//1247 1377//1377 1375//1375
f 1247//1247 1249//1249 1377//1377
f 1248//1248 1376//1376 1378//1378
f 1248//1248 1378//1378 1250//1250
f 1249//1249 1379//1379 1377//1377
f 1249//1249 1251//1251 1379//1379
f 1250//1250 1378//1378 1380//1380
f 1250//1250 1380//1380 1252//1252
f 1251//1251 1381//1381 1379//1379
f 1251//1251 1253//1253 1381//1381
f 1252//1252 1380//1380 1382//1382
f 1252//1252 1382//1382 1254//1254
f 1253//1253 1383//1383 1381//1381
f 1253//1253 1255//1255 1383//1383
f 1254//1254 1382//1382 1384//1384
f 1254//1254 1384//1384 1256//1256
f 1255//1255 1385//1385 1383//1383
f 1255//1255 1257//1257 1385//1385
f 1256//1256 1384//1384 1386//1386
f 1256//1256 1386//1386 1258//1258
f 1257//1257 1387//1387 1385//1385
f 1257//1257 1259//1259 1387//1387
f 1258//1258 1386//1386 1388//1388
f 1258//1258 1388//1388 1260//1260
f 1259//1259 1389//1389 1387//1387
f 1259//1259 1261//1261 1389//1389
f 1260//1260 1388//1388 1390//1390
f 1260//1260 1390//1390 1262//1262
f 1261//1261 1391//1391 1389//1389
f 1261//1261 1263//1263 1391//1391
f 1262//1262 1390//1390 1392//1392
f 1262//1262 1392//1392 1264//1264
f 1263//1263 1393//1393 1391//1391
f 1263//1263 1265//1265 1393//1393
f 1264//1264 1392//1392 1394//1394
f 1264//1264 1394//1394 1266//1266
f 1265//1265 1395//1395 1393//1393
f 1265//1265 1267//1267 1395//1395
f 1266//1266 1394//1394 1396//1396
f 1266//1266 1396//1396 1268//1268
f 1267//1267 1397//1397 1395//1395
f 1267//1267 1269//1269 1397//1397
f 1268//1268 1396//1396 1398//1398
f 1268//1268 1398//1398 1270//1270
f 1269//1269 1399//1399 1397//1397
f 1269//1269 1271//1271 1399//1399
f 1270//1270 1398//1398 1400//1400
f 1270//1270 1400//1400 1272//1272
f 1271//1271 1401//1401 1399//1399
f 1271//1271 1273//1273 1401//1401
f 1272//1272 1400//1400 1402//1402
f 1272//1272 1402//1402 1274//1274
f 1273//1273 1403//1403 1401//1401
f 1273//1273 1275//1275 1403//1403
f 1274//1274 1402//1402 1404//1404
f 1274//1274 1404//1404 1276//1276
f 1275//1275 1405//1405 1403//1403
f 1275//1275 1277//1277 1405//1405
f 1276//1276 1404//1404 1406//1406
f 1276//1276 1406//1406 1278//1278
f 1277//1277 1407//1407 1405//1405
f 1277//1277 1279//1279 1407//1407
f 1278//1278 1406//1406 1408//1408
f 1278//1278 1408//1408 1280//1280
f 1279//1279 1409//1409 1407//1407
f 1279//1279 1281//1281 1409//1409
f 1280//1280 1408//1408 1410//1410
f 1280//1280 1410//1410 1282//1282
f 1281//1281 1283//1283 1409//1409
f 1281//1281 1155//1155 1283//1283
f 1282//1282 1410//1410 1284//1284
f 1282//1282 1284//1284 1156//1156
f 1283//1283 1413//1413 1411//1411
f 1283//1283 1285//1285 1413//1413
f 1284//1284 1412//1412 1414//1414
f 1284//1284 1414//1414 1286//1286
f 1285//1285 1415//1415 1413//1413
f 1285//1285 1287//1287 1415//1415
f 1286//1286 1414//1414 1416//1416
f 1286//1286 1416//1416 1288//1288
f 1287//1287 1417//1417 1415//1415
f 1287//1287 1289//1289 1417//1417
f 1288//1288 1416//1416 1418//1418
f 1288//1288 1418//1418 1290//1290
f 1289//1289 1419//1419 1417//1417
f 1289//1289 1291//1291 1419//1419
f 1290//1290 1418//1418 1420//1420
f 1290//1290 1420//1420 1292//1292
f 1291//1291 1421//1421 1419//1419
f 1291//1291 1293//1293 1421//1421
f 1292//1292 1420//1420 1422//1422
f 1292//1292 1422//1422 1294//1294
f 1293//1293 1423//1423 1421//1421
f 1293//1293 1295//1295 1423//1423
f 1294//1294 1422//1422 1424//1424
f 1294//1294 1424//1424 1296//1296
f 1295//1295 1425//1425 1423//1423
f 1295//1295 1297//1297 1425//1425
f 1296//1296 1424//1424 1426//1426
f 1296//1296 1426//1426 1298//1298
f 1297//1297 1427//1427 1425//1425
f 1297//1297 1299//1299 1427//1427
f 1298//1298 1426//1426 1428//1428
f 1298//1298 1428//1428 1300//1300
f 1299//1299 1429//1429 1427//1427
f 1299//1299 1301//1301 1429//1429
f 1300//1300 1428//1428 1430//1430
f 1300//1300 1430//1430 1302//1302
f 1301//1301 1431//1431 1429//1429
f 1301//1301 1303//1303 1431//1431
f 1302//1302 1430//1430 1432//1432
f 1302//1302 1432//1432 1304//1304
f 1303//1303 1433//1433 1431//1431
f 1303//1303 1305//1305 1433//1433
f 1304//1304 1432//1432 1434//1434
f 1304//1304 1434//1434 1306//1306
f 1305//1305 1435//1435 1433//1433
f 1305//1305 1307//1307 1435//1435
f 1306//1306 1434//1434 1436//1436
f 1306//1306 1436//1436 1308//1308
f 1307//1307 1437//1437 1435//1435
f 1307//1307 1309//1309 1437//1437
f 1308//1308 1436//1436 1438//1438
f 1308//1308 1438//1438 1310//1310
f 1309//1309 1439//1439 1437//1437
f 1309//1309 1311//1311 1439//1439
f 1310//1310 1438//1438 1440//1440
f 1310//1310 1440//1440 1312//1312
f 1311//1311 1441//1441 1439//1439
f 1311//1311 1313//1313 1441//1441
f 1312//1312 1440//1440 1442//1442
f 1312//1312 1442//1442 1314//1314
f 1313//1313 1443//1443 1441//1441
f 1313//1313 1315//1315 1443//1443
f 1314//1314 1442//1442 1444//1444
f 1314//1314 1444//1444 1316//1316
f 1315//1315 1445//1445 1443//1443
f 1315//1315 1317//1317 1445//1445
f 1316//1316 1444//1444 1446//1446
f 1316//1316 1446//1446 1318//1318
f 1317//1317 1447//1447 1445//1445
f 1317//1317 1319//1319 1447//1447
f 1318//1318 1446//1446 1448//1448
f 1318//1318 1448//1448 1320//1320
f 1319//1319 1449//1449 1447//1447
f 1319//1319 1321//1321 1449//1449
f 1320//1320 1448//1448 1450//1450
f 1320//1320 1450//1450 1322//1322
f 1321//1321 1451//1451 1449//1449
f 1321//1321 1323//1323 1451//1451
f 1322//1322 1450//1450 1452//1452
f 1322//1322 1452//1452 1324//1324
f 1323//1323 1453//1453 1451//1451
f 1323//1323 1325//1325 1453//1453
f 1324//1324 1452//1452 1454//1454
f 1324//1324 1454//1454 1326//1326
f 1325//1325 1455//1455 1453//1453
f 1325//1325 1327//1327 1455//1455
f 1326//1326 1454//1454 1456//1456
f 1326//1326 1456//1456 1328//1328
f 1327//1327 1457//1457 1455//1455
f 1327//1327 1329//1329 1457//1457
f 1328//1328 1456//1456 1458//1458
f 1328//1328 1458//1458 1330//1330
f 1329//1329 1459//1459 1457//1457
f 1329//1329 1331//1331 1459//1459
f 1330//1330 1458//1458 1460//1460
f 1330//1330 1460//1460 1332//1332
f 1331//1331 1461//1461 1459//1459
f 1331//1331 1333//1333 1461//1461
f 1332//1332 1460//1460 1462//1462
f 1332//1332 1462//1462 1334//1334
f 1333//1333 1463//1463 1461//1461
f 1333//1333 1335//1335 1463//1463
f 1334//1334 1462//1462 1464//1464
f 1334//1334 1464//1464 1336//1336
f 1335//1335 1465//1465 1463//1463
f 1335//1335 1337//1337 1465//1465
f 1336//1336 1464//1464 1466//1466
f 1336//1336 1466//1466 1338//1338
f 1337//1337 1467//1467 1465//1465
f 1337//1337 1339//1339 1467//1467
f 1338//1338 1466//1466 1468//1468
f 1338//1338 1468//1468 1340//1340
f 1339//1339 1469//1469 1467//1467
f 1339//1339 1341//1341 1469//1469
f 1340//1340 1468//1468 1470//1470
f 1340//1340 1470//1470 1342//1342
f 1341//1341 1471//1471 1469//1469
f 1341//1341 1343//1343 1471//1471
f 1342//1342 1470//1470 1472//1472
f 1342//1342 1472//1472 1344//1344
f 1343//1343 1473//1473 1471//1471
f 1343//1343 1345//1345 1473//1473
f 1344//1344 1472//1472 1474//1474
f 1344//1344 1474//1474 1346//1346
f 1345//1345 1475//1475 1473//1473
f 1345//1345 1347//1347 1475//1475
f 1346//1346 1474//1474 1476//1476
f 1346//1346 1476//1476 1348//1348
f 1347//1347 1477//1477 1475//1475
f 1347//1347 1349//1349 1477//1477
f 1348//1348 1476//1476 1478//1478
f 1348//1348 1478//1478 1350//1350
f 1349//1349 1479//1479 1477//1477
f 1349//1349 1351//1351 1479//1479
f 1350//1350 1478//1478 1480//1480
f 1350//1350 1480//1480 1352//1352
f 1351//1351 1481//1481 1479//1479
f 1351//1351 1353//1353 1481//1481
f 1352//1352 1480//1480 1482//1482
f 1352//1352 1482//1482 1354//1354
f 1353//1353 1483//1483 1481//1481
f 1353//1353 1355//1355 1483//1483
f 1354//1354 1482//1482 1484//1484
f 1354//1354 1484//1484 1356//1356
f 1355//1355 1485//1485 1483//1483
f 1355//1355 1357//1357 1485//1485
f 1356//1356 1484//1484 1486//1486
f 1356//1356 1486//1486 1358//1358
f 1357//1357 1487//1487 1485//1485
f 1357//1357 1359//1359 1487//1487
f 1358//1358 1486//1486 1488//1488
f 1358//1358 1488//1488 1360//1360
f 1359//1359 1489//1489 1487//1487
f 1359//1359 1361//1361 1489//1489
f 1360//1360 1488//1488 1490//1490
f 1360//1360 1490//1490 1362//1362
f 1361//1361 1491//1491 1489//1489
f 1361//1361 1363//1363 1491//1491
f 1362//1362 1490//1490 1492//1492
f 1362//1362 1492//1492 1364//1364
f 1363//1363 1493//1493 1491//1491
f 1363//1363 1365//1365 1493//1493
f 1364//1364 1492//1492 1494//1494
f 1364//1364 1494//1494 1366//1366
f 1365//1365 1495//1495 1493//1493
f 1365//1365 1367//1367 1495//1495
f 1366//1366 1494//1494 1496//1496
f 1366//1366 1496//1496 1368//1368
f 1367//1367 1497//1497 1495//1495
f 1367//1367 1369//1369 1497//1497
f 1368//1368 1496//1496 1498//1498
f 1368//1368 1498//1498 1370//1370
f 1369//1369 1499//1499 1497//1497
f 1369//1369 1371//1371 1499//1499
f 1370//1370 1498//1498 1500//1500
f 1370//1370 1500//1500 1372//1372
f 1371//1371 1501//1501 1499//1499
f 1371//1371 1373//1373 1501//1501
f 1372//1372 1500//1500 1502//1502
f 1372//1372 1502//1502 1374//1374
f 1373//1373 1503//1503 1501//1501
f 1373//1373 1375//1375 1503//1503
f 1374//1374 1502//1502 1504//1504
f 1374//1374 1504//1504 1376//1376
f 1375//1375 1505//1505 1503//1503
f 1375//1375 1377//1377 1505//1505
f 1376//1376 1504//1504 1506//1506
f 1376//1376 1506//1506 1378//1378
f 1377//1377 1507//1507 1505//1505
f 1377//1377 1379//1379 1507//1507
f 1378//1378 1506//1506 1508//1508
f 1378//1378 1508//1508 1380//1380
f 1379//1379 1509//1509 1507//1507
f 1379//1379 1381//1381 1509//1509
f 1380//1380 1508//1508 1510//1510
f 1380//1380 1510//1510 1382//1382
f 1381//1381 1511//1511 1509//1509
f 1381//1381 1383//1383 1511//1511
f 1382//1382 1510//1510 1512//1512
f 1382//1382 1512//1512 1384//1384
f 1383//1383 1513//1513 1511//1511
f 1383//1383 1385//1385 1513//1513
f 1384//1384 1512//1512 1514//1514
f 1384//1384 1514//1514 1386//1386
f 1385//1385 1515//1515 1513//1513
f 1385//1385 1387//1387 1515//1515
f 1386//1386 1514//1514 1516//1516
f 1386//1386 1516//1516 1388//1388
f 1387//1387 1517//1517 1515//1515
f 1387//1387 1389//1389 1517//1517
f 1388//1388 1516//1516 1518//1518
f 1388//1388 1518//1518 1390//1390
f 1389//1389 1519//1519 1517//1517
f 1389//1389 1391//1391 1519//1519
f 1390//1390 1518//1518 1520//1520
f 1390//1390 1520//1520 1392//1392
f 1391//1391 1521//1521 1519//1519
f 1391//1391 1393//1393 1521//1521
f 1392//1392 1520//1520 1522//1522
f 1392//1392 1522//1522 1394//1394
f 1393//1393 1523//1523 1521//1521
f 1393//1393 1395//1395 1523//1523
f 1394//1394 1522//1522 1524//1524
f 1394//1394 1524//1524 1396//1396
f 1395//1395 1525//1525 1523//1523
f 1395//1395 1397//1397 1525//1525
f 1396//1396 1524//1524 1526//1526
f 1396//1396 1526//1526 1398//1398
f 1397//1397 1527//1527 1525//1525
f 1397//1397 1399//1399 1527//1527
f 1398//1398 1526//1526 1528//1528
f 1398//1398 1528//1528 1400//1400
f 1399//1399 1529//1529 1527//1527
f 1399//1399 1401//1401 1529//1529
f 1400//1400 1528//1528 1530//1530
f 1400//1400 1530//1530 1402//1402
f 1401//1401 1531//1531 1529//1529
f 1401//1401 1403//1403 1531//1531
f 1402//1402 1530//1530 1532//1532
f 1402//1402 1532//1532 1404//1404
f 1403//1403 1533//1533 1531//1531
f 1403//1403 1405//1405 1533//1533
f 1404//1404 1532//1532 1534//1534
f 1404//1404 1534//1534 1406//1406
f 1405//1405 1535//1535 1533//1533
f 1405//1405 1407//1407 1535//1535
f 1406//1406 1534//1534 1536//1536
f 1406//1406 1536//1536 1408//1408
f 1407//1407 1537//1537 1535//1535
f 1407//1407 1409//1409 1537//1537
f 1408//1408 1536//1536 1538//1538
f 1408//1408 1538//1538 1410//1410
f 1409//1409 1411//1411 1537//1537
f 1409//1409 1283//1283 1411//1411
f 1410//1410 1538//1538 1412//1412
f 1410//1410 1412//1412 1284//1284
f 1411//1411 1541//1541 1539//1539
f 1411//1411 1413//1413 1541//1541
f 1412//1412 1540//1540 1542//1542
f 1412//1412 1542//1542 1414//1414
f 1413//1413 1543//1543 1541//1541
f 1413//1413 1415//1415 1543//1543
f 1414//1414 1542//1542 1544//1544
f 1414//1414 1544//1544 1416//1416
f 1415//1415 1545//1545 1543//1543
f 1415//1415 1417//1417 1545//1545
f 1416//1416 1544//1544 1546//1546
f 1416//1416 1546//1546 1418//1418
f 1417//1417 1547//1547 1545//1545
f 1417//1417 1419//1419 1547//1547
f 1418//1418 1546//1546 1548//1548
f 1418//1418 1548//1548 1420//1420
f 1419//1419 1549//1549 1547//1547
f 1419//1419 1421//1421 1549//1549
f 1420//1420 1548//1548 1550//1550
f 1420//1420 1550//1550 1422//1422
f 1421//1421 1551//1551 1549//1549
f 1421//1421 1423//1423 1551//1551
f 1422//1422 1550//1550 1552//1552
f 1422//1422 1552//1552 1424//1424
f 1423//1423 1553//1553 1551//1551
f 1423//1423 1425//1425 1553//1553
f 1424//1424 1552//1552 1554//1554
f 1424//1424 1554//1554 1426//1426
f 1425//1425 1555//1555 1553//1553
f 1425//1425 1427//1427 1555//1555
f 1426//1426 1554//1554 1556//1556
f 1426//1426 1556//1556 1428//1428
f 1427//1427 1557//1557 1555//1555
f 1427//1427 1429//1429 1557//1557
f 1428//1428 1556//1556 1558//1558
f 1428//1428 1558//1558 1430//1430
f 1429//1429 1559//1559 1557//1557
f 1429//1429 1431//1431 1559//1559
f 1430//1430 1558//1558 1560//1560
f 1430//1430 1560//1560 1432//1432
f 1431//1431 1561//1561 1559//1559
f 1431//1431 1433//1433 1561//1561
f 1432//1432 1560//1560 1562//1562
f 1432//1432 1562//1562 1434//1434
f 1433//1433 1563//1563 1561//1561
f 1433//1433 1435//1435 1563//1563
f 1434//1434 1562//1562 1564//1564
f 1434//1434 1564//1564 1436//1436
f 1435//1435 1565//1565 1563//1563
f 1435//1435 1437//1437 1565//1565
f 1436//1436 1564//1564 1566//1566
f 1436//1436 1566//1566 1438//1438
f 1437//1437 1567//1567 1565//1565
f 1437//1437 1439//1439 1567//1567
f 1438//1438 1566//1566 1568//1568
f 1438//1438 1568//1568 1440//1440
f 1439//1439 1569//1569 1567//1567
f 1439//1439 1441//1441 1569//1569
f 1440//1440 1568//1568 1570//1570
f 1440//1440 1570//1570 1442//1442
f 1441//1441 1571//1571 1569//1569
f 1441//1441 1443//1443 1571//1571
f 1442//1442 1570//1570 1572//1572
f 1442//1442 1572//1572 1444//1444
f 1443//1443 1573//1573 1571//1571
f 1443//1443 1445//1445 1573//1573
f 1444//1444 1572//1572 1574//1574
f 1444//1444 1574//1574 1446//1446
f 1445//1445 1575//1575 1573//1573
f 1445//1445 1447//1447 1575//1575
f 1446//1446 1574//1574 1576//1576
f 1446//1446 1576//1576 1448//1448
f 1447//1447 1577//1577 1575//1575
f 1447//1447 1449//1449 1577//1577
f 1448//1448 1576//1576 1578//1578
f 1448//1448 1578//1578 1450//1450
f 1449//1449 1579//1579 1577//1577
f 1449//1449 1451//1451 1579//1579
f 1450//1450 1578//1578 1580//1580
f 1450//1450 1580//1580 1452//1452
f 1451//1451 1581//1581 1579//1579
f 1451//1451 1453//1453 1581//1581
f 1452//1452 1580//1580 1582//1582
f 1452//1452 1582//1582 1454//1454
f 1453//1453 1583//1583 1581//1581
f 1453//1453 1455//1455 1583//1583
f 1454//1454 1582//1582 1584//1584
f 1454//1454 1584//1584 1456//1456
f 1455//1455 1585//1585 1583//1583
f 1455//1455 1457//1457 1585//1585
f 1456//1456 1584//1584 1586//1586
f 1456//1456 1586//1586 1458//1458
f 1457//1457 1587//1587 1585//1585
f 1457//1457 1459//1459 1587//1587
f 1458//1458 1586//1586 1588//1588
f 1458//1458 1588//1588 1460//1460
f 1459//1459 1589//1589 1587//1587
f 1459//1459 1461//1461 1589//1589
f 1460//1460 1588//1588 1590//1590
f 1460//1460 1590//1590 1462//1462
f 1461//1461 1591//1591 1589//1589
f 1461//1461 1463//1463 1591//1591
f 1462//1462 1590//1590 1592//1592
f 1462//1462 1592//1592 1464//1464
f 1463//1463 1593//1593 1591//1591
f 1463//1463 1465//1465 1593//1593
f 1464//1464 1592//1592 1594//1594
f 1464//1464 1594//1594 1466//1466
f 1465//1465 1595//1595 1593//1593
f 1465//1465 1467//1467 1595//1595
f 1466//1466 1594//1594 1596//1596
f 1466//1466 1596//1596 1468//1468
f 1467//1467 1597//1597 1595//1595
f 1467//1467 1469//1469 1597//1597
f 1468//1468 1596//1596 1598//1598
f 1468//1468 1598//1598 1470//1470
f 1469//1469 1599//1599 1597//1597
f 1469//1469 1471//1471 1599//1599
f 1470//1470 1598//1598 1600//1600
f 1470//1470 1600//1600 1472//1472
f 1471//1471 1601//1601 1599//1599
f 1471//1471 1473//1473 1601//1601
f 1472//1472 1600//1600 1602//1602
f 1472//1472 1602//1602 1474//1474
f 1473//1473 1603//1603 1601//1601
f 1473//1473 1475//1475 1603//1603
f 1474//1474 1602//1602 1604//1604
f 1474//1474 1604//1604 1476//1476
f 1475//1475 1605//1605 1603//1603
f 1475//1475 1477//1477 1605//1605
f 1476//1476 1604//1604 1606//1606
f 1476//1476 1606//1606 1478//1478
f 1477//1477 1607//1607 1605//1605
f 1477//1477 1479//1479 1607//1607
f 1478//1478 1606//1606 1608//1608
f 1478//1478 1608//1608 1480//1480
f 1479//1479 1609//1609 1607//1607
f 1479//1479 1481//1481 1609//1609
f 1480//1480 1608//1608 1610//1610
f 1480//1480 1610//1610 1482//1482
f 1481//1481 1611//1611 1609//1609
f 1481//1481 1483//1483 1611//1611
f 1482//1482 1610//1610 1612//1612
f 1482//1482 1612//1612 1484//1484
f 1483//1483 1613//1613 1611//1611
f 1483//1483 1485//1485 1613//1613
f 1484//1484 1612//1612 1614//1614
f 1484//1484 1614//1614 1486//1486
f 1485//1485 1615//1615 1613//1613
f 1485//1485 1487//1487 1615//1615
f 1486//1486 1614//1614 1616//1616
f 1486//1486 1616//1616 1488//1488
f 1487//1487 1617//1617 1615//1615
f 1487//1487 1489//1489 1617//1617
f 1488//1488 1616//1616 1618//1618
f 1488//1488 1618//1618 1490//1490
f 1489//1489 1619//1619 1617//1617
f 1489//1489 1491//1491 1619//1619
f 1490//1490 1618//1618 1620//1620
f 1490//1490 1620//1620 1492//1492
f 1491//1491 1621//1621 1619//1619
f 1491//1491 1493//1493 1621//1621
f 1492//1492 1620//1620 1622//1622
f 1492//1492 1622//1622 1494//1494
f 1493//1493 1623//1623 1621//1621
f 1493//1493 1495//1495 1623//1623
f 1494//1494 1622//1622 1624//1624
f 1494//1494 1624//1624 1496//1496
f 1495//1495 1625//1625 1623//1623
f 1495//1495 1497//1497 1625//1625
f 1496//1496 1624//1624 1626//1626
f 1496//1496 1626//1626 1498//1498
f 1497//1497 1627//1627 1625//1625
f 1497//1497 1499//1499 1627//1627
f 1498//1498 1626//1626 1628//1628
f 1498//1498 1628//1628 1500//1500
f 1499//1499 1629//1629 1627//1627
f 1499//1499 1501//1501 1629//1629
f 1500//1500 1628//1628 1630//1630
f 1500//1500 1630//1630 1502//1502
f 1501//1501 1631//1631 1629//1629
f 1501//1501 1503//1503 1631//1631
f 1502//1502 1630//1630 1632//1632
f 1502//1502 1632//1632 1504//1504
f 1503//1503 1633//1633 1631//1631
f 1503//1503 1505//1505 1633//1633
f 1504//1504 1632//1632 1634//1634
f 1504//1504 1634//1634 1506//1506
f 1505//1505 1635//1635 1633//1633
f 1505//1505 1507//1507 1635//1635
f 1506//1506 1634//1634 1636//1636
f 1506//1506 1636//1636 1508//1508
f 1507//1507 1637//1637 1635//1635
f 1507//1507 1509//1509 1637//1637
f 1508//1508 1636//1636 1638//1638
f 1508//1508 1638//1638 1510//1510
f 1509//1509 1639//1639 1637//1637
f 1509//1509 1511//1511 1639//1639
f 1510//1510 1638//1638 1640//1640
f 1510//1510 1640//1640 1512//1512
f 1511//1511 1641//1641 1639//1639
f 1511//1511 1513//1513 1641//1641
f 1512//1512 1640//1640 1642//1642
f 1512//1512 1642//1642 1514//1514
f 1513//1513 1643//1643 1641//1641
f 1513//1513 1515//1515 1643//1643
f 1514//1514 1642//1642 1644//1644
f 1514//1514 1644//1644 1516//1516
f 1515//1515 1645//1645 1643//1643
f 1515//1515 1517//1517 1645//1645
f 1516//1516 1644//1644 1646//1646
f 1516//1516 1646//1646 1518//1518
f 1517//1517 1647//1647 1645//1645
f 1517//1517 1519//1519 1647//1647
f 1518//1518 1646//1646 1648//1648
f 1518//1518 1648//1648 1520//1520
f 1519//1519 1649//1649 1647//1647
f 1519//1519 1521//1521 1649//1649
f 1520//1520 1648//1648 1650//1650
f 1520//1520 1650//1650 1522//1522
f 1521//1521 1651//1651 1649//1649
f 1521//1521 1523//1523 1651//1651
f 1522//1522 1650//1650 1652//1652
f 1522//1522 1652//1652 1524//1524
f 1523//1523 1653//1653 1651//1651
f 1523//1523 1525//1525 1653//1653
f 1524//1524 1652//1652 1654//1654
f 1524//1524 1654//1654 1526//1526
f 1525//1525 1655//1655 1653//1653
f 1525//1525 1527//1527 1655//1655
f 1526//1526 1654//1654 1656//1656
f 1526//1526 1656//1656 1528//1528
f 1527//1527 1657//1657 1655//1655
f 1527//1527 1529//1529 1657//1657
f 1528//1528 1656//1656 1658//1658
f 1528//1528 1658//1658 1530//1530
f 1529//1529 1659//1659 1657//1657
f 1529//1529 1531//1531 1659//1659
f 1530//1530 1658//1658 1660//1660
f 1530//1530 1660//1660 1532//1532
f 1531//1531 1661//1661 1659//1659
f 1531//1531 1533//1533 1661//1661
f 1532//1532 1660//1660 1662//1662
f 1532//1532 1662//1662 1534//1534
f 1533//1533 1663//1663 1661//1661
f 1533//1533 1535//1535 1663//1663
f 1534//1534 1662//1662 1664//1664
f 1534//1534 1664//1664 1536//1536
f 1535//1535 1665//1665 1663//1663
f 1535//1535 1537//1537 1665//1665
f 1536//1536 1664//1664 1666//1666
f 1536//1536 1666//1666 1538//1538
f 1537//1537 1539//1539 1665//1665
f 1537//1537 1411//1411 1539//1539
f 1538//1538 1666//1666 1540//1540
f 1538//1538 1540//1540 1412//1412
f 1539//1539 1669//1669 1667//1667
f 1539//1539 1541//1541 1669//1669
f 1540//1540 1668//1668 1670//1670
f 1540//1540 1670//1670 1542//1542
f 1541//1541 1671//1671 1669//1669
f 1541//1541 1543//1543 1671//1671
f 1542//1542 1670//1670 1672//1672
f 1542//1542 1672//1672 1544//1544
f 1543//1543 1673//1673 1671//1671
f 1543//1543 1545//1545 1673//1673
f 1544//1544 1672//1672 1674//1674
f 1544//1544 1674//1674 1546//1546
f 1545//1545 1675//1675 1673//1673
f 1545//1545 1547//1547 1675//1675
f 1546//1546 1674//1674 1676//1676
f 1546//1546 1676//1676 1548//1548
f 1547//1547 1677//1677 1675//1675
f 1547//1547 1549//1549 1677//1677
f 1548//1548 1676//1676 1678//1678
f 1548//1548 1678//1678 1550//1550
f 1549//1549 1679//1679 1677//1677
f 1549//1549 1551//1551 1679//1679
f 1550//1550 1678//1678 1680//1680
f 1550//1550 1680//1680 1552//1552
f 1551//1551 1681//1681 1679//1679
f 1551//1551 1553//1553 1681//1681
f 1552//1552 1680//1680 1682//1682
f 1552//1552 1682//1682 1554//1554
f 1553//1553 1683//1683 1681//1681
f 1553//1553 1555//1555 1683//1683
f 1554//1554 1682//1682 1684//1684
f 1554//1554 1684//1684 1556//1556
f 1555//1555 1685//1685 1683//1683
f 1555//1555 1557//1557 1685//1685
f 1556//1556 1684//1684 1686//1686
f 1556//1556 1686//1686 1558//1558
f 1557//1557 1687//1687 1685//1685
f 1557//1557 1559//1559 1687//1687
f 1558//1558 1686//1686 1688//1688
f 1558//1558 1688//1688 1560//1560
f 1559//1559 1689//1689 1687//1687
f 1559//1559 1561//1561 1689//1689
f 1560//1560 1688//1688 1690//1690
f 1560//1560 1690//1690 1562//1562
f 1561//1561 1691//1691 1689//1689
f 1561//1561 1563//1563 1691//1691
f 1562//1562 1690//1690 1692//1692
f 1562//1562 1692//1692 1564//1564
f 1563//1563 1693//1693 1691//1691
f 1563//1563 1565//1565 1693//1693
f 1564//1564 1692//1692 1694//1694
f 1564//1564 1694//1694 1566//1566
f 1565//1565 1695//1695 1693//1693
f 1565//1565 1567//1567 1695//1695
f 1566//1566 1694//1694 1696//1696
f 1566//1566 1696//1696 1568//1568
f 1567//1567 1697//1697 1695//1695
f 1567//1567 1569//1569 1697//1697
f 1568//1568 1696//1696 1698//1698
f 1568//1568 1698//1698 1570//1570
f 1569//1569 1699//1699 1697//1697
f 1569//1569 1571//1571 1699//1699
f 1570//1570 1698//1698 1700//1700
f 1570//1570 1700//1700 1572//1572
f 1571//1571 1701//1701 1699//1699
f 1571//1571 1573//1573 1701//1701
f 1572//1572 1700//1700 1702//1702
f 1572//1572 1702//1702 1574//1574
f 1573//1573 1703//1703 1701//1701
f 1573//1573 1575//1575 1703//1703
f 1574//1574 1702//1702 1704//1704
f 1574//1574 1704//1704 1576//1576
f 1575//1575 1705//1705 1703//1703
f 1575//1575 1577//1577 1705//1705
f 1576//1576 1704//1704 1706//1706
f 1576//1576 1706//1706 1578//1578
f 1577//1577 1707//1707 1705//1705
f 1577//1577 1579//1579 1707//1707
f 1578//1578 1706//1706 1708//1708
f 1578//1578 1708//1708 1580//1580
f 1579//1579 1709//1709 1707//1707
f 1579//1579 1581//1581 1709//1709
f 1580//1580 1708//1708 1710//1710
f 1580//1580 1710//1710 1582//1582
f 1581//1581 1711//1711 1709//1709
f 1581//1581 1583//1583 1711//1711
f 1582//1582 1710//1710 1712//1712
f 1582//1582 1712//1712 1584//1584
f 1583//1583 1713//1713 1711//1711
f 1583//1583 1585//1585 1713//1713
f 1584//1584 1712//1712 1714//1714
f 1584//1584 1714//1714 1586//1586
f 1585//1585 1715//1715 1713//1713
f 1585//1585 1587//1587 1715//1715
f 1586//1586 1714//1714 1716//1716
f 1586//1586 1716//1716 1588//1588
f 1587//1587 1717//1717 1715//1715
f 1587//1587 1589//1589 1717//1717
f 1588//1588 1716//1716 1718//1718
f 1588//1588 1718//1718 1590//1590
f 1589//1589 1719//1719 1717//1717
f 1589//1589 1591//1591 1719//1719
f 1590//1590 1718//1718 1720//1720
f 1590//1590 1720//1720 1592//1592
f 1591//1591 1721//1721 1719//1719
f 1591//1591 1593//1593 1721//1721
f 1592//1592 1720//1720 1722//1722
f 1592//1592 1722//1722 1594//1594
f 1593//1593 1723//1723 1721//1721
f 1593//1593 1595//1595 1723//1723
f 1594//1594 1722//1722 1724//1724
f 1594//1594 1724//1724 1596//1596
f 1595//1595 1725//1725 1723//1723
f 1595//1595 1597//1597 1725//1725
f 1596//1596 1724//1724 1726//1726
f 1596//1596 1726//1726 1598//1598
f 1597//1597 1727//1727 1725//1725
f 1597//1597 1599//1599 1727//1727
f 1598//1598 1726//1726 1728//1728
f 1598//1598 1728//1728 1600//1600
f 1599//1599 1729//1729 1727//1727
f 1599//1599 1601//1601 1729//1729
f 1600//1600 1728//1728 1730//1730
f 1600//1600 1730//1730 1602//1602
f 1601//1601 1731//1731 1729//1729
f 1601//1601 1603//1603 1731//1731
f 1602//1602 1730//1730 1732//1732
f 1602//1602 1732//1732 1604//1604
f 1603//1603 1733//1733 1731//1731
f 1603//1603 1605//1605 1733//1733
f 1604//1604 1732//1732 1734//1734
f 1604//1604 1734//1734 1606//1606
f 1605//1605 1735//1735 1733//1733
f 1605//1605 1607//1607 1735//1735
f 1606//1606 1734//1734 1736//1736
f 1606//1606 1736//1736 1608//1608
f 1607//1607 1737//1737 1735//1735
f 1607//1607 1609//1609 1737//1737
f 1608//1608 1736//1736 1738//1738
f 1608//1608 1738//1738 1610//1610
f 1609//1609 1739//1739 1737//1737
f 1609//1609 1611//1611 1739//1739
f 1610//1610 1738//1738 1740//1740
f 1610//1610 1740//1740 1612//1612
f 1611//1611 1741//1741 1739//1739
f 1611//1611 1613//1613 1741//1741
f 1612//1612 1740//1740 1742//1742
f 1612//1612 1742//1742 1614//1614
f 1613//1613 1743//1743 1741//1741
f 1613//1613 1615//1615 1743//1743
f 1614//1614 1742//1742 1744//1744
f 1614//1614 1744//1744 1616//1616
f 1615//1615 1745//1745 1743//1743
f 1615//1615 1617//1617 1745//1745
f 1616//1616 1744//1744 1746//1746
f 1616//1616 1746//1746 1618//1618
f 1617//1617 1747//1747 1745//1745
f 1617//1617 1619//1619 1747//1747
f 1618//1618 1746//1746 1748//1748
f 1618//1618 1748//1748 1620//1620
f 1619//1619 1749//1749 1747//1747
f 1619//1619 1621//1621 1749//1749
f 1620//1620 1748//1748 1750//1750
f 1620//1620 1750//1750 1622//1622
f 1621//1621 1751//1751 1749//1749
f 1621//1621 1623//1623 1751//1751
f 1622//1622 1750//1750 1752//1752
f 1622//1622 1752//1752 1624//1624
f 1623//1623 1753//1753 1751//1751
f 1623//1623 1625//1625 1753//1753
f 1624//1624 1752//1752 1754//1754
f 1624//1624 1754//1754 1626//1626
f 1625//1625 1755//1755 1753//1753
f 1625//1625 1627//1627 1755//1755
f 1626//1626 1754//1754 1756//1756
f 1626//1626 1756//1756 1628//1628
f 1627//1627 1757//1757 1755//1755
f 1627//1627 1629//1629 1757//1757
f 1628//1628 1756//1756 1758//1758
f 1628//1628 1758//1758 1630//1630
f 1629//1629 1759//1759 1757//1757
f 1629//1629 1631//1631 1759//1759
f 1630//1630 1758//1758 1760//1760
f 1630//1630 1760//1760 1632//1632
f 1631//1631 1761//1761 1759//1759
f 1631//1631 1633//1633 1761//1761
f 1632//1632 1760//1760 1762//1762
f 1632//1632 1762//1762 1634//1634
f 1633//1633 1763//1763 1761//1761
f 1633//1633 1635//1635 1763//1763
f 1634//1634 1762//1762 1764//1764
f 1634//1634 1764//1764 1636//1636
f 1635//1635 1765//1765 1763//1763
f 1635//1635 1637//1637 1765//1765
f 1636//1636 1764//1764 1766//1766
f 1636//1636 1766//1766 1638//1638
f 1637//1637 1767//1767 1765//1765
f 1637//1637 1639//1639 1767//1767
f 1638//1638 1766//1766 1768//1768
f 1638//1638 1768//1768 1640//1640
f 1639//1639 1769//1769 1767//1767
f 1639//1639 1641//1641 1769//1769
f 1640//1640 1768//1768 1770//1770
f 1640//1640 1770//1770 1642//1642
f 1641//1641 1771//1771 1769//1769
f 1641//1641 1643//1643 1771//1771
f 1642//1642 1770//1770 1772//1772
f 1642//1642 1772//1772 1644//1644
f 1643//1643 1773//1773 1771//1771
f 1643//1643 1645//1645 1773//1773
f 1644//1644 1772//1772 1774//1774
f 1644//1644 1774//1774 1646//1646
f 1645//1645 1775//1775 1773//1773
f 1645//1645 1647//1647 1775//1775
f 1646//1646 1774//1774 1776//1776
f 1646//1646 1776//1776 1648//1648
f 1647//1647 1777//1777 1775//1775
f 1647//1647 1649//1649 1777//1777
f 1648//1648 1776//1776 1778//1778
f 1648//1648 1778//1778 1650//1650
f 1649//1649 1779//1779 1777//1777
f 1649//1649 1651//1651 1779//1779
f 1650//1650 1778//1778 1780//1780
f 1650//1650 1780//1780 1652//1652
f 1651//1651 1781//1781 1779//1779
f 1651//1651 1653//1653 1781//1781
f 1652//1652 1780//1780 1782//1782
f 1652//1652 1782//1782 1654//1654
f 1653//1653 1783//1783 1781//1781
f 1653//1653 1655//1655 1783//1783
f 1654//1654 1782//1782 1784//1784
f 1654//1654 1784//1784 1656//1656
f 1655//1655 1785//1785 1783//1783
f 1655//1655 1657//1657 1785//1785
f 1656//1656 1784//1784 1786//1786
f 1656//1656 1786//1786 1658//1658
f 1657//1657 1787//1787 1785//1785
f 1657//1657 1659//1659 1787//1787
f 1658//1658 1786//1786 1788//1788
f 1658//1658 1788//1788 1660//1660
f 1659//1659 1789//1789 1787//1787
f 1659//1659 1661//1661 1789//1789
f 1660//1660 1788//1788 1790//1790
f 1660//1660 1790//1790 1662//1662
f 1661//1661 1791//1791 1789//1789
f 1661//1661 1663//1663 1791//1791
f 1662//1662 1790//1790 1792//1792
f 1662//1662 1792//1792 1664//1664
f 1663//1663 1793//1793 1791//1791
f 1663//1663 1665//1665 1793//1793
f 1664//1664 1792//1792 1794//1794
f 1664//1664 1794//1794 1666//1666
f 1665//1665 1667//1667 1793//1793
f 1665//1665 1539//1539 1667//1667
f 1666//1666 1794//1794 1668//1668
f 1666//1666 1668//1668 1540//1540
f 1667//1667 1797//1797 1795//1795
f 1667//1667 1669//1669 1797//1797
f 1668//1668 1796//1796 1798//1798
f 1668//1668 1798//1798 1670//1670
f 1669//1669 1799//1799 1797//1797
f 1669//1669 1671//1671 1799//1799
f 1670//1670 1798//1798 1800//1800
f 1670//1670 1800//1800 1672//1672
f 1671//1671 1801//1801 1799//1799
f 1671//1671 1673//1673 1801//1801
f 1672//1672 1800//1800 1802//1802
f 1672//1672 1802//1802 1674//1674
f 1673//1673 1803//1803 1801//1801
f 1673//1673 1675//1675 1803//1803
f 1674//1674 1802//1802 1804//1804
f 1674//1674 1804//1804 1676//1676
f 1675//1675 1805//1805 1803//1803
f 1675//1675 1677//1677 1805//1805
f 1676//1676 1804//1804 1806//1806
f 1676//1676 1806//1806 1678//1678
f 1677//1677 1807//1807 1805//1805
f 1677//1677 1679//1679 1807//1807
f 1678//1678 1806//1806 1808//1808
f 1678//1678 1808//1808 1680//1680
f 1679//1679 1809//1809 1807//1807
f 1679//1679 1681//1681 1809//1809
f 1680//1680 1808//1808 1810//1810
f 1680//1680 1810//1810 1682//1682
f 1681//1681 1811//1811 1809//1809
f 1681//1681 1683//1683 1811//1811
f 1682//1682 1810//1810 1812//1812
f 1682//1682 1812//1812 1684//1684
f 1683//1683 1813//1813 1811//1811
f 1683//1683 1685//1685 1813//1813
f 1684//1684 1812//1812 1814//1814
f 1684//1684 1814//1814 1686//1686
f 1685//1685 1815//1815 1813//1813
f 1685//1685 1687//1687 1815//1815
f 1686//1686 1814//1814 1816//1816
f 1686//1686 1816//1816 1688//1688
f 1687//1687 1817//1817 1815//1815
f 1687//1687 1689//1689 1817//1817
f 1688//1688 1816//1816 1818//1818
f 1688//1688 1818//1818 1690//1690
f 1689//1689 1819//1819 1817//1817
f 1689//1689 1691//1691 1819//1819
f 1690//1690 1818//1818 1820//1820
f 1690//1690 1820//1820 1692//1692
f 1691//1691 1821//1821 1819//1819
f 1691//1691 1693//1693 1821//1821
f 1692//1692 1820//1820 1822//1822
f 1692//1692 1822//1822 1694//1694
f 1693//1693 1823//1823 1821//1821
f 1693//1693 1695//1695 1823//1823
f 1694//1694 1822//1822 1824//1824
f 1694//1694 1824//1824 1696//1696
f 1695//1695 1825//1825 1823//1823
f 1695//1695 1697//1697 1825//1825
f 1696//1696 1824//1824 1826//1826
f 1696//1696 1826//1826 1698//1698
f 1697//1697 1827//1827 1825//1825
f 1697//1697 1699//1699 1827//1827
f 1698//1698 1826//1826 1828//1828
f 1698//1698 1828//1828 1700//1700
f 1699//1699 1829//1829 1827//1827
f 1699//1699 1701//1701 1829//1829
f 1700//1700 1828//1828 1830//1830
f 1700//1700 1830//1830 1702//1702
f 1701//1701 1831//1831 1829//1829
f 1701//1701 1703//1703 1831//1831
f 1702//1702 1830//1830 1832//1832
f 1702//1702 1832//1832 1704//1704
f 1703//1703 1833//1833 1831//1831
f 1703//1703 1705//1705 1833//1833
f 1704//1704 1832//1832 1834//1834
f 1704//1704 1834//1834 1706//1706
f 1705//1705 1835//1835 1833//1833
f 1705//1705 1707//1707 1835//1835
f 1706//1706 1834//1834 1836//1836
f 1706//1706 1836//1836 1708//1708
f 1707//1707 1837//1837 1835//1835
f 1707//1707 1709//1709 1837//1837
f 1708//1708 1836//1836 1838//1838
f 1708//1708 1838//1838 1710//1710
f 1709//1709 1839//1839 1837//1837
f 1709//1709 1711//1711 1839//1839
f 1710//1710 1838//1838 1840//1840
f 1710//1710 1840//1840 1712//1712
f 1711//1711 1841//1841 1839//1839
f 1711//1711 1713//1713 1841//1841
f 1712//1712 1840//1840 1842//1842
f 1712//1712 1842//1842 1714//1714
f 1713//1713 1843//1843 1841//1841
f 1713//1713 1715//1715 1843//1843
f 1714//1714 1842//1842 1844//1844
f 1714//1714 1844//1844 1716//1716
f 1715//1715 1845//1845 1843//1843
f 1715//1715 1717//1717 1845//1845
f 1716//1716 1844//1844 1846//1846
f 1716//1716 1846//1846 1718//1718
f 1717//1717 1847//1847 1845//1845
f 1717//1717 1719//1719 1847//1847
f 1718//1718 1846//1846 1848//1848
f 1718//1718 1848//1848 1720//1720
f 1719//1719 1849//1849 1847//1847
f 1719//1719 1721//1721 1849//1849
f 1720//1720 1848//1848 1850//1850
f 1720//1720 1850//1850 1722//1722
f 1721//1721 1851//1851 1849//1849
f 1721//1721 1723//1723 1851//1851
f 1722//1722 1850//1850 1852//1852
f 1722//1722 1852//1852 1724//1724
f 1723//1723 1853//1853 1851//1851
f 1723//1723 1725//1725 1853//1853
f 1724//1724 1852//1852 1854//1854
f 1724//1724 1854//1854 1726//1726
f 1725//1725 1855//1855 1853//1853
f 1725//1725 1727//1727 1855//1855
f 1726//1726 1854//1854 1856//1856
f 1726//1726 1856//1856 1728//1728
f 1727//1727 1857//1857 1855//1855
f 1727//1727 1729//1729 1857//1857
f 1728//1728 1856//1856 1858//1858
f 1728//1728 1858//1858 1730//1730
f 1729//1729 1859//1859 1857//1857
f 1729//1729 1731//1731 1859//1859
f 1730//1730 1858//1858 1860//1860
f 1730//1730 1860//1860 1732//1732
f 1731//1731 1861//1861 1859//1859
f 1731//1731 1733//1733 1861//1861
f 1732//1732 1860//1860 1862//1862
f 1732//1732 1862//1862 1734//1734
f 1733//1733 1863//1863 1861//1861
f 1733//1733 1735//1735 1863//1863
f 1734//1734 1862//1862 1864//1864
f 1734//1734 1864//1864 1736//1736
f 1735//1735 1865//1865 1863//1863
f 1735//1735 1737//1737 1865//1865
f 1736//1736 1864//1864 1866//1866
f 1736//1736 1866//1866 1738//1738
f 1737//1737 1867//1867 1865//1865
f 1737//1737 1739//1739 1867//1867
f 1738//1738 1866//1866 1868//1868
f 1738//1738 1868//1868 1740//1740
f 1739//1739 1869//1869 1867//1867
f 1739//1739 1741//1741 1869//1869
f 1740//1740 1868//1868 1870//1870
f 1740//1740 1870//1870 1742//1742
f 1741//1741 1871//1871 1869//1869
f 1741//1741 1743//1743 1871//1871
f 1742//1742 1870//1870 1872//1872
f 1742//1742 1872//1872 1744//1744
f 1743//1743 1873//1873 1871//1871
f 1743//1743 1745//1745 1873//1873
f 1744//1744 1872//1872 1874//1874
f 1744//1744 1874//1874 1746//1746
f 1745//1745 1875//1875 1873//1873
f 1745//1745 1747//1747 1875//1875
f 1746//1746 1874//1874 1876//1876
f 1746//1746 1876//1876 1748//1748
f 1747//1747 1877//1877 1875//1875
f 1747//1747 1749//1749 1877//1877
f 1748//1748 1876//1876 1878//1878
f 1748//1748 1878//1878 1750//1750
f 1749//1749 1879//1879 1877//1877
f 1749//1749 1751//1751 1879//1879
f 1750//1750 1878//1878 1880//1880
f 1750//1750 1880//1880 1752//1752
f 1751//1751 1881//1881 1879//1879
f 1751//1751 1753//1753 1881//1881
f 1752//1752 1880//1880 1882//1882
f 1752//1752 1882//1882 1754//1754
f 1753//1753 1883//1883 1881//1881
f 1753//1753 1755//1755 1883//1883
f 1754//1754 1882//1882 1884//1884
f 1754//1754 1884//1884 1756//1756
f 1755//1755 1885//1885 1883//1883
f 1755//1755 1757//1757 1885//1885
f 1756//1756 1884//1884 1886//1886
f 1756//1756 1886//1886 1758//1758
f 1757//1757 1887//1887 1885//1885
f 1757//1757 1759//1759 1887//1887
f 1758//1758 1886//1886 1888//1888
f 1758//1758 1888//1888 1760//1760
f 1759//1759 1889//1889 1887//1887
f 1759//1759 1761//1761 1889//1889
f 1760//1760 1888//1888 1890//1890
f 1760//1760 1890//1890 1762//1762
f 1761//1761 1891//1891 1889//1889
f 1761//1761 1763//1763 1891//1891
f 1762//1762 1890//1890 1892//1892
f 1762//1762 1892//1892 1764//1764
f 1763//1763 1893//1893 1891//1891
f 1763//1763 1765//1765 1893//1893
f 1764//1764 1892//1892 1894//1894
f 1764//1764 1894//1894 1766//1766
f 1765//1765 1895//1895 1893//1893
f 1765//1765 1767//1767 1895//1895
f 1766//1766 1894//1894 1896//1896
f 1766//1766 1896//1896 1768//1768
f 1767//1767 1897//1897 1895//1895
f 1767//1767 1769//1769 1897//1897
f 1768//1768 1896//1896 1898//1898
f 1768//1768 1898//1898 1770//1770
f 1769//1769 1899//1899 1897//1897
f 1769//1769 1771//1771 1899//1899
f 1770//1770 1898//1898 1900//1900
f 1770//1770 1900//1900 1772//1772
f 1771//1771 1901//1901 1899//1899
f 1771//1771 1773//1773 1901//1901
f 1772//1772 1900//1900 1902//1902
f 1772//1772 1902//1902 1774//1774
f 1773//1773 1903//1903 1901//1901
f 1773//1773 1775//1775 1903//1903
f 1774//1774 1902//1902 1904//1904
f 1774//1774 1904//1904 1776//1776
f 1775//1775 1905//1905 1903//1903
f 1775//1775 1777//1777 1905//1905
f 1776//1776 1904//1904 1906//1906
f 1776//1776 1906//1906 1778//1778
f 1777//1777 1907//1907 1905//1905
f 1777//1777 1779//1779 1907//1907
f 1778//1778 1906//1906 1908//1908
f 1778//1778 1908//1908 1780//1780
f 1779//1779 1909//1909 1907//1907
f 1779//1779 1781//1781 1909//1909
f 1780//1780 1908//1908 1910//1910
f 1780//1780 1910//1910 1782//1782
f 1781//1781 1911//1911 1909//1909
f 1781//1781 1783//1783 1911//1911
f 1782//1782 1910//1910 1912//1912
f 1782//1782 1912//1912 1784//1784
f 1783//1783 1913//1913 1911//1911
f 1783//1783 1785//1785 1913//1913
f 1784//1784 1912//1912 1914//1914
f 1784//1784 1914//1914 1786//1786
f 1785//1785 1915//1915 1913//1913
f 1785//1785 1787//1787 1915//1915
f 1786//1786 1914//1914 1916//1916
f 1786//1786 1916//1916 1788//1788
f 1787//1787 1917//1917 1915//1915
f 1787//1787 1789//1789 1917//1917
f 1788//1788 1916//1916 1918//1918
f 1788//1788 1918//1918 1790//1790
f 1789//1789 1919//1919 1917//1917
f 1789//1789 1791//1791 1919//1919
f 1790//1790 1918//1918 1920//1920
f 1790//1790 1920//1920 1792//1792
f 1791//1791 1921//1921 1919//1919
f 1791//1791 1793//1793 1921//1921
f 1792//1792 1920//1920 1922//1922
f 1792//1792 1922//1922 1794//1794
f 1793//1793 1795//1795 1921//1921
f 1793//1793 1667//1667 1795//1795
f 1794//1794 1922//1922 1796//1796
f 1794//1794 1796//1796 1668//1668
f 1795//1795 1925//1925 1923//1923
f 1795//1795 1797//1797 1925//1925
f 1796//1796 1924//1924 1926//1926
f 1796//1796 1926//1926 1798//1798
f 1797//1797 1927//1927 1925//1925
f 1797//1797 1799//1799 1927//1927
f 1798//1798 1926//1926 1928//1928
f 1798//1798 1928//1928 1800//1800
f 1799//1799 1929//1929 1927//1927
f 1799//1799 1801//1801 1929//1929
f 1800//1800 1928//1928 1930//1930
f 1800//1800 1930//1930 1802//1802
f 1801//1801 1931//1931 1929//1929
f 1801//1801 1803//1803 1931//1931
f 1802//1802 1930//1930 1932//1932
f 1802//1802 1932//1932 1804//1804
f 1803//1803 1933//1933 1931//1931
f 1803//1803 1805//1805 1933//1933
f 1804//1804 1932//1932 1934//1934
f 1804//1804 1934//1934 1806//1806
f 1805//1805 1935//1935 1933//1933
f 1805//1805 1807//1807 1935//1935
f 1806//1806 1934//1934 1936//1936
f 1806//1806 1936//1936 1808//1808
f 1807//1807 1937//1937 1935//1935
f 1807//1807 1809//1809 1937//1937
f 1808//1808 1936//1936 1938//1938
f 1808//1808 1938//1938 1810//1810
f 1809//1809 1939//1939 1937//1937
f 1809//1809 1811//1811 1939//1939
f 1810//1810 1938//1938 1940//1940
f 1810//1810 1940//1940 1812//1812
f 1811//1811 1941//1941 1939//1939
f 1811//1811 1813//1813 1941//1941
f 1812//1812 1940//1940 1942//1942
f 1812//1812 1942//1942 1814//1814
f 1813//1813 1943//1943 1941//1941
f 1813//1813 1815//1815 1943//1943
f 1814//1814 1942//1942 1944//1944
f 1814//1814 1944//1944 1816//1816
f 1815//1815 1945//1945 1943//1943
f 1815//1815 1817//1817 1945//1945
f 1816//1816 1944//1944 1946//1946
f 1816//1816 1946//1946 1818//1818
f 1817//1817 1947//1947 1945//1945
f 1817//1817 1819//1819 1947//1947
f 1818//1818 1946//1946 1948//1948
f 1818//1818 1948//1948 1820//1820
f 1819//1819 1949//1949 1947//1947
f 1819//1819 1821//1821 1949//1949
f 1820//1820 1948//1948 1950//1950
f 1820//1820 1950//1950 1822//1822
f 1821//1821 1951//1951 1949//1949
f 1821//1821 1823//1823 1951//1951
f 1822//1822 1950//1950 1952//1952
f 1822//1822 1952//1952 1824//1824
f 1823//1823 1953//1953 1951//1951
f 1823//1823 1825//1825 1953//1953
f 1824//1824 1952//1952 1954//1954
f 1824//1824 1954//1954 1826//1826
f 1825//1825 1955//1955 1953//1953
f 1825//1825 1827//1827 1955//1955
f 1826//1826 1954//1954 1956//1956
f 1826//1826 1956//1956 1828//1828
f 1827//1827 1957//1957 1955//1955
f 1827//1827 1829//1829 1957//1957
f 1828//1828 1956//1956 1958//1958
f 1828//1828 1958//1958 1830//1830
f 1829//1829 1959//1959 1957//1957
f 1829//1829 1831//1831 1959//1959
f 1830//1830 1958//1958 1960//1960
f 1830//1830 1960//1960 1832//1832
f 1831//1831 1961//1961 1959//1959
f 1831//1831 1833//1833 1961//1961
f 1832//1832 1960//1960 1962//1962
f 1832//1832 1962//1962 1834//1834
f 1833//1833 1963//1963 1961//1961
f 1833//1833 1835//1835 1963//1963
f 1834//1834 1962//1962 1964//1964
f 1834//1834 1964//1964 1836//1836
f 1835//1835 1965//1965 1963//1963
f 1835//1835 1837//1837 1965//1965
f 1836//1836 1964//1964 1966//1966
f 1836//1836 1966//1966 1838//1838
f 1837//1837 1967//1967 1965//1965
f 1837//1837 1839//1839 1967//1967
f 1838//1838 1966//1966 1968//1968
f 1838//1838 1968//1968 1840//1840
f 1839//1839 1969//1969 1967//1967
f 1839//1839 1841//1841 1969//1969
f 1840//1840 1968//1968 1970//1970
f 1840//1840 1970//1970 1842//1842
f 1841//1841 1971//1971 1969//1969
f 1841//1841 1843//1843 1971//1971
f 1842//1842 1970//1970 1972//1972
f 1842//1842 1972//1972 1844//1844
f 1843//1843 1973//1973 1971//1971
f 1843//1843 1845//1845 1973//1973
f 1844//1844 1972//1972 1974//1974
f 1844//1844 1974//1974 1846//1846
f 1845//1845 1975//1975 1973//1973
f 1845//1845 1847//1847 1975//1975
f 1846//1846 1974//1974 1976//1976
f 1846//1846 1976//1976 1848//1848
f 1847//1847 1977//1977 1975//1975
f 1847//1847 1849//1849 1977//1977
f 1848//1848 1976//1976 1978//1978
f 1848//1848 1978//1978 1850//1850
f 1849//1849 1979//1979 1977//1977
f 1849//1849 1851//1851 1979//1979
f 1850//1850 1978//1978 1980//1980
f 1850//1850 1980//1980 1852//1852
f 1851//1851 1981//1981 1979//1979
f 1851//1851 1853//1853 1981//1981
f 1852//1852 1980//1980 1982//1982
f 1852//1852 1982//1982 1854//1854
f 1853//1853 1983//1983 1981//1981
f 1853//1853 1855//1855 1983//1983
f 1854//1854 1982//1982 1984//1984
f 1854//1854 1984//1984 1856//1856
f 1855//1855 1985//1985 1983//1983
f 1855//1855 1857//1857 1985//1985
f 1856//1856 1984//1984 1986//1986
f 1856//1856 1986//1986 1858//1858
f 1857//1857 1987//1987 1985//1985
f 1857//1857 1859//1859 1987//1987
f 1858//1858 1986//1986 1988//1988
f 1858//1858 1988//1988 1860//1860
f 1859//1859 1989//1989 1987//1987
f 1859//1859 1861//1861 1989//1989
f 1860//1860 1988//1988 1990//1990
f 1860//1860 1990//1990 1862//1862
f 1861//1861 1991//1991 1989//1989
f 1861//1861 1863//1863 1991//1991
f 1862//1862 1990//1990 1992//1992
f 1862//1862 1992//1992 1864//1864
f 1863//1863 1993//1993 1991//1991
f 1863//1863 1865//1865 1993//1993
f 1864//1864 1992//1992 1994//1994
f 1864//1864 1994//1994 1866//1866
f 1865//1865 1995//1995 1993//1993
f 1865//1865 1867//1867 1995//1995
f 1866//1866 1994//1994 1996//1996
f 1866//1866 1996//1996 1868//1868
f 1867//1867 1997//1997 1995//1995
f 1867//1867 1869//1869 1997//1997
f 1868//1868 1996//1996 1998//1998
f 1868//1868 1998//1998 1870//1870
f 1869//1869 1999//1999 1997//1997
f 1869//1869 1871//1871 1999//1999
f 1870//1870 1998//1998 2000//2000
f 1870//1870 2000//2000 1872//1872
f 1871//1871 2001//2001 1999//1999
f 1871//1871 1873//1873 2001//2001
f 1872//1872 2000//2000 2002//2002
f 1872//1872 2002//2002 1874//1874
f 1873//1873 2003//2003 2001//2001
f 1873//1873 1875//1875 2003//2003
f 1874//1874 2002//2002 2004//2004
f 1874//1874 2004//2004 1876//1876
f 1875//1875 2005//2005 2003//2003
f 1875//1875 1877//1877 2005//2005
f 1876//1876 2004//2004 2006//2006
f 1876//1876 2006//2006 1878//1878
f 1877//1877 2007//2007 2005//2005
f 1877//1877 1879//1879 2007//2007
f 1878//1878 2006//2006 2008//2008
f 1878//1878 2008//2008 1880//1880
f 1879//1879 2009//2009 2007//2007
f 1879//1879 1881//1881 2009//2009
f 1880//1880 2008//2008 2010//2010
f 1880//1880 2010//2010 1882//1882
f 1881//1881 2011//2011 2009//2009
f 1881//1881 1883//1883 2011//2011
f 1882//1882 2010//2010 2012//2012
f 1882//1882 2012//2012 1884//1884
f 1883//1883 2013//2013 2011//2011
f 1883//1883 1885//1885 2013//2013
f 1884//1884 2012//2012 2014//2014
f 1884//1884 2014//2014 1886//1886
f 1885//1885 2015//2015 2013//2013
f 1885//1885 1887//1887 2015//2015
f 1886//1886 2014//2014 2016//2016
f 1886//1886 2016//2016 1888//1888
f 1887//1887 2017//2017 2015//2015
f 1887//1887 1889//1889 2017//2017
f 1888//1888 2016//2016 2018//2018
f 1888//1888 2018//2018 1890//1890
f 1889//1889 2019//2019 2017//2017
f 1889//1889 1891//1891 2019//2019
f 1890//1890 2018//2018 2020//2020
f 1890//1890 2020//2020 1892//1892
f 1891//1891 2021//2021 2019//2019
f 1891//1891 1893//1893 2021//2021
f 1892//1892 2020//2020 2022//2022
f 1892//1892 2022//2022 1894//1894
f 1893//1893 2023//2023 2021//2021
f 1893//1893 1895//1895 2023//2023
f 1894//1894 2022//2022 2024//2024
f 1894//1894 2024//2024 1896//1896
f 1895//1895 2025//2025 2023//2023
f 1895//1895 1897//1897 2025//2025
f 1896//1896 2024//2024 2026//2026
f 1896//1896 2026//2026 1898//1898
f 1897//1897 2027//2027 2025//2025
f 1897//1897 1899//1899 2027//2027
f 1898//1898 2026//2026 2028//2028
f 1898//1898 2028//2028 1900//1900
f 1899//1899 2029//2029 2027//2027
f 1899//1899 1901//1901 2029//2029
f 1900//1900 2028//2028 2030//2030
f 1900//1900 2030//2030 1902//1902
f 1901//1901 2031//2031 2029//2029
f 1901//1901 1903//1903 2031//2031
f 1902//1902 2030//2030 2032//2032
f 1902//1902 2032//2032 1904//1904
f 1903//1903 2033//2033 2031//2031
f 1903//1903 1905//1905 2033//2033
f 1904//1904 2032//2032 2034//2034
f 1904//1904 2034//2034 1906//1906
f 1905//1905 2035//2035 2033//2033
f 1905//1905 1907//1907 2035//2035
f 1906//1906 2034//2034 2036//2036
f 1906//1906 2036//2036 1908//1908
f 1907//1907 2037//2037 2035//2035
f 1907//1907 1909//1909 2037//2037
f 1908//1908 2036//2036 2038//2038
f 1908//1908 2038//2038 1910//1910
f 1909//1909 2039//2039 2037//2037
f 1909//1909 1911//1911 2039//2039
f 1910//1910 2038//2038 2040//2040
f 1910//1910 2040//2040 1912//1912
f 1911//1911 2041//2041 2039//2039
f 1911//1911 1913//1913 2041//2041
f 1912//1912 2040//2040 2042//2042
f 1912//1912 2042//2042 1914//1914
f 1913//1913 2043//2043 2041//2041
f 1913//1913 1915//1915 2043//2043
f 1914//1914 2042//2042 2044//2044
f 1914//1914 2044//2044 1916//1916
f 1915//1915 2045//2045 2043//2043
f 1915//1915 1917//1917 2045//2045
f 1916//1916 2044//2044 2046//2046
f 1916//1916 2046//2046 1918//1918
f 1917//1917 2047//2047 2045//2045
f 1917//1917 1919//1919 2047//2047
f 1918//1918 2046//2046 2048//2048
f 1918//1918 2048//2048 1920//1920
f 1919//1919 2049//2049 2047//2047
f 1919//1919 1921//1921 2049//2049
f 1920//1920 2048//2048 2050//2050
f 1920//1920 2050//2050 1922//1922
f 1921//1921 1923//1923 2049//2049
f 1921//1921 1795//1795 1923//1923
f 1922//1922 2050//2050 1924//1924
f 1922//1922 1924//1924 1796//1796
f 1923//1923 2053//2053 2051//2051
f 1923//1923 1925//1925 2053//2053
f 1924//1924 2052//2052 2054//2054
f 1924//1924 2054//2054 1926//1926
f 1925//1925 2055//2055 2053//2053
f 1925//1925 1927//1927 2055//2055
f 1926//1926 2054//2054 2056//2056
f 1926//1926 2056//2056 1928//1928
f 1927//1927 2057//2057 2055//2055
f 1927//1927 1929//1929 2057//2057
f 1928//1928 2056//2056 2058//2058
f 1928//1928 2058//2058 1930//1930
f 1929//1929 2059//2059 2057//2057
f 1929//1929 1931//1931 2059//2059
f 1930//1930 2058//2058 2060//2060
f 1930//1930 2060//2060 1932//1932
f 1931//1931 2061//2061 2059//2059
f 1931//1931 1933//1933 2061//2061
f 1932//1932 2060//2060 2062//2062
f 1932//1932 2062//2062 1934//1934
f 1933//1933 2063//2063 2061//2061
f 1933//1933 1935//1935 2063//2063
f 1934//1934 2062//2062 2064//2064
f 1934//1934 2064//2064 1936//1936
f 1935//1935 2065//2065 2063//2063
f 1935//1935 1937//1937 2065//2065
f 1936//1936 2064//2064 2066//2066
f 1936//1936 2066//2066 1938//1938
f 1937//1937 2067//2067 2065//2065
f 1937//1937 1939//1939 2067//2067
f 1938//1938 2066//2066 2068//2068
f 1938//1938 2068//2068 1940//1940
f 1939//1939 2069//2069 2067//2067
f 1939//1939 1941//1941 2069//2069
f 1940//1940 2068//2068 2070//2070
f 1940//1940 2070//2070 1942//1942
f 1941//1941 2071//2071 2069//2069
f 1941//1941 1943//1943 2071//2071
f 1942//1942 2070//2070 2072//2072
f 1942//1942 2072//2072 1944//1944
f 1943//1943 2073//2073 2071//2071
f 1943//1943 1945//1945 2073//2073
f 1944//1944 2072//2072 2074//2074
f 1944//1944 2074//2074 1946//1946
f 1945//1945 2075//2075 2073//2073
f 1945//1945 1947//1947 2075//2075
f 1946//1946 2074//2074 2076//2076
f 1946//1946 2076//2076 1948//1948
f 1947//1947 2077//2077 2075//2075
f 1947//1947 1949//1949 2077//2077
f 1948//1948 2076//2076 2078//2078
f 1948//1948 2078//2078 1950//1950
f 1949//1949 2079//2079 2077//2077
f 1949//1949 1951//1951 2079//2079
f 1950//1950 2078//2078 2080//2080
f 1950//1950 2080//2080 1952//1952
f 1951//1951 2081//2081 2079//2079
f 1951//1951 1953//1953 2081//2081
f 1952//1952 2080//2080 2082//2082
f 1952//1952 2082//2082 1954//1954
f 1953//1953 2083//2083 2081//2081
f 1953//1953 1955//1955 2083//2083
f 1954//1954 2082//2082 2084//2084
f 1954//1954 2084//2084 1956//1956
f 1955//1955 2085//2085 2083//2083
f 1955//1955 1957//1957 2085//2085
f 1956//1956 2084//2084 2086//2086
f 1956//1956 2086//2086 1958//1958
f 1957//1957 2087//2087 2085//2085
f 1957//1957 1959//1959 2087//2087
f 1958//1958 2086//2086 2088//2088
f 1958//1958 2088//2088 1960//1960
f 1959//1959 2089//2089 2087//2087
f 1959//1959 1961//1961 2089//2089
f 1960//1960 2088//2088 2090//2090
f 1960//1960 2090//2090 1962//1962
f 1961//1961 2091//2091 2089//2089
f 1961//1961 1963//1963 2091//2091
f 1962//1962 2090//2090 2092//2092
f 1962//1962 2092//2092 1964//1964
f 1963//1963 2093//2093 2091//2091
f 1963//1963 1965//1965 2093//2093
f 1964//1964 2092//2092 2094//2094
f 1964//1964 2094//2094 1966//1966
f 1965//1965 2095//2095 2093//2093
f 1965//1965 1967//1967 2095//2095
f 1966//1966 2094//2094 2096//2096
f 1966//1966 2096//2096 1968//1968
f 1967//1967 2097//2097 2095//2095
f 1967//1967 1969//1969 2097//2097
f 1968//1968 2096//2096 2098//2098
f 1968//1968 2098//2098 1970//1970
f 1969//1969 2099//2099 2097//2097
f 1969//1969 1971//1971 2099//2099
f 1970//1970 2098//2098 2100//2100
f 1970//1970 2100//2100 1972//1972
f 1971//1971 2101//2101 2099//2099
f 1971//1971 1973//1973 2101//2101
f 1972//1972 2100//2100 2102//2102
f 1972//1972 2102//2102 1974//1974
f 1973//1973 2103//2103 2101//2101
f 1973//1973 1975//1975 2103//2103
f 1974//1974 2102//2102 2104//2104
f 1974//1974 2104//2104 1976//1976
f 1975//1975 2105//2105 2103//2103
f 1975//1975 1977//1977 2105//2105
f 1976//1976 2104//2104 2106//2106
f 1976//1976 2106//2106 1978//1978
f 1977//1977 2107//2107 2105//2105
f 1977//1977 1979//1979 2107//2107
f 1978//1978 2106//2106 2108//2108
f 1978//1978 2108//2108 1980//1980
f 1979//1979 2109//2109 2107//2107
f 1979//1979 1981//1981 2109//2109
f 1980//1980 2108//2108 2110//2110
f 1980//1980 2110//2110 1982//1982
f 1981//1981 2111//2111 2109//2109
f 1981//1981 1983//1983 2111//2111
f 1982//1982 2110//2110 2112//2112
f 1982//1982 2112//2112 1984//1984
f 1983//1983 2113//2113 2111//2111
f 1983//1983 1985//1985 2113//2113
f 1984//1984 2112//2112 2114//2114
f 1984//1984 2114//2114 1986//1986
f 1985//1985 2115//2115 2113//2113
f 1985//1985 1987//1987 2115//2115
f 1986//1986 2114//2114 2116//2116
f 1986//1986 2116//2116 1988//1988
f 1987//1987 2117//2117 2115//2115
f 1987//1987 1989//1989 2117//2117
f 1988//1988 2116//2116 2118//2118
f 1988//1988 2118//2118 1990//1990
f 1989//1989 2119//2119 2117//2117
f 1989//1989 1991//1991 2119//2119
f 1990//1990 2118//2118 2120//2120
f 1990//1990 2120//2120 1992//1992
f 1991//1991 2121//2121 2119//2119
f 1991//1991 1993//1993 2121//2121
f 1992//1992 2120//2120 2122//2122
f 1992//1992 2122//2122 1994//1994
f 1993//1993 2123//2123 2121//2121
f 1993//1993 1995//1995 2123//2123
f 1994//1994 2122//2122 2124//2124
f 1994//1994 2124//2124 1996//1996
f 1995//1995 2125//2125 2123//2123
f 1995//1995 1997//1997 2125//2125
f 1996//1996 2124//2124 2126//2126
f 1996//1996 2126//2126 1998//1998
f 1997//1997 2127//2127 2125//2125
f 1997//1997 1999//1999 2127//2127
f 1998//1998 2126//2126 2128//2128
f 1998//1998 2128//2128 2000//2000
f 1999//1999 2129//2129 2127//2127
f 1999//1999 2001//2001 2129//2129
f 2000//2000 2128//2128 2130//2130
f 2000//2000 2130//2130 2002//2002
f 2001//2001 2131//2131 2129//2129
f 2001//2001 2003//2003 2131//2131
f 2002//2002 2130//2130 2132//2132
f 2002//2002 2132//2132 2004//2004
f 2003//2003 2133//2133 2131//2131
f 2003//2003 2005//2005 2133//2133
f 2004//2004 2132//2132 2134//2134
f 2004//2004 2134//2134 2006//2006
f 2005//2005 2135//2135 2133//2133
f 2005//2005 2007//2007 2135//2135
f 2006//2006 2134//2134 2136//2136
f 2006//2006 2136//2136 2008//2008
f 2007//2007 2137//2137 2135//2135
f 2007//2007 2009//2009 2137//2137
f 2008//2008 2136//2136 2138//2138
f 2008//2008 2138//2138 2010//2010
f 2009//2009 2139//2139 2137//2137
f 2009//2009 2011//2011 2139//2139
f 2010//2010 2138//2138 2140//2140
f 2010//2010 2140//2140 2012//2012
f 2011//2011 2141//2141 2139//2139
f 2011//2011 2013//2013 2141//2141
f 2012//2012 2140//2140 2142//2142
f 2012//2012 2142//2142 2014//2014
f 2013//2013 2143//2143 2141//2141
f 2013//2013 2015//2015 2143//2143
f 2014//2014 2142//2142 2144//2144
f 2014//2014 2144//2144 2016//2016
f 2015//2015 2145//2145 2143//2143
f 2015//2015 2017//2017 2145//2145
f 2016//2016 2144//2144 2146//2146
f 2016//2016 2146//2146 2018//2018
f 2017//2017 2147//2147 2145//2145
f 2017//2017 2019//2019 2147//2147
f 2018//2018 2146//2146 2148//2148
f 2018//2018 2148//2148 2020//2020
f 2019//2019 2149//2149 2147//2147
f 2019//2019 2021//2021 2149//2149
f 2020//2020 2148//2148 2150//2150
f 2020//2020 2150//2150 2022//2022
f 2021//2021 2151//2151 2149//2149
f 2021//2021 2023//2023 2151//2151
f 2022//2022 2150//2150 2152//2152
f 2022//2022 2152//2152 2024//2024
f 2023//2023 2153//2153 2151//2151
f 2023//2023 2025//2025 2153//2153
f 2024//2024 2152//2152 2154//2154
f 2024//2024 2154//2154 2026//2026
f 2025//2025 2155//2155 2153//2153
f 2025//2025 2027//2027 2155//2155
f 2026//2026 2154//2154 2156//2156
f 2026//2026 2156//2156 2028//2028
f 2027//2027 2157//2157 2155//2155
f 2027//2027 2029//2029 2157//2157
f 2028//2028 2156//2156 2158//2158
f 2028//2028 2158//2158 2030//2030
f 2029//2029 2159//2159 2157//2157
f 2029//2029 2031//2031 2159//2159
f 2030//2030 2158//2158 2160//2160
f 2030//2030 2160//2160 2032//2032
f 2031//2031 2161//2161 2159//2159
f 2031//2031 2033//2033 2161//2161
f 2032//2032 2160//2160 2162//2162
f 2032//2032 2162//2162 2034//2034
f 2033//2033 2163//2163 2161//2161
f 2033//2033 2035//2035 2163//2163
f 2034//2034 2162//2162 2164//2164
f 2034//2034 2164//2164 2036//2036
f 2035//2035 2165//2165 2163//2163
f 2035//2035 2037//2037 2165//2165
f 2036//2036 2164//2164 2166//2166
f 2036//2036 2166//2166 2038//2038
f 2037//2037 2167//2167 2165//2165
f 2037//2037 2039//2039 2167//2167
f 2038//2038 2166//2166 2168//2168
f 2038//2038 2168//2168 2040//2040
f 2039//2039 2169//2169 2167//2167
f 2039//2039 2041//2041 2169//2169
f 2040//2040 2168//2168 2170//2170
f 2040//2040 2170//2170 2042//2042
f 2041//2041 2171//2171 2169//2169
f 2041//2041 2043//2043 2171//2171
f 2042//2042 2170//2170 2172//2172
f 2042//2042 2172//2172 2044//2044
f 2043//2043 2173//2173 2171//2171
f 2043//2043 2045//2045 2173//2173
f 2044//2044 2172//2172 2174//2174
f 2044//2044 2174//2174 2046//2046
f 2045//2045 2175//2175 2173//2173
f 2045//2045 2047//2047 2175//2175
f 2046//2046 2174//2174 2176//2176
f 2046//2046 2176//2176 2048//2048
f 2047//2047 2177//2177 2175//2175
f 2047//2047 2049//2049 2177//2177
f 2048//2048 2176//2176 2178//2178
f 2048//2048 2178//2178 2050//2050
f 2049//2049 2051//2051 2177//2177
f 2049//2049 1923//1923 2051//2051
f 2050//2050 2178//2178 2052//2052
f 2050//2050 2052//2052 1924//1924
f 2051//2051 2181//2181 2179//2179
f 2051//2051 2053//2053 2181//2181
f 2052//2052 2180//2180 2182//2182
f 2052//2052 2182//2182 2054//2054
f 2053//2053 2183//2183 2181//2181
f 2053//2053 2055//2055 2183//2183
f 2054//2054 2182//2182 2184//2184
f 2054//2054 2184//2184 2056//2056
f 2055//2055 2185//2185 2183//2183
f 2055//2055 2057//2057 2185//2185
f 2056//2056 2184//2184 2186//2186
f 2056//2056 2186//2186 2058//2058
f 2057//2057 2187//2187 2185//2185
f 2057//2057 2059//2059 2187//2187
f 2058//2058 2186//2186 2188//2188
f 2058//2058 2188//2188 2060//2060
f 2059//2059 2189//2189 2187//2187
f 2059//2059 2061//2061 2189//2189
f 2060//2060 2188//2188 2190//2190
f 2060//2060 2190//2190 2062//2062
f 2061//2061 2191//2191 2189//2189
f 2061//2061 2063//2063 2191//2191
f 2062//2062 2190//2190 2192//2192
f 2062//2062 2192//2192 2064//2064
f 2063//2063 2193//2193 2191//2191
f 2063//2063 2065//2065 2193//2193
f 2064//2064 2192//2192 2194//2194
f 2064//2064 2194//2194 2066//2066
f 2065//2065 2195//2195 2193//2193
f 2065//2065 2067//2067 2195//2195
f 2066//2066 2194//2194 2196//2196
f 2066//2066 2196//2196 2068//2068
f 2067//2067 2197//2197 2195//2195
f 2067//2067 2069//2069 2197//2197
f 2068//2068 2196//2196 2198//2198
f 2068//2068 2198//2198 2070//2070
f 2069//2069 2199//2199 2197//2197
f 2069//2069 2071//2071 2199//2199
f 2070//2070 2198//2198 2200//2200
f 2070//2070 2200//2200 2072//2072
f 2071//2071 2201//2201 2199//2199
f 2071//2071 2073//2073 2201//2201
f 2072//2072 2200//2200 2202//2202
f 2072//2072 2202//2202 2074//2074
f 2073//2073 2203//2203 2201//2201
f 2073//2073 2075//2075 2203//2203
f 2074//2074 2202//2202 2204//2204
f 2074//2074 2204//2204 2076//2076
f 2075//2075 2205//2205 2203//2203
f 2075//2075 2077//2077 2205//2205
f 2076//2076 2204//2204 2206//2206
f 2076//2076 2206//2206 2078//2078
f 2077//2077 2207//2207 2205//2205
f 2077//2077 2079//2079 2207//2207
f 2078//2078 2206//2206 2208//2208
f 2078//2078 2208//2208 2080//2080
f 2079//2079 2209//2209 2207//2207
f 2079//2079 2081//2081 2209//2209
f 2080//2080 2208//2208 2210//2210
f 2080//2080 2210//2210 2082//2082
f 2081//2081 2211//2211 2209//2209
f 2081//2081 2083//2083 2211//2211
f 2082//2082 2210//2210 2212//2212
f 2082//2082 2212//2212 2084//2084
f 2083//2083 2213//2213 2211//2211
f 2083//2083 2085//2085 2213//2213
f 2084//2084 2212//2212 2214//2214
f 2084//2084 2214//2214 2086//2086
f 2085//2085 2215//2215 2213//2213
f 2085//2085 2087//2087 2215//2215
f 2086//2086 2214//2214 2216//2216
f 2086//2086 2216//2216 2088//2088
f 2087//2087 2217//2217 2215//2215
f 2087//2087 2089//2089 2217//2217
f 2088//2088 2216//2216 2218//2218
f 2088//2088 2218//2218 2090//2090
f 2089//2089 2219//2219 2217//2217
f 2089//2089 2091//2091 2219//2219
f 2090//2090 2218//2218 2220//2220
f 2090//2090 2220//2220 2092//2092
f 2091//2091 2221//2221 2219//2219
f 2091//2091 2093//2093 2221//2221
f 2092//2092 2220//2220 2222//2222
f 2092//2092 2222//2222 2094//2094
f 2093//2093 2223//2223 2221//2221
f 2093//2093 2095//2095 2223//2223
f 2094//2094 2222//2222 2224//2224
f 2094//2094 2224//2224 2096//2096
f 2095//2095 2225//2225 2223//2223
f 2095//2095 2097//2097 2225//2225
f 2096//2096 2224//2224 2226//2226
f 2096//2096 2226//2226 2098//2098
f 2097//2097 2227//2227 2225//2225
f 2097//2097 2099//2099 2227//2227
f 2098//2098 2226//2226 2228//2228
f 2098//2098 2228//2228 2100//2100
f 2099//2099 2229//2229 2227//2227
f 2099//2099 2101//2101 2229//2229
f 2100//2100 2228//2228 2230//2230
f 2100//2100 2230//2230 2102//2102
f 2101//2101 2231//2231 2229//2229
f 2101//2101 2103//2103 2231//2231
f 2102//2102 2230//2230 2232//2232
f 2102//2102 2232//2232 2104//2104
f 2103//2103 2233//2233 2231//2231
f 2103//2103 2105//2105 2233//2233
f 2104//2104 2232//2232 2234//2234
f 2104//2104 2234//2234 2106//2106
f 2105//2105 2235//2235 2233//2233
f 2105//2105 2107//2107 2235//2235
f 2106//2106 2234//2234 2236//2236
f 2106//2106 2236//2236 2108//2108
f 2107//2107 2237//2237 2235//2235
f 2107//2107 2109//2109 2237//2237
f 2108//2108 2236//2236 2238//2238
f 2108//2108 2238//2238 2110//2110
f 2109//2109 2239//2239 2237//2237
f 2109//2109 2111//2111 2239//2239
f 2110//2110 2238//2238 2240//2240
f 2110//2110 2240//2240 2112//2112
f 2111//2111 2241//2241 2239//2239
f 2111//2111 2113//2113 2241//2241
f 2112//2112 2240//2240 2242//2242
f 2112//2112 2242//2242 2114//2114
f 2113//2113 2243//2243 2241//2241
f 2113//2113 2115//2115 2243//2243
f 2114//2114 2242//2242 2244//2244
f 2114//2114 2244//2244 2116//2116
f 2115//2115 2245//2245 2243//2243
f 2115//2115 2117//2117 2245//2245
f 2116//2116 2244//2244 2246//2246
f 2116//2116 2246//2246 2118//2118
f 2117//2117 2247//2247 2245//2245
f 2117//2117 2119//2119 2247//2247
f 2118//2118 2246//2246 2248//2248
f 2118//2118 2248//2248 2120//2120
f 2119//2119 2249//2249 2247//2247
f 2119//2119 2121//2121 2249//2249
f 2120//2120 2248//2248 2250//2250
f 2120//2120 2250//2250 2122//2122
f 2121//2121 2251//2251 2249//2249
f 2121//2121 2123//2123 2251//2251
f 2122//2122 2250//2250 2252//2252
f 2122//2122 2252//2252 2124//2124
f 2123//2123 2253//2253 2251//2251
f 2123//2123 2125//2125 2253//2253
f 2124//2124 2252//2252 2254//2254
f 2124//2124 2254//2254 2126//2126
f 2125//2125 2255//2255 2253//2253
f 2125//2125 2127//2127 2255//2255
f 2126//2126 2254//2254 2256//2256
f 2126//2126 2256//2256 2128//2128
f 2127//2127 2257//2257 2255//2255
f 2127//2127 2129//2129 2257//2257
f 2128//2128 2256//2256 2258//2258
f 2128//2128 2258//2258 2130//2130
f 2129//2129 2259//2259 2257//2257
f 2129//2129 2131//2131 2259//2259
f 2130//2130 2258//2258 2260//2260
f 2130//2130 2260//2260 2132//2132
f 2131//2131 2261//2261 2259//2259
f 2131//2131 2133//2133 2261//2261
f 2132//2132 2260//2260 2262//2262
f 2132//2132 2262//2262 2134//2134
f 2133//2133 2263//2263 2261//2261
f 2133//2133 2135//2135 2263//2263
f 2134//2134 2262//2262 2264//2264
f 2134//2134 2264//2264 2136//2136
f 2135//2135 2265//2265 2263//2263
f 2135//2135 2137//2137 2265//2265
f 2136//2136 2264//2264 2266//2266
f 2136//2136 2266//2266 2138//2138
f 2137//2137 2267//2267 2265//2265
f 2137//2137 2139//2139 2267//2267
f 2138//2138 2266//2266 2268//2268
f 2138//2138 2268//2268 2140//2140
f 2139//2139 2269//2269 2267//2267
f 2139//2139 2141//2141 2269//2269
f 2140//2140 2268//2268 2270//2270
f 2140//2140 2270//2270 2142//2142
f 2141//2141 2271//2271 2269//2269
f 2141//2141 2143//2143 2271//2271
f 2142//2142 2270//2270 2272//2272
f 2142//2142 2272//2272 2144//2144
f 2143//2143 2273//2273 2271//2271
f 2143//2143 2145//2145 2273//2273
f 2144//2144 2272//2272 2274//2274
f 2144//2144 2274//2274 2146//2146
f 2145//2145 2275//2275 2273//2273
f 2145//2145 2147//2147 2275//2275
f 2146//2146 2274//2274 2276//2276
f 2146//2146 2276//2276 2148//2148
f 2147//2147 2277//2277 2275//2275
f 2147//2147 2149//2149 2277//2277
f 2148//2148 2276//2276 2278//2278
f 2148//2148 2278//2278 2150//2150
f 2149//2149 2279//2279 2277//2277
f 2149//2149 2151//2151 2279//2279
f 2150//2150 2278//2278 2280//2280
f 2150//2150 2280//2280 2152//2152
f 2151//2151 2281//2281 2279//2279
f 2151//2151 2153//2153 2281//2281
f 2152//2152 2280//2280 2282//2282
f 2152//2152 2282//2282 2154//2154
f 2153//2153 2283//2283 2281//2281
f 2153//2153 2155//2155 2283//2283
f 2154//2154 2282//2282 2284//2284
f 2154//2154 2284//2284 2156//2156
f 2155//2155 2285//2285 2283//2283
f 2155//2155 2157//2157 2285//2285
f 2156//2156 2284//2284 2286//2286
f 2156//2156 2286//2286 2158//2158
f 2157//2157 2287//2287 2285//2285
f 2157//2157 2159//2159 2287//2287
f 2158//2158 2286//2286 2288//2288
f 2158//2158 2288//2288 2160//2160
f 2159//2159 2289//2289 2287//2287
f 2159//2159 2161//2161 2289//2289
f 2160//2160 2288//2288 2290//2290
f 2160//2160 2290//2290 2162//2162
f 2161//2161 2291//2291 2289//2289
f 2161//2161 2163//2163 2291//2291
f 2162//2162 2290//2290 2292//2292
f 2162//2162 2292//2292 2164//2164
f 2163//2163 2293//2293 2291//2291
f 2163//2163 2165//2165 2293//2293
f 2164//2164 2292//2292 2294//2294
f 2164//2164 2294//2294 2166//2166
f 2165//2165 2295//2295 2293//2293
f 2165//2165 2167//2167 2295//2295
f 2166//2166 2294//2294 2296//2296
f 2166//2166 2296//2296 2168//2168
f 2167//2167 2297//2297 2295//2295
f 2167//2167 2169//2169 2297//2297
f 2168//2168 2296//2296 2298//2298
f 2168//2168 2298//2298 2170//2170
f 2169//2169 2299//2299 2297//2297
f 2169//2169 2171//2171 2299//2299
f 2170//2170 2298//2298 2300//2300
f 2170//2170 2300//2300 2172//2172
f 2171//2171 2301//2301 2299//2299
f 2171//2171 2173//2173 2301//2301
f 2172//2172 2300//2300 2302//2302
f 2172//2172 2302//2302 2174//2174
f 2173//2173 2303//2303 2301//2301
f 2173//2173 2175//2175 2303//2303
f 2174//2174 2302//2302 2304//2304
f 2174//2174 2304//2304 2176//2176
f 2175//2175 2305//2305 2303//2303
f 2175//2175 2177//2177 2305//2305
f 2176//2176 2304//2304 2306//2306
f 2176//2176 2306//2306 2178//2178
f 2177//2177 2179//2179 2305//2305
f 2177//2177 2051//2051 2179//2179
f 2178//2178 2306//2306 2180//2180
f 2178//2178 2180//2180 2052//2052
f 2179//2179 2182//2182 2180//2180
f 2179//2179 2181//2181 2182//2182
f 2181//2181 2184//2184 2182//2182
f 2181//2181 2183//2183 2184//2184
f 2183//2183 2186//2186 2184//2184
f 2183//2183 2185//2185 2186//2186
f 2185//2185 2188//2188 2186//2186
f 2185//2185 2187//2187 2188//2188
f 2187//2187 2190//2190 2188//2188
f 2187//2187 2189//2189 2190//2190
f 2189//2189 2192//2192 2190//2190
f 2189//2189 2191//2191 2192//2192
f 2191//2191 2194//2194 2192//2192
f 2191//2191 2193//2193 2194//2194
f 2193//2193 2196//2196 2194//2194
f 2193//2193 2195//2195 2196//2196
f 2195//2195 2198//2198 2196//2196
f 2195//2195 2197//2197 2198//2198
f 2197//2197 2200//2200 2198//2198
f 2197//2197 2199//2199 2200//2200
f 2199//2199 2202//2202 2200//2200
f 2199//2199 2201//2201 2202//2202
f 2201//2201 2204//2204 2202//2202
f 2201//2201 2203//2203 2204//2204
f 2203//2203 2206//2206 2204//2204
f 2203//2203 2205//2205 2206//2206
f 2205//2205 2208//2208 2206//2206
f 2205//2205 2207//2207 2208//2208
f 2207//2207 2210//2210 2208//2208
f 2207//2207 2209//2209 2210//2210
f 2209//2209 2212//2212 2210//2210
f 2209//2209 2211//2211 2212//2212
f 2211//2211 2214//2214 2212//2212
f 2211//2211 2213//2213 2214//2214
f 2213//2213 2216//2216 2214//2214
f 2213//2213 2215//2215 2216//2216
f 2215//2215 2218//2218 2216//2216
f 2215//2215 2217//2217 2218//2218
f 2217//2217 2220//2220 2218//2218
f 2217//2217 2219//2219 2220//2220
f 2219//2219 2222//2222 2220//2220
f 2219//2219 2221//2221 2222//2222
f 2221//2221 2224//2224 2222//2222
f 2221//2221 2223//2223 2224//2224
f 2223//2223 2226//2226 2224//2224
f 2223//2223 2225//2225 2226//2226
f 2225//2225 2228//2228 2226//2226
f 2225//2225 2227//2227 2228//2228
f 2227//2227 2230//2230 2228//2228
f 2227//2227 2229//2229 2230//2230
f 2229//2229 2232//2232 2230//2230
f 2229//2229 2231//2231 2232//2232
f 2231//2231 2234//2234 2232//2232
f 2231//2231 2233//2233 2234//2234
f 2233//2233 2236//2236 2234//2234
f 2233//2233 2235//2235 2236//2236
f 2235//2235 2238//2238 2236//2236
f 2235//2235 2237//2237 2238//2238
f 2237//2237 2240//2240 2238//2238
f 2237//2237 2239//2239 2240//2240
f 2239//2239 2242//2242 2240//2240
f 2239//2239 2241//2241 2242//2242
f 2241//2241 2244//2244 2242//2242
f 2241//2241 2243//2243 2244//2244
f 2243//2243 2246//2246 2244//2244
f 2243//2243 2245//2245 2246//2246
f 2245//2245 2248//2248 2246//2246
f 2245//2245 2247//2247 2248//2248
f 2247//2247 2250//2250 2248//2248
f 2247//2247 2249//2249 2250//2250
f 2249//2249 2252//2252 2250//2250
f 2249//2249 2251//2251 2252//2252
f 2251//2251 2254//2254 2252//2252
f 2251//2251 2253//2253 2254//2254
f 2253//2253 2256//2256 2254//2254
f 2253//2253 2255//2255 2256//2256
f 2255//2255 2258//2258 2256//2256
f 2255//2255 2257//2257 2258//2258
f 2257//2257 2260//2260 2258//2258
f 2257//2257 2259//2259 2260//2260
f 2259//2259 2262//2262 2260//2260
f 2259//2259 2261//2261 2262//2262
f 2261//2261 2264//2264 2262//2262
f 2261//2261 2263//2263 2264//2264
f 2263//2263 2266//2266 2264//2264
f 2263//2263 2265//2265 2266//2266
f 2265//2265 2268//2268 2266//2266
f 2265//2265 2267//2267 2268//2268
f 2267//2267 2270//2270 2268//2268
f 2267//2267 2269//2269 2270//2270
f 2269//2269 2272//2272 2270//2270
f 2269//2269 2271//2271 2272//2272
f 2271//2271 2274//2274 2272//2272
f 2271//2271 2273//2273 2274//2274
f 2273//2273 2276//2276 2274//2274
f 2273//2273 2275//2275 2276//2276
f 2275//2275 2278//2278 2276//2276
f 2275//2275 2277//2277 2278//2278
f 2277//2277 2280//2280 2278//2278
f 2277//2277 2279//2279 2280//2280
f 2279//2279 2282//2282 2280//2280
f 2279//2279 2281//2281 2282//2282
f 2281//2281 2284//2284 2282//2282
f 2281//2281 2283//2283 2284//2284
f 2283//2283 2286//2286 2284//2284
f 2283//2283 2285//2285 2286//2286
f 2285//2285 2288//2288 2286//2286
f 2285//2285 2287//2287 2288//2288
f 2287//2287 2290//2290 2288//2288
f 2287//2287 2289//2289 2290//2290
f 2289//2289 2292//2292 2290//2290
f 2289//2289 2291//2291 2292//2292
f 2291//2291 2294//2294 2292//2292
f 2291//2291 2293//2293 2294//2294
f 2293//2293 2296//2296 2294//2294
f 2293//2293 2295//2295 2296//2296
f 2295//2295 2298//2298 2296//2296
f 2295//2295 2297//2297 2298//2298
f 2297//2297 2300//2300 2298//2298
f 2297//2297 2299//2299 2300//2300
f 2299//2299 2302//2302 2300//2300
f 2299//2299 2301//2301 2302//2302
f 2301//2301 2304//2304 2302//2302
f 2301//2301 2303//2303 2304//2304
f 2303//2303 2306//2306 2304//2304
f 2303//2303 2305//2305 2306//2306
f 2305//2305 2180//2180 2306//2306
f 2305//2305 2179//2179 2180//2180
