# Blender 5.1.1
# www.blender.org
mtllib slime.mtl
o hemisphere_helmet_approx_1537_vertices
v 0.000000 1.000000 0.000000
v 0.034899 0.999391 0.000000
v 0.034229 0.999391 -0.006809
v 0.032243 0.999391 -0.013355
v 0.029018 0.999391 -0.019389
v 0.024678 0.999391 -0.024678
v 0.019389 0.999391 -0.029018
v 0.013355 0.999391 -0.032243
v 0.006809 0.999391 -0.034229
v 0.000000 0.999391 -0.034899
v -0.006809 0.999391 -0.034229
v -0.013355 0.999391 -0.032243
v -0.019389 0.999391 -0.029018
v -0.024678 0.999391 -0.024678
v -0.029018 0.999391 -0.019389
v -0.032243 0.999391 -0.013355
v -0.034229 0.999391 -0.006809
v -0.034899 0.999391 0.000000
v -0.034229 0.999391 0.006809
v -0.032243 0.999391 0.013355
v -0.029018 0.999391 0.019389
v -0.024678 0.999391 0.024678
v -0.019389 0.999391 0.029018
v -0.013355 0.999391 0.032243
v -0.006809 0.999391 0.034229
v 0.000000 0.999391 0.034899
v 0.006809 0.999391 0.034229
v 0.013355 0.999391 0.032243
v 0.019389 0.999391 0.029018
v 0.024678 0.999391 0.024678
v 0.029018 0.999391 0.019389
v 0.032243 0.999391 0.013355
v 0.034229 0.999391 0.006809
v 0.069756 0.997564 0.000000
v 0.068416 0.997564 -0.013609
v 0.064447 0.997564 -0.026695
v 0.058000 0.997564 -0.038755
v 0.049325 0.997564 -0.049325
v 0.038755 0.997564 -0.058000
v 0.026695 0.997564 -0.064447
v 0.013609 0.997564 -0.068416
v 0.000000 0.997564 -0.069756
v -0.013609 0.997564 -0.068416
v -0.026695 0.997564 -0.064447
v -0.038755 0.997564 -0.058000
v -0.049325 0.997564 -0.049325
v -0.058000 0.997564 -0.038755
v -0.064447 0.997564 -0.026695
v -0.068416 0.997564 -0.013609
v -0.069756 0.997564 0.000000
v -0.068416 0.997564 0.013609
v -0.064447 0.997564 0.026695
v -0.058000 0.997564 0.038755
v -0.049325 0.997564 0.049325
v -0.038755 0.997564 0.058000
v -0.026695 0.997564 0.064447
v -0.013609 0.997564 0.068416
v 0.000000 0.997564 0.069756
v 0.013609 0.997564 0.068416
v 0.026695 0.997564 0.064447
v 0.038755 0.997564 0.058000
v 0.049325 0.997564 0.049325
v 0.058000 0.997564 0.038755
v 0.064447 0.997564 0.026695
v 0.068416 0.997564 0.013609
v 0.104528 0.994522 0.000000
v 0.102520 0.994522 -0.020392
v 0.096572 0.994522 -0.040001
v 0.086912 0.994522 -0.058073
v 0.073913 0.994522 -0.073913
v 0.058073 0.994522 -0.086912
v 0.040001 0.994522 -0.096572
v 0.020392 0.994522 -0.102520
v 0.000000 0.994522 -0.104528
v -0.020392 0.994522 -0.102520
v -0.040001 0.994522 -0.096572
v -0.058073 0.994522 -0.086912
v -0.073913 0.994522 -0.073913
v -0.086912 0.994522 -0.058073
v -0.096572 0.994522 -0.040001
v -0.102520 0.994522 -0.020392
v -0.104528 0.994522 0.000000
v -0.102520 0.994522 0.020392
v -0.096572 0.994522 0.040001
v -0.086912 0.994522 0.058073
v -0.073913 0.994522 0.073913
v -0.058073 0.994522 0.086912
v -0.040001 0.994522 0.096572
v -0.020392 0.994522 0.102520
v 0.000000 0.994522 0.104528
v 0.020392 0.994522 0.102520
v 0.040001 0.994522 0.096572
v 0.058073 0.994522 0.086912
v 0.073913 0.994522 0.073913
v 0.086912 0.994522 0.058073
v 0.096572 0.994522 0.040001
v 0.102520 0.994522 0.020392
v 0.139173 0.990268 0.000000
v 0.136499 0.990268 -0.027151
v 0.128579 0.990268 -0.053259
v 0.115718 0.990268 -0.077320
v 0.098410 0.990268 -0.098410
v 0.077320 0.990268 -0.115718
v 0.053259 0.990268 -0.128579
v 0.027151 0.990268 -0.136499
v 0.000000 0.990268 -0.139173
v -0.027151 0.990268 -0.136499
v -0.053259 0.990268 -0.128579
v -0.077320 0.990268 -0.115718
v -0.098410 0.990268 -0.098410
v -0.115718 0.990268 -0.077320
v -0.128579 0.990268 -0.053259
v -0.136499 0.990268 -0.027151
v -0.139173 0.990268 0.000000
v -0.136499 0.990268 0.027151
v -0.128579 0.990268 0.053259
v -0.115718 0.990268 0.077320
v -0.098410 0.990268 0.098410
v -0.077320 0.990268 0.115718
v -0.053259 0.990268 0.128579
v -0.027151 0.990268 0.136499
v 0.000000 0.990268 0.139173
v 0.027151 0.990268 0.136499
v 0.053259 0.990268 0.128579
v 0.077320 0.990268 0.115718
v 0.098410 0.990268 0.098410
v 0.115718 0.990268 0.077320
v 0.128579 0.990268 0.053259
v 0.136499 0.990268 0.027151
v 0.173648 0.984808 0.000000
v 0.170312 0.984808 -0.033877
v 0.160430 0.984808 -0.066452
v 0.144383 0.984808 -0.096474
v 0.122788 0.984808 -0.122788
v 0.096474 0.984808 -0.144383
v 0.066452 0.984808 -0.160430
v 0.033877 0.984808 -0.170312
v 0.000000 0.984808 -0.173648
v -0.033877 0.984808 -0.170312
v -0.066452 0.984808 -0.160430
v -0.096474 0.984808 -0.144383
v -0.122788 0.984808 -0.122788
v -0.144383 0.984808 -0.096474
v -0.160430 0.984808 -0.066452
v -0.170312 0.984808 -0.033877
v -0.173648 0.984808 0.000000
v -0.170312 0.984808 0.033877
v -0.160430 0.984808 0.066452
v -0.144383 0.984808 0.096474
v -0.122788 0.984808 0.122788
v -0.096474 0.984808 0.144383
v -0.066452 0.984808 0.160430
v -0.033877 0.984808 0.170312
v 0.000000 0.984808 0.173648
v 0.033877 0.984808 0.170312
v 0.066452 0.984808 0.160430
v 0.096474 0.984808 0.144383
v 0.122788 0.984808 0.122788
v 0.144383 0.984808 0.096474
v 0.160430 0.984808 0.066452
v 0.170312 0.984808 0.033877
v 0.207912 0.978148 0.000000
v 0.203917 0.978148 -0.040562
v 0.192085 0.978148 -0.079564
v 0.172872 0.978148 -0.115510
v 0.147016 0.978148 -0.147016
v 0.115510 0.978148 -0.172872
v 0.079564 0.978148 -0.192085
v 0.040562 0.978148 -0.203917
v 0.000000 0.978148 -0.207912
v -0.040562 0.978148 -0.203917
v -0.079564 0.978148 -0.192085
v -0.115510 0.978148 -0.172872
v -0.147016 0.978148 -0.147016
v -0.172872 0.978148 -0.115510
v -0.192085 0.978148 -0.079564
v -0.203917 0.978148 -0.040562
v -0.207912 0.978148 0.000000
v -0.203917 0.978148 0.040562
v -0.192085 0.978148 0.079564
v -0.172872 0.978148 0.115510
v -0.147016 0.978148 0.147016
v -0.115510 0.978148 0.172872
v -0.079564 0.978148 0.192085
v -0.040562 0.978148 0.203917
v 0.000000 0.978148 0.207912
v 0.040562 0.978148 0.203917
v 0.079564 0.978148 0.192085
v 0.115510 0.978148 0.172872
v 0.147016 0.978148 0.147016
v 0.172872 0.978148 0.115510
v 0.192085 0.978148 0.079564
v 0.203917 0.978148 0.040562
v 0.241922 0.970296 0.000000
v 0.237273 0.970296 -0.047197
v 0.223507 0.970296 -0.092580
v 0.201151 0.970296 -0.134405
v 0.171065 0.970296 -0.171065
v 0.134405 0.970296 -0.201151
v 0.092580 0.970296 -0.223507
v 0.047197 0.970296 -0.237273
v 0.000000 0.970296 -0.241922
v -0.047197 0.970296 -0.237273
v -0.092580 0.970296 -0.223507
v -0.134405 0.970296 -0.201151
v -0.171065 0.970296 -0.171065
v -0.201151 0.970296 -0.134405
v -0.223507 0.970296 -0.092580
v -0.237273 0.970296 -0.047197
v -0.241922 0.970296 0.000000
v -0.237273 0.970296 0.047197
v -0.223507 0.970296 0.092580
v -0.201151 0.970296 0.134405
v -0.171065 0.970296 0.171065
v -0.134405 0.970296 0.201151
v -0.092580 0.970296 0.223507
v -0.047197 0.970296 0.237273
v 0.000000 0.970296 0.241922
v 0.047197 0.970296 0.237273
v 0.092580 0.970296 0.223507
v 0.134405 0.970296 0.201151
v 0.171065 0.970296 0.171065
v 0.201151 0.970296 0.134405
v 0.223507 0.970296 0.092580
v 0.237273 0.970296 0.047197
v 0.275637 0.961262 0.000000
v 0.270341 0.961262 -0.053774
v 0.254656 0.961262 -0.105482
v 0.229184 0.961262 -0.153136
v 0.194905 0.961262 -0.194905
v 0.153136 0.961262 -0.229184
v 0.105482 0.961262 -0.254656
v 0.053774 0.961262 -0.270341
v 0.000000 0.961262 -0.275637
v -0.053774 0.961262 -0.270341
v -0.105482 0.961262 -0.254656
v -0.153136 0.961262 -0.229184
v -0.194905 0.961262 -0.194905
v -0.229184 0.961262 -0.153136
v -0.254656 0.961262 -0.105482
v -0.270341 0.961262 -0.053774
v -0.275637 0.961262 0.000000
v -0.270341 0.961262 0.053774
v -0.254656 0.961262 0.105482
v -0.229184 0.961262 0.153136
v -0.194905 0.961262 0.194905
v -0.153136 0.961262 0.229184
v -0.105482 0.961262 0.254656
v -0.053774 0.961262 0.270341
v 0.000000 0.961262 0.275637
v 0.053774 0.961262 0.270341
v 0.105482 0.961262 0.254656
v 0.153136 0.961262 0.229184
v 0.194905 0.961262 0.194905
v 0.229184 0.961262 0.153136
v 0.254656 0.961262 0.105482
v 0.270341 0.961262 0.053774
v 0.309017 0.951057 0.000000
v 0.303079 0.951057 -0.060286
v 0.285494 0.951057 -0.118256
v 0.256938 0.951057 -0.171681
v 0.218508 0.951057 -0.218508
v 0.171681 0.951057 -0.256938
v 0.118256 0.951057 -0.285494
v 0.060286 0.951057 -0.303079
v 0.000000 0.951057 -0.309017
v -0.060286 0.951057 -0.303079
v -0.118256 0.951057 -0.285494
v -0.171681 0.951057 -0.256938
v -0.218508 0.951057 -0.218508
v -0.256938 0.951057 -0.171681
v -0.285494 0.951057 -0.118256
v -0.303079 0.951057 -0.060286
v -0.309017 0.951057 0.000000
v -0.303079 0.951057 0.060286
v -0.285494 0.951057 0.118256
v -0.256938 0.951057 0.171681
v -0.218508 0.951057 0.218508
v -0.171681 0.951057 0.256938
v -0.118256 0.951057 0.285494
v -0.060286 0.951057 0.303079
v 0.000000 0.951057 0.309017
v 0.060286 0.951057 0.303079
v 0.118256 0.951057 0.285494
v 0.171681 0.951057 0.256938
v 0.218508 0.951057 0.218508
v 0.256938 0.951057 0.171681
v 0.285494 0.951057 0.118256
v 0.303079 0.951057 0.060286
v 0.342020 0.939693 0.000000
v 0.335448 0.939693 -0.066725
v 0.315985 0.939693 -0.130885
v 0.284379 0.939693 -0.190016
v 0.241845 0.939693 -0.241845
v 0.190016 0.939693 -0.284379
v 0.130885 0.939693 -0.315985
v 0.066725 0.939693 -0.335448
v 0.000000 0.939693 -0.342020
v -0.066725 0.939693 -0.335448
v -0.130885 0.939693 -0.315985
v -0.190016 0.939693 -0.284379
v -0.241845 0.939693 -0.241845
v -0.284379 0.939693 -0.190016
v -0.315985 0.939693 -0.130885
v -0.335448 0.939693 -0.066725
v -0.342020 0.939693 0.000000
v -0.335448 0.939693 0.066725
v -0.315985 0.939693 0.130885
v -0.284379 0.939693 0.190016
v -0.241845 0.939693 0.241845
v -0.190016 0.939693 0.284379
v -0.130885 0.939693 0.315985
v -0.066725 0.939693 0.335448
v 0.000000 0.939693 0.342020
v 0.066725 0.939693 0.335448
v 0.130885 0.939693 0.315985
v 0.190016 0.939693 0.284379
v 0.241845 0.939693 0.241845
v 0.284379 0.939693 0.190016
v 0.315985 0.939693 0.130885
v 0.335448 0.939693 0.066725
v 0.374607 0.927184 0.000000
v 0.367409 0.927184 -0.073082
v 0.346091 0.927184 -0.143356
v 0.311474 0.927184 -0.208120
v 0.264887 0.927184 -0.264887
v 0.208120 0.927184 -0.311474
v 0.143356 0.927184 -0.346091
v 0.073082 0.927184 -0.367409
v 0.000000 0.927184 -0.374607
v -0.073082 0.927184 -0.367409
v -0.143356 0.927184 -0.346091
v -0.208120 0.927184 -0.311474
v -0.264887 0.927184 -0.264887
v -0.311474 0.927184 -0.208120
v -0.346091 0.927184 -0.143356
v -0.367409 0.927184 -0.073082
v -0.374607 0.927184 0.000000
v -0.367409 0.927184 0.073082
v -0.346091 0.927184 0.143356
v -0.311474 0.927184 0.208120
v -0.264887 0.927184 0.264887
v -0.208120 0.927184 0.311474
v -0.143356 0.927184 0.346091
v -0.073082 0.927184 0.367409
v 0.000000 0.927184 0.374607
v 0.073082 0.927184 0.367409
v 0.143356 0.927184 0.346091
v 0.208120 0.927184 0.311474
v 0.264887 0.927184 0.264887
v 0.311474 0.927184 0.208120
v 0.346091 0.927184 0.143356
v 0.367409 0.927184 0.073082
v 0.406737 0.913545 0.000000
v 0.398921 0.913545 -0.079350
v 0.375776 0.913545 -0.155651
v 0.338189 0.913545 -0.225971
v 0.287606 0.913545 -0.287606
v 0.225971 0.913545 -0.338189
v 0.155651 0.913545 -0.375776
v 0.079350 0.913545 -0.398921
v 0.000000 0.913545 -0.406737
v -0.079350 0.913545 -0.398921
v -0.155651 0.913545 -0.375776
v -0.225971 0.913545 -0.338189
v -0.287606 0.913545 -0.287606
v -0.338189 0.913545 -0.225971
v -0.375776 0.913545 -0.155651
v -0.398921 0.913545 -0.079350
v -0.406737 0.913545 0.000000
v -0.398921 0.913545 0.079350
v -0.375776 0.913545 0.155651
v -0.338189 0.913545 0.225971
v -0.287606 0.913545 0.287606
v -0.225971 0.913545 0.338189
v -0.155651 0.913545 0.375776
v -0.079350 0.913545 0.398921
v 0.000000 0.913545 0.406737
v 0.079350 0.913545 0.398921
v 0.155651 0.913545 0.375776
v 0.225971 0.913545 0.338189
v 0.287606 0.913545 0.287606
v 0.338189 0.913545 0.225971
v 0.375776 0.913545 0.155651
v 0.398921 0.913545 0.079350
v 0.438371 0.898794 0.000000
v 0.429948 0.898794 -0.085522
v 0.405002 0.898794 -0.167757
v 0.364492 0.898794 -0.243546
v 0.309975 0.898794 -0.309975
v 0.243546 0.898794 -0.364492
v 0.167757 0.898794 -0.405002
v 0.085522 0.898794 -0.429948
v 0.000000 0.898794 -0.438371
v -0.085522 0.898794 -0.429948
v -0.167757 0.898794 -0.405002
v -0.243546 0.898794 -0.364492
v -0.309975 0.898794 -0.309975
v -0.364492 0.898794 -0.243546
v -0.405002 0.898794 -0.167757
v -0.429948 0.898794 -0.085522
v -0.438371 0.898794 0.000000
v -0.429948 0.898794 0.085522
v -0.405002 0.898794 0.167757
v -0.364492 0.898794 0.243546
v -0.309975 0.898794 0.309975
v -0.243546 0.898794 0.364492
v -0.167757 0.898794 0.405002
v -0.085522 0.898794 0.429948
v 0.000000 0.898794 0.438371
v 0.085522 0.898794 0.429948
v 0.167757 0.898794 0.405002
v 0.243546 0.898794 0.364492
v 0.309975 0.898794 0.309975
v 0.364492 0.898794 0.243546
v 0.405002 0.898794 0.167757
v 0.429948 0.898794 0.085522
v 0.469472 0.882948 0.000000
v 0.460451 0.882948 -0.091589
v 0.433735 0.882948 -0.179659
v 0.390351 0.882948 -0.260824
v 0.331967 0.882948 -0.331967
v 0.260824 0.882948 -0.390351
v 0.179659 0.882948 -0.433735
v 0.091589 0.882948 -0.460451
v 0.000000 0.882948 -0.469472
v -0.091589 0.882948 -0.460451
v -0.179659 0.882948 -0.433735
v -0.260824 0.882948 -0.390351
v -0.331967 0.882948 -0.331967
v -0.390351 0.882948 -0.260824
v -0.433735 0.882948 -0.179659
v -0.460451 0.882948 -0.091589
v -0.469472 0.882948 0.000000
v -0.460451 0.882948 0.091589
v -0.433735 0.882948 0.179659
v -0.390351 0.882948 0.260824
v -0.331967 0.882948 0.331967
v -0.260824 0.882948 0.390351
v -0.179659 0.882948 0.433735
v -0.091589 0.882948 0.460451
v 0.000000 0.882948 0.469472
v 0.091589 0.882948 0.460451
v 0.179659 0.882948 0.433735
v 0.260824 0.882948 0.390351
v 0.331967 0.882948 0.331967
v 0.390351 0.882948 0.260824
v 0.433735 0.882948 0.179659
v 0.460451 0.882948 0.091589
v 0.500000 0.866025 0.000000
v 0.490393 0.866025 -0.097545
v 0.461940 0.866025 -0.191342
v 0.415735 0.866025 -0.277785
v 0.353553 0.866025 -0.353553
v 0.277785 0.866025 -0.415735
v 0.191342 0.866025 -0.461940
v 0.097545 0.866025 -0.490393
v 0.000000 0.866025 -0.500000
v -0.097545 0.866025 -0.490393
v -0.191342 0.866025 -0.461940
v -0.277785 0.866025 -0.415735
v -0.353553 0.866025 -0.353553
v -0.415735 0.866025 -0.277785
v -0.461940 0.866025 -0.191342
v -0.490393 0.866025 -0.097545
v -0.500000 0.866025 0.000000
v -0.490393 0.866025 0.097545
v -0.461940 0.866025 0.191342
v -0.415735 0.866025 0.277785
v -0.353553 0.866025 0.353553
v -0.277785 0.866025 0.415735
v -0.191342 0.866025 0.461940
v -0.097545 0.866025 0.490393
v 0.000000 0.866025 0.500000
v 0.097545 0.866025 0.490393
v 0.191342 0.866025 0.461940
v 0.277785 0.866025 0.415735
v 0.353553 0.866025 0.353553
v 0.415735 0.866025 0.277785
v 0.461940 0.866025 0.191342
v 0.490393 0.866025 0.097545
v 0.529919 0.848048 0.000000
v 0.519737 0.848048 -0.103382
v 0.489582 0.848048 -0.202791
v 0.440612 0.848048 -0.294407
v 0.374710 0.848048 -0.374710
v 0.294407 0.848048 -0.440612
v 0.202791 0.848048 -0.489582
v 0.103382 0.848048 -0.519737
v 0.000000 0.848048 -0.529919
v -0.103382 0.848048 -0.519737
v -0.202791 0.848048 -0.489582
v -0.294407 0.848048 -0.440612
v -0.374710 0.848048 -0.374710
v -0.440612 0.848048 -0.294407
v -0.489582 0.848048 -0.202791
v -0.519737 0.848048 -0.103382
v -0.529919 0.848048 0.000000
v -0.519737 0.848048 0.103382
v -0.489582 0.848048 0.202791
v -0.440612 0.848048 0.294407
v -0.374710 0.848048 0.374710
v -0.294407 0.848048 0.440612
v -0.202791 0.848048 0.489582
v -0.103382 0.848048 0.519737
v 0.000000 0.848048 0.529919
v 0.103382 0.848048 0.519737
v 0.202791 0.848048 0.489582
v 0.294407 0.848048 0.440612
v 0.374710 0.848048 0.374710
v 0.440612 0.848048 0.294407
v 0.489582 0.848048 0.202791
v 0.519737 0.848048 0.103382
v 0.559193 0.829038 0.000000
v 0.548448 0.829038 -0.109093
v 0.516627 0.829038 -0.213994
v 0.464952 0.829038 -0.310671
v 0.395409 0.829038 -0.395409
v 0.310671 0.829038 -0.464952
v 0.213994 0.829038 -0.516627
v 0.109093 0.829038 -0.548448
v 0.000000 0.829038 -0.559193
v -0.109093 0.829038 -0.548448
v -0.213994 0.829038 -0.516627
v -0.310671 0.829038 -0.464952
v -0.395409 0.829038 -0.395409
v -0.464952 0.829038 -0.310671
v -0.516627 0.829038 -0.213994
v -0.548448 0.829038 -0.109093
v -0.559193 0.829038 0.000000
v -0.548448 0.829038 0.109093
v -0.516627 0.829038 0.213994
v -0.464952 0.829038 0.310671
v -0.395409 0.829038 0.395409
v -0.310671 0.829038 0.464952
v -0.213994 0.829038 0.516627
v -0.109093 0.829038 0.548448
v 0.000000 0.829038 0.559193
v 0.109093 0.829038 0.548448
v 0.213994 0.829038 0.516627
v 0.310671 0.829038 0.464952
v 0.395409 0.829038 0.395409
v 0.464952 0.829038 0.310671
v 0.516627 0.829038 0.213994
v 0.548448 0.829038 0.109093
v 0.587785 0.809017 0.000000
v 0.576491 0.809017 -0.114671
v 0.543043 0.809017 -0.224936
v 0.488726 0.809017 -0.326556
v 0.415627 0.809017 -0.415627
v 0.326556 0.809017 -0.488726
v 0.224936 0.809017 -0.543043
v 0.114671 0.809017 -0.576491
v 0.000000 0.809017 -0.587785
v -0.114671 0.809017 -0.576491
v -0.224936 0.809017 -0.543043
v -0.326556 0.809017 -0.488726
v -0.415627 0.809017 -0.415627
v -0.488726 0.809017 -0.326556
v -0.543043 0.809017 -0.224936
v -0.576491 0.809017 -0.114671
v -0.587785 0.809017 0.000000
v -0.576491 0.809017 0.114671
v -0.543043 0.809017 0.224936
v -0.488726 0.809017 0.326556
v -0.415627 0.809017 0.415627
v -0.326556 0.809017 0.488726
v -0.224936 0.809017 0.543043
v -0.114671 0.809017 0.576491
v 0.000000 0.809017 0.587785
v 0.114671 0.809017 0.576491
v 0.224936 0.809017 0.543043
v 0.326556 0.809017 0.488726
v 0.415627 0.809017 0.415627
v 0.488726 0.809017 0.326556
v 0.543043 0.809017 0.224936
v 0.576491 0.809017 0.114671
v 0.615661 0.788011 0.000000
v 0.603832 0.788011 -0.120110
v 0.568797 0.788011 -0.235603
v 0.511904 0.788011 -0.342043
v 0.435338 0.788011 -0.435338
v 0.342043 0.788011 -0.511904
v 0.235603 0.788011 -0.568797
v 0.120110 0.788011 -0.603832
v 0.000000 0.788011 -0.615661
v -0.120110 0.788011 -0.603832
v -0.235603 0.788011 -0.568797
v -0.342043 0.788011 -0.511904
v -0.435338 0.788011 -0.435338
v -0.511904 0.788011 -0.342043
v -0.568797 0.788011 -0.235603
v -0.603832 0.788011 -0.120110
v -0.615661 0.788011 0.000000
v -0.603832 0.788011 0.120110
v -0.568797 0.788011 0.235603
v -0.511904 0.788011 0.342043
v -0.435338 0.788011 0.435338
v -0.342043 0.788011 0.511904
v -0.235603 0.788011 0.568797
v -0.120110 0.788011 0.603832
v 0.000000 0.788011 0.615661
v 0.120110 0.788011 0.603832
v 0.235603 0.788011 0.568797
v 0.342043 0.788011 0.511904
v 0.435338 0.788011 0.435338
v 0.511904 0.788011 0.342043
v 0.568797 0.788011 0.235603
v 0.603832 0.788011 0.120110
v 0.642788 0.766044 0.000000
v 0.630437 0.766044 -0.125402
v 0.593858 0.766044 -0.245984
v 0.534458 0.766044 -0.357114
v 0.454519 0.766044 -0.454519
v 0.357114 0.766044 -0.534458
v 0.245984 0.766044 -0.593858
v 0.125402 0.766044 -0.630437
v 0.000000 0.766044 -0.642788
v -0.125402 0.766044 -0.630437
v -0.245984 0.766044 -0.593858
v -0.357114 0.766044 -0.534458
v -0.454519 0.766044 -0.454519
v -0.534458 0.766044 -0.357114
v -0.593858 0.766044 -0.245984
v -0.630437 0.766044 -0.125402
v -0.642788 0.766044 0.000000
v -0.630437 0.766044 0.125402
v -0.593858 0.766044 0.245984
v -0.534458 0.766044 0.357114
v -0.454519 0.766044 0.454519
v -0.357114 0.766044 0.534458
v -0.245984 0.766044 0.593858
v -0.125402 0.766044 0.630437
v 0.000000 0.766044 0.642788
v 0.125402 0.766044 0.630437
v 0.245984 0.766044 0.593858
v 0.357114 0.766044 0.534458
v 0.454519 0.766044 0.454519
v 0.534458 0.766044 0.357114
v 0.593858 0.766044 0.245984
v 0.630437 0.766044 0.125402
v 0.669131 0.743145 0.000000
v 0.656273 0.743145 -0.130541
v 0.618196 0.743145 -0.256065
v 0.556362 0.743145 -0.371749
v 0.473147 0.743145 -0.473147
v 0.371749 0.743145 -0.556362
v 0.256065 0.743145 -0.618196
v 0.130541 0.743145 -0.656273
v 0.000000 0.743145 -0.669131
v -0.130541 0.743145 -0.656273
v -0.256065 0.743145 -0.618196
v -0.371749 0.743145 -0.556362
v -0.473147 0.743145 -0.473147
v -0.556362 0.743145 -0.371749
v -0.618196 0.743145 -0.256065
v -0.656273 0.743145 -0.130541
v -0.669131 0.743145 0.000000
v -0.656273 0.743145 0.130541
v -0.618196 0.743145 0.256065
v -0.556362 0.743145 0.371749
v -0.473147 0.743145 0.473147
v -0.371749 0.743145 0.556362
v -0.256065 0.743145 0.618196
v -0.130541 0.743145 0.656273
v 0.000000 0.743145 0.669131
v 0.130541 0.743145 0.656273
v 0.256065 0.743145 0.618196
v 0.371749 0.743145 0.556362
v 0.473147 0.743145 0.473147
v 0.556362 0.743145 0.371749
v 0.618196 0.743145 0.256065
v 0.656273 0.743145 0.130541
v 0.694658 0.719340 0.000000
v 0.681311 0.719340 -0.135521
v 0.641781 0.719340 -0.265834
v 0.577587 0.719340 -0.385932
v 0.491198 0.719340 -0.491198
v 0.385932 0.719340 -0.577587
v 0.265834 0.719340 -0.641781
v 0.135521 0.719340 -0.681311
v 0.000000 0.719340 -0.694658
v -0.135521 0.719340 -0.681311
v -0.265834 0.719340 -0.641781
v -0.385932 0.719340 -0.577587
v -0.491198 0.719340 -0.491198
v -0.577587 0.719340 -0.385932
v -0.641781 0.719340 -0.265834
v -0.681311 0.719340 -0.135521
v -0.694658 0.719340 0.000000
v -0.681311 0.719340 0.135521
v -0.641781 0.719340 0.265834
v -0.577587 0.719340 0.385932
v -0.491198 0.719340 0.491198
v -0.385932 0.719340 0.577587
v -0.265834 0.719340 0.641781
v -0.135521 0.719340 0.681311
v 0.000000 0.719340 0.694658
v 0.135521 0.719340 0.681311
v 0.265834 0.719340 0.641781
v 0.385932 0.719340 0.577587
v 0.491198 0.719340 0.491198
v 0.577587 0.719340 0.385932
v 0.641781 0.719340 0.265834
v 0.681311 0.719340 0.135521
v 0.719340 0.694658 0.000000
v 0.705518 0.694658 -0.140336
v 0.664583 0.694658 -0.275279
v 0.598109 0.694658 -0.399644
v 0.508650 0.694658 -0.508650
v 0.399644 0.694658 -0.598109
v 0.275279 0.694658 -0.664583
v 0.140336 0.694658 -0.705518
v 0.000000 0.694658 -0.719340
v -0.140336 0.694658 -0.705518
v -0.275279 0.694658 -0.664583
v -0.399644 0.694658 -0.598109
v -0.508650 0.694658 -0.508650
v -0.598109 0.694658 -0.399644
v -0.664583 0.694658 -0.275279
v -0.705518 0.694658 -0.140336
v -0.719340 0.694658 0.000000
v -0.705518 0.694658 0.140336
v -0.664583 0.694658 0.275279
v -0.598109 0.694658 0.399644
v -0.508650 0.694658 0.508650
v -0.399644 0.694658 0.598109
v -0.275279 0.694658 0.664583
v -0.140336 0.694658 0.705518
v 0.000000 0.694658 0.719340
v 0.140336 0.694658 0.705518
v 0.275279 0.694658 0.664583
v 0.399644 0.694658 0.598109
v 0.508650 0.694658 0.508650
v 0.598109 0.694658 0.399644
v 0.664583 0.694658 0.275279
v 0.705518 0.694658 0.140336
v 0.743145 0.669131 0.000000
v 0.728866 0.669131 -0.144980
v 0.686576 0.669131 -0.284389
v 0.617902 0.669131 -0.412869
v 0.525483 0.669131 -0.525483
v 0.412869 0.669131 -0.617902
v 0.284389 0.669131 -0.686576
v 0.144980 0.669131 -0.728866
v 0.000000 0.669131 -0.743145
v -0.144980 0.669131 -0.728866
v -0.284389 0.669131 -0.686576
v -0.412869 0.669131 -0.617902
v -0.525483 0.669131 -0.525483
v -0.617902 0.669131 -0.412869
v -0.686576 0.669131 -0.284389
v -0.728866 0.669131 -0.144980
v -0.743145 0.669131 0.000000
v -0.728866 0.669131 0.144980
v -0.686576 0.669131 0.284389
v -0.617902 0.669131 0.412869
v -0.525483 0.669131 0.525483
v -0.412869 0.669131 0.617902
v -0.284389 0.669131 0.686576
v -0.144980 0.669131 0.728866
v 0.000000 0.669131 0.743145
v 0.144980 0.669131 0.728866
v 0.284389 0.669131 0.686576
v 0.412869 0.669131 0.617902
v 0.525483 0.669131 0.525483
v 0.617902 0.669131 0.412869
v 0.686576 0.669131 0.284389
v 0.728866 0.669131 0.144980
v 0.766044 0.642788 0.000000
v 0.751325 0.642788 -0.149448
v 0.707733 0.642788 -0.293153
v 0.636943 0.642788 -0.425591
v 0.541675 0.642788 -0.541675
v 0.425591 0.642788 -0.636943
v 0.293153 0.642788 -0.707733
v 0.149448 0.642788 -0.751325
v 0.000000 0.642788 -0.766044
v -0.149448 0.642788 -0.751325
v -0.293153 0.642788 -0.707733
v -0.425591 0.642788 -0.636943
v -0.541675 0.642788 -0.541675
v -0.636943 0.642788 -0.425591
v -0.707733 0.642788 -0.293153
v -0.751325 0.642788 -0.149448
v -0.766044 0.642788 0.000000
v -0.751325 0.642788 0.149448
v -0.707733 0.642788 0.293153
v -0.636943 0.642788 0.425591
v -0.541675 0.642788 0.541675
v -0.425591 0.642788 0.636943
v -0.293153 0.642788 0.707733
v -0.149448 0.642788 0.751325
v 0.000000 0.642788 0.766044
v 0.149448 0.642788 0.751325
v 0.293153 0.642788 0.707733
v 0.425591 0.642788 0.636943
v 0.541675 0.642788 0.541675
v 0.636943 0.642788 0.425591
v 0.707733 0.642788 0.293153
v 0.751325 0.642788 0.149448
v 0.788011 0.615661 0.000000
v 0.772869 0.615661 -0.153733
v 0.728027 0.615661 -0.301559
v 0.655207 0.615661 -0.437795
v 0.557208 0.615661 -0.557208
v 0.437795 0.615661 -0.655207
v 0.301559 0.615661 -0.728027
v 0.153733 0.615661 -0.772869
v 0.000000 0.615661 -0.788011
v -0.153733 0.615661 -0.772869
v -0.301559 0.615661 -0.728027
v -0.437795 0.615661 -0.655207
v -0.557208 0.615661 -0.557208
v -0.655207 0.615661 -0.437795
v -0.728027 0.615661 -0.301559
v -0.772869 0.615661 -0.153733
v -0.788011 0.615661 0.000000
v -0.772869 0.615661 0.153733
v -0.728027 0.615661 0.301559
v -0.655207 0.615661 0.437795
v -0.557208 0.615661 0.557208
v -0.437795 0.615661 0.655207
v -0.301559 0.615661 0.728027
v -0.153733 0.615661 0.772869
v 0.000000 0.615661 0.788011
v 0.153733 0.615661 0.772869
v 0.301559 0.615661 0.728027
v 0.437795 0.615661 0.655207
v 0.557208 0.615661 0.557208
v 0.655207 0.615661 0.437795
v 0.728027 0.615661 0.301559
v 0.772869 0.615661 0.153733
v 0.809017 0.587785 0.000000
v 0.793472 0.587785 -0.157831
v 0.747434 0.587785 -0.309597
v 0.672673 0.587785 -0.449466
v 0.572061 0.587785 -0.572061
v 0.449466 0.587785 -0.672673
v 0.309597 0.587785 -0.747434
v 0.157831 0.587785 -0.793472
v 0.000000 0.587785 -0.809017
v -0.157831 0.587785 -0.793472
v -0.309597 0.587785 -0.747434
v -0.449466 0.587785 -0.672673
v -0.572061 0.587785 -0.572061
v -0.672673 0.587785 -0.449466
v -0.747434 0.587785 -0.309597
v -0.793472 0.587785 -0.157831
v -0.809017 0.587785 0.000000
v -0.793472 0.587785 0.157831
v -0.747434 0.587785 0.309597
v -0.672673 0.587785 0.449466
v -0.572061 0.587785 0.572061
v -0.449466 0.587785 0.672673
v -0.309597 0.587785 0.747434
v -0.157831 0.587785 0.793472
v 0.000000 0.587785 0.809017
v 0.157831 0.587785 0.793472
v 0.309597 0.587785 0.747434
v 0.449466 0.587785 0.672673
v 0.572061 0.587785 0.572061
v 0.672673 0.587785 0.449466
v 0.747434 0.587785 0.309597
v 0.793472 0.587785 0.157831
v 0.829038 0.559193 0.000000
v 0.813108 0.559193 -0.161737
v 0.765931 0.559193 -0.317259
v 0.689320 0.559193 -0.460589
v 0.586218 0.559193 -0.586218
v 0.460589 0.559193 -0.689320
v 0.317259 0.559193 -0.765931
v 0.161737 0.559193 -0.813108
v 0.000000 0.559193 -0.829038
v -0.161737 0.559193 -0.813108
v -0.317259 0.559193 -0.765931
v -0.460589 0.559193 -0.689320
v -0.586218 0.559193 -0.586218
v -0.689320 0.559193 -0.460589
v -0.765931 0.559193 -0.317259
v -0.813108 0.559193 -0.161737
v -0.829038 0.559193 0.000000
v -0.813108 0.559193 0.161737
v -0.765931 0.559193 0.317259
v -0.689320 0.559193 0.460589
v -0.586218 0.559193 0.586218
v -0.460589 0.559193 0.689320
v -0.317259 0.559193 0.765931
v -0.161737 0.559193 0.813108
v 0.000000 0.559193 0.829038
v 0.161737 0.559193 0.813108
v 0.317259 0.559193 0.765931
v 0.460589 0.559193 0.689320
v 0.586218 0.559193 0.586218
v 0.689320 0.559193 0.460589
v 0.765931 0.559193 0.317259
v 0.813108 0.559193 0.161737
v 0.848048 0.529919 0.000000
v 0.831753 0.529919 -0.165446
v 0.783494 0.529919 -0.324534
v 0.705126 0.529919 -0.471150
v 0.599661 0.529919 -0.599661
v 0.471150 0.529919 -0.705126
v 0.324534 0.529919 -0.783494
v 0.165446 0.529919 -0.831753
v 0.000000 0.529919 -0.848048
v -0.165446 0.529919 -0.831753
v -0.324534 0.529919 -0.783494
v -0.471150 0.529919 -0.705126
v -0.599661 0.529919 -0.599661
v -0.705126 0.529919 -0.471150
v -0.783494 0.529919 -0.324534
v -0.831753 0.529919 -0.165446
v -0.848048 0.529919 0.000000
v -0.831753 0.529919 0.165446
v -0.783494 0.529919 0.324534
v -0.705126 0.529919 0.471150
v -0.599661 0.529919 0.599661
v -0.471150 0.529919 0.705126
v -0.324534 0.529919 0.783494
v -0.165446 0.529919 0.831753
v 0.000000 0.529919 0.848048
v 0.165446 0.529919 0.831753
v 0.324534 0.529919 0.783494
v 0.471150 0.529919 0.705126
v 0.599661 0.529919 0.599661
v 0.705126 0.529919 0.471150
v 0.783494 0.529919 0.324534
v 0.831753 0.529919 0.165446
v 0.866025 0.500000 0.000000
v 0.849385 0.500000 -0.168953
v 0.800103 0.500000 -0.331414
v 0.720074 0.500000 -0.481138
v 0.612372 0.500000 -0.612372
v 0.481138 0.500000 -0.720074
v 0.331414 0.500000 -0.800103
v 0.168953 0.500000 -0.849385
v 0.000000 0.500000 -0.866025
v -0.168953 0.500000 -0.849385
v -0.331414 0.500000 -0.800103
v -0.481138 0.500000 -0.720074
v -0.612372 0.500000 -0.612372
v -0.720074 0.500000 -0.481138
v -0.800103 0.500000 -0.331414
v -0.849385 0.500000 -0.168953
v -0.866025 0.500000 0.000000
v -0.849385 0.500000 0.168953
v -0.800103 0.500000 0.331414
v -0.720074 0.500000 0.481138
v -0.612372 0.500000 0.612372
v -0.481138 0.500000 0.720074
v -0.331414 0.500000 0.800103
v -0.168953 0.500000 0.849385
v 0.000000 0.500000 0.866025
v 0.168953 0.500000 0.849385
v 0.331414 0.500000 0.800103
v 0.481138 0.500000 0.720074
v 0.612372 0.500000 0.612372
v 0.720074 0.500000 0.481138
v 0.800103 0.500000 0.331414
v 0.849385 0.500000 0.168953
v 0.882948 0.469472 0.000000
v 0.865982 0.469472 -0.172255
v 0.815737 0.469472 -0.337889
v 0.734144 0.469472 -0.490539
v 0.624338 0.469472 -0.624338
v 0.490539 0.469472 -0.734144
v 0.337889 0.469472 -0.815737
v 0.172255 0.469472 -0.865982
v 0.000000 0.469472 -0.882948
v -0.172255 0.469472 -0.865982
v -0.337889 0.469472 -0.815737
v -0.490539 0.469472 -0.734144
v -0.624338 0.469472 -0.624338
v -0.734144 0.469472 -0.490539
v -0.815737 0.469472 -0.337889
v -0.865982 0.469472 -0.172255
v -0.882948 0.469472 0.000000
v -0.865982 0.469472 0.172255
v -0.815737 0.469472 0.337889
v -0.734144 0.469472 0.490539
v -0.624338 0.469472 0.624338
v -0.490539 0.469472 0.734144
v -0.337889 0.469472 0.815737
v -0.172255 0.469472 0.865982
v 0.000000 0.469472 0.882948
v 0.172255 0.469472 0.865982
v 0.337889 0.469472 0.815737
v 0.490539 0.469472 0.734144
v 0.624338 0.469472 0.624338
v 0.734144 0.469472 0.490539
v 0.815737 0.469472 0.337889
v 0.865982 0.469472 0.172255
v 0.898794 0.438371 0.000000
v 0.881524 0.438371 -0.175346
v 0.830377 0.438371 -0.343954
v 0.747320 0.438371 -0.499343
v 0.635543 0.438371 -0.635543
v 0.499343 0.438371 -0.747320
v 0.343954 0.438371 -0.830377
v 0.175346 0.438371 -0.881524
v 0.000000 0.438371 -0.898794
v -0.175346 0.438371 -0.881524
v -0.343954 0.438371 -0.830377
v -0.499343 0.438371 -0.747320
v -0.635543 0.438371 -0.635543
v -0.747320 0.438371 -0.499343
v -0.830377 0.438371 -0.343954
v -0.881524 0.438371 -0.175346
v -0.898794 0.438371 0.000000
v -0.881524 0.438371 0.175346
v -0.830377 0.438371 0.343954
v -0.747320 0.438371 0.499343
v -0.635543 0.438371 0.635543
v -0.499343 0.438371 0.747320
v -0.343954 0.438371 0.830377
v -0.175346 0.438371 0.881524
v 0.000000 0.438371 0.898794
v 0.175346 0.438371 0.881524
v 0.343954 0.438371 0.830377
v 0.499343 0.438371 0.747320
v 0.635543 0.438371 0.635543
v 0.747320 0.438371 0.499343
v 0.830377 0.438371 0.343954
v 0.881524 0.438371 0.175346
v 0.913545 0.406737 0.000000
v 0.895992 0.406737 -0.178224
v 0.844006 0.406737 -0.349599
v 0.759585 0.406737 -0.507539
v 0.645974 0.406737 -0.645974
v 0.507539 0.406737 -0.759585
v 0.349599 0.406737 -0.844006
v 0.178224 0.406737 -0.895992
v 0.000000 0.406737 -0.913545
v -0.178224 0.406737 -0.895992
v -0.349599 0.406737 -0.844006
v -0.507539 0.406737 -0.759585
v -0.645974 0.406737 -0.645974
v -0.759585 0.406737 -0.507539
v -0.844006 0.406737 -0.349599
v -0.895992 0.406737 -0.178224
v -0.913545 0.406737 0.000000
v -0.895992 0.406737 0.178224
v -0.844006 0.406737 0.349599
v -0.759585 0.406737 0.507539
v -0.645974 0.406737 0.645974
v -0.507539 0.406737 0.759585
v -0.349599 0.406737 0.844006
v -0.178224 0.406737 0.895992
v 0.000000 0.406737 0.913545
v 0.178224 0.406737 0.895992
v 0.349599 0.406737 0.844006
v 0.507539 0.406737 0.759585
v 0.645974 0.406737 0.645974
v 0.759585 0.406737 0.507539
v 0.844006 0.406737 0.349599
v 0.895992 0.406737 0.178224
v 0.927184 0.374607 0.000000
v 0.909368 0.374607 -0.180885
v 0.856606 0.374607 -0.354818
v 0.770925 0.374607 -0.515116
v 0.655618 0.374607 -0.655618
v 0.515116 0.374607 -0.770925
v 0.354818 0.374607 -0.856606
v 0.180885 0.374607 -0.909368
v 0.000000 0.374607 -0.927184
v -0.180885 0.374607 -0.909368
v -0.354818 0.374607 -0.856606
v -0.515116 0.374607 -0.770925
v -0.655618 0.374607 -0.655618
v -0.770925 0.374607 -0.515116
v -0.856606 0.374607 -0.354818
v -0.909368 0.374607 -0.180885
v -0.927184 0.374607 0.000000
v -0.909368 0.374607 0.180885
v -0.856606 0.374607 0.354818
v -0.770925 0.374607 0.515116
v -0.655618 0.374607 0.655618
v -0.515116 0.374607 0.770925
v -0.354818 0.374607 0.856606
v -0.180885 0.374607 0.909368
v 0.000000 0.374607 0.927184
v 0.180885 0.374607 0.909368
v 0.354818 0.374607 0.856606
v 0.515116 0.374607 0.770925
v 0.655618 0.374607 0.655618
v 0.770925 0.374607 0.515116
v 0.856606 0.374607 0.354818
v 0.909368 0.374607 0.180885
v 0.939693 0.342020 0.000000
v 0.921637 0.342020 -0.183325
v 0.868163 0.342020 -0.359605
v 0.781326 0.342020 -0.522065
v 0.664463 0.342020 -0.664463
v 0.522065 0.342020 -0.781326
v 0.359605 0.342020 -0.868163
v 0.183325 0.342020 -0.921637
v 0.000000 0.342020 -0.939693
v -0.183325 0.342020 -0.921637
v -0.359605 0.342020 -0.868163
v -0.522065 0.342020 -0.781326
v -0.664463 0.342020 -0.664463
v -0.781326 0.342020 -0.522065
v -0.868163 0.342020 -0.359605
v -0.921637 0.342020 -0.183325
v -0.939693 0.342020 0.000000
v -0.921637 0.342020 0.183325
v -0.868163 0.342020 0.359605
v -0.781326 0.342020 0.522065
v -0.664463 0.342020 0.664463
v -0.522065 0.342020 0.781326
v -0.359605 0.342020 0.868163
v -0.183325 0.342020 0.921637
v 0.000000 0.342020 0.939693
v 0.183325 0.342020 0.921637
v 0.359605 0.342020 0.868163
v 0.522065 0.342020 0.781326
v 0.664463 0.342020 0.664463
v 0.781326 0.342020 0.522065
v 0.868163 0.342020 0.359605
v 0.921637 0.342020 0.183325
v 0.951057 0.309017 0.000000
v 0.932782 0.309017 -0.185542
v 0.878662 0.309017 -0.363954
v 0.790775 0.309017 -0.528379
v 0.672499 0.309017 -0.672499
v 0.528379 0.309017 -0.790775
v 0.363954 0.309017 -0.878662
v 0.185542 0.309017 -0.932782
v 0.000000 0.309017 -0.951057
v -0.185542 0.309017 -0.932782
v -0.363954 0.309017 -0.878662
v -0.528379 0.309017 -0.790775
v -0.672499 0.309017 -0.672499
v -0.790775 0.309017 -0.528379
v -0.878662 0.309017 -0.363954
v -0.932782 0.309017 -0.185542
v -0.951057 0.309017 0.000000
v -0.932782 0.309017 0.185542
v -0.878662 0.309017 0.363954
v -0.790775 0.309017 0.528379
v -0.672499 0.309017 0.672499
v -0.528379 0.309017 0.790775
v -0.363954 0.309017 0.878662
v -0.185542 0.309017 0.932782
v 0.000000 0.309017 0.951057
v 0.185542 0.309017 0.932782
v 0.363954 0.309017 0.878662
v 0.528379 0.309017 0.790775
v 0.672499 0.309017 0.672499
v 0.790775 0.309017 0.528379
v 0.878662 0.309017 0.363954
v 0.932782 0.309017 0.185542
v 0.961262 0.275637 0.000000
v 0.942791 0.275637 -0.187533
v 0.888090 0.275637 -0.367859
v 0.799260 0.275637 -0.534048
v 0.679715 0.275637 -0.679715
v 0.534048 0.275637 -0.799260
v 0.367859 0.275637 -0.888090
v 0.187533 0.275637 -0.942791
v 0.000000 0.275637 -0.961262
v -0.187533 0.275637 -0.942791
v -0.367859 0.275637 -0.888090
v -0.534048 0.275637 -0.799260
v -0.679715 0.275637 -0.679715
v -0.799260 0.275637 -0.534048
v -0.888090 0.275637 -0.367859
v -0.942791 0.275637 -0.187533
v -0.961262 0.275637 0.000000
v -0.942791 0.275637 0.187533
v -0.888090 0.275637 0.367859
v -0.799260 0.275637 0.534048
v -0.679715 0.275637 0.679715
v -0.534048 0.275637 0.799260
v -0.367859 0.275637 0.888090
v -0.187533 0.275637 0.942791
v 0.000000 0.275637 0.961262
v 0.187533 0.275637 0.942791
v 0.367859 0.275637 0.888090
v 0.534048 0.275637 0.799260
v 0.679715 0.275637 0.679715
v 0.799260 0.275637 0.534048
v 0.888090 0.275637 0.367859
v 0.942791 0.275637 0.187533
v 0.970296 0.241922 0.000000
v 0.951652 0.241922 -0.189295
v 0.896436 0.241922 -0.371316
v 0.806771 0.241922 -0.539067
v 0.686103 0.241922 -0.686103
v 0.539067 0.241922 -0.806771
v 0.371316 0.241922 -0.896436
v 0.189295 0.241922 -0.951652
v 0.000000 0.241922 -0.970296
v -0.189295 0.241922 -0.951652
v -0.371316 0.241922 -0.896436
v -0.539067 0.241922 -0.806771
v -0.686103 0.241922 -0.686103
v -0.806771 0.241922 -0.539067
v -0.896436 0.241922 -0.371316
v -0.951652 0.241922 -0.189295
v -0.970296 0.241922 0.000000
v -0.951652 0.241922 0.189295
v -0.896436 0.241922 0.371316
v -0.806771 0.241922 0.539067
v -0.686103 0.241922 0.686103
v -0.539067 0.241922 0.806771
v -0.371316 0.241922 0.896436
v -0.189295 0.241922 0.951652
v 0.000000 0.241922 0.970296
v 0.189295 0.241922 0.951652
v 0.371316 0.241922 0.896436
v 0.539067 0.241922 0.806771
v 0.686103 0.241922 0.686103
v 0.806771 0.241922 0.539067
v 0.896436 0.241922 0.371316
v 0.951652 0.241922 0.189295
v 0.978148 0.207912 0.000000
v 0.959353 0.207912 -0.190827
v 0.903691 0.207912 -0.374321
v 0.813300 0.207912 -0.543430
v 0.691655 0.207912 -0.691655
v 0.543430 0.207912 -0.813300
v 0.374321 0.207912 -0.903691
v 0.190827 0.207912 -0.959353
v 0.000000 0.207912 -0.978148
v -0.190827 0.207912 -0.959353
v -0.374321 0.207912 -0.903691
v -0.543430 0.207912 -0.813300
v -0.691655 0.207912 -0.691655
v -0.813300 0.207912 -0.543430
v -0.903691 0.207912 -0.374321
v -0.959353 0.207912 -0.190827
v -0.978148 0.207912 0.000000
v -0.959353 0.207912 0.190827
v -0.903691 0.207912 0.374321
v -0.813300 0.207912 0.543430
v -0.691655 0.207912 0.691655
v -0.543430 0.207912 0.813300
v -0.374321 0.207912 0.903691
v -0.190827 0.207912 0.959353
v 0.000000 0.207912 0.978148
v 0.190827 0.207912 0.959353
v 0.374321 0.207912 0.903691
v 0.543430 0.207912 0.813300
v 0.691655 0.207912 0.691655
v 0.813300 0.207912 0.543430
v 0.903691 0.207912 0.374321
v 0.959353 0.207912 0.190827
v 0.984808 0.173648 0.000000
v 0.965885 0.173648 -0.192126
v 0.909844 0.173648 -0.376870
v 0.818838 0.173648 -0.547130
v 0.696364 0.173648 -0.696364
v 0.547130 0.173648 -0.818838
v 0.376870 0.173648 -0.909844
v 0.192126 0.173648 -0.965885
v 0.000000 0.173648 -0.984808
v -0.192126 0.173648 -0.965885
v -0.376870 0.173648 -0.909844
v -0.547130 0.173648 -0.818838
v -0.696364 0.173648 -0.696364
v -0.818838 0.173648 -0.547130
v -0.909844 0.173648 -0.376870
v -0.965885 0.173648 -0.192126
v -0.984808 0.173648 0.000000
v -0.965885 0.173648 0.192126
v -0.909844 0.173648 0.376870
v -0.818838 0.173648 0.547130
v -0.696364 0.173648 0.696364
v -0.547130 0.173648 0.818838
v -0.376870 0.173648 0.909844
v -0.192126 0.173648 0.965885
v 0.000000 0.173648 0.984808
v 0.192126 0.173648 0.965885
v 0.376870 0.173648 0.909844
v 0.547130 0.173648 0.818838
v 0.696364 0.173648 0.696364
v 0.818838 0.173648 0.547130
v 0.909844 0.173648 0.376870
v 0.965885 0.173648 0.192126
v 0.990268 0.139173 0.000000
v 0.971240 0.139173 -0.193192
v 0.914888 0.139173 -0.378959
v 0.823378 0.139173 -0.550163
v 0.700225 0.139173 -0.700225
v 0.550163 0.139173 -0.823378
v 0.378959 0.139173 -0.914888
v 0.193192 0.139173 -0.971240
v 0.000000 0.139173 -0.990268
v -0.193192 0.139173 -0.971240
v -0.378959 0.139173 -0.914888
v -0.550163 0.139173 -0.823378
v -0.700225 0.139173 -0.700225
v -0.823378 0.139173 -0.550163
v -0.914888 0.139173 -0.378959
v -0.971240 0.139173 -0.193192
v -0.990268 0.139173 0.000000
v -0.971240 0.139173 0.193192
v -0.914888 0.139173 0.378959
v -0.823378 0.139173 0.550163
v -0.700225 0.139173 0.700225
v -0.550163 0.139173 0.823378
v -0.378959 0.139173 0.914888
v -0.193192 0.139173 0.971240
v 0.000000 0.139173 0.990268
v 0.193192 0.139173 0.971240
v 0.378959 0.139173 0.914888
v 0.550163 0.139173 0.823378
v 0.700225 0.139173 0.700225
v 0.823378 0.139173 0.550163
v 0.914888 0.139173 0.378959
v 0.971240 0.139173 0.193192
v 0.994522 0.104528 0.000000
v 0.975412 0.104528 -0.194022
v 0.918818 0.104528 -0.380587
v 0.826915 0.104528 -0.552527
v 0.703233 0.104528 -0.703233
v 0.552527 0.104528 -0.826915
v 0.380587 0.104528 -0.918818
v 0.194022 0.104528 -0.975412
v 0.000000 0.104528 -0.994522
v -0.194022 0.104528 -0.975412
v -0.380587 0.104528 -0.918818
v -0.552527 0.104528 -0.826915
v -0.703233 0.104528 -0.703233
v -0.826915 0.104528 -0.552527
v -0.918818 0.104528 -0.380587
v -0.975412 0.104528 -0.194022
v -0.994522 0.104528 0.000000
v -0.975412 0.104528 0.194022
v -0.918818 0.104528 0.380587
v -0.826915 0.104528 0.552527
v -0.703233 0.104528 0.703233
v -0.552527 0.104528 0.826915
v -0.380587 0.104528 0.918818
v -0.194022 0.104528 0.975412
v 0.000000 0.104528 0.994522
v 0.194022 0.104528 0.975412
v 0.380587 0.104528 0.918818
v 0.552527 0.104528 0.826915
v 0.703233 0.104528 0.703233
v 0.826915 0.104528 0.552527
v 0.918818 0.104528 0.380587
v 0.975412 0.104528 0.194022
v 0.997564 0.069756 0.000000
v 0.978396 0.069756 -0.194615
v 0.921629 0.069756 -0.381751
v 0.829444 0.069756 -0.554217
v 0.705384 0.069756 -0.705384
v 0.554217 0.069756 -0.829444
v 0.381751 0.069756 -0.921629
v 0.194615 0.069756 -0.978396
v 0.000000 0.069756 -0.997564
v -0.194615 0.069756 -0.978396
v -0.381751 0.069756 -0.921629
v -0.554217 0.069756 -0.829444
v -0.705384 0.069756 -0.705384
v -0.829444 0.069756 -0.554217
v -0.921629 0.069756 -0.381751
v -0.978396 0.069756 -0.194615
v -0.997564 0.069756 0.000000
v -0.978396 0.069756 0.194615
v -0.921629 0.069756 0.381751
v -0.829444 0.069756 0.554217
v -0.705384 0.069756 0.705384
v -0.554217 0.069756 0.829444
v -0.381751 0.069756 0.921629
v -0.194615 0.069756 0.978396
v 0.000000 0.069756 0.997564
v 0.194615 0.069756 0.978396
v 0.381751 0.069756 0.921629
v 0.554217 0.069756 0.829444
v 0.705384 0.069756 0.705384
v 0.829444 0.069756 0.554217
v 0.921629 0.069756 0.381751
v 0.978396 0.069756 0.194615
v 0.999391 0.034899 0.000000
v 0.980188 0.034899 -0.194971
v 0.923317 0.034899 -0.382450
v 0.830963 0.034899 -0.555232
v 0.706676 0.034899 -0.706676
v 0.555232 0.034899 -0.830963
v 0.382450 0.034899 -0.923317
v 0.194971 0.034899 -0.980188
v 0.000000 0.034899 -0.999391
v -0.194971 0.034899 -0.980188
v -0.382450 0.034899 -0.923317
v -0.555232 0.034899 -0.830963
v -0.706676 0.034899 -0.706676
v -0.830963 0.034899 -0.555232
v -0.923317 0.034899 -0.382450
v -0.980188 0.034899 -0.194971
v -0.999391 0.034899 0.000000
v -0.980188 0.034899 0.194971
v -0.923317 0.034899 0.382450
v -0.830963 0.034899 0.555232
v -0.706676 0.034899 0.706676
v -0.555232 0.034899 0.830963
v -0.382450 0.034899 0.923317
v -0.194971 0.034899 0.980188
v 0.000000 0.034899 0.999391
v 0.194971 0.034899 0.980188
v 0.382450 0.034899 0.923317
v 0.555232 0.034899 0.830963
v 0.706676 0.034899 0.706676
v 0.830963 0.034899 0.555232
v 0.923317 0.034899 0.382450
v 0.980188 0.034899 0.194971
v 1.000000 0.000000 0.000000
v 0.980785 0.000000 -0.195090
v 0.923880 0.000000 -0.382683
v 0.831470 0.000000 -0.555570
v 0.707107 0.000000 -0.707107
v 0.555570 0.000000 -0.831470
v 0.382683 0.000000 -0.923880
v 0.195090 0.000000 -0.980785
v 0.000000 0.000000 -1.000000
v -0.195090 0.000000 -0.980785
v -0.382683 0.000000 -0.923880
v -0.555570 0.000000 -0.831470
v -0.707107 0.000000 -0.707107
v -0.831470 0.000000 -0.555570
v -0.923880 0.000000 -0.382683
v -0.980785 0.000000 -0.195090
v -1.000000 0.000000 0.000000
v -0.980785 0.000000 0.195090
v -0.923880 0.000000 0.382683
v -0.831470 0.000000 0.555570
v -0.707107 0.000000 0.707107
v -0.555570 0.000000 0.831470
v -0.382683 0.000000 0.923880
v -0.195090 0.000000 0.980785
v 0.000000 0.000000 1.000000
v 0.195090 0.000000 0.980785
v 0.382683 0.000000 0.923880
v 0.555570 0.000000 0.831470
v 0.707107 0.000000 0.707107
v 0.831470 0.000000 0.555570
v 0.923880 0.000000 0.382683
v 0.980785 0.000000 0.195090
v 1.015000 -0.015000 0.000000
v 0.995497 -0.015000 -0.198017
v 0.937738 -0.015000 -0.388424
v 0.843942 -0.015000 -0.563904
v 0.717713 -0.015000 -0.717713
v 0.563904 -0.015000 -0.843942
v 0.388424 -0.015000 -0.937738
v 0.198017 -0.015000 -0.995497
v 0.000000 -0.015000 -1.015000
v -0.198017 -0.015000 -0.995497
v -0.388424 -0.015000 -0.937738
v -0.563904 -0.015000 -0.843942
v -0.717713 -0.015000 -0.717713
v -0.843942 -0.015000 -0.563904
v -0.937738 -0.015000 -0.388424
v -0.995497 -0.015000 -0.198017
v -1.015000 -0.015000 0.000000
v -0.995497 -0.015000 0.198017
v -0.937738 -0.015000 0.388424
v -0.843942 -0.015000 0.563904
v -0.717713 -0.015000 0.717713
v -0.563904 -0.015000 0.843942
v -0.388424 -0.015000 0.937738
v -0.198017 -0.015000 0.995497
v 0.000000 -0.015000 1.015000
v 0.198017 -0.015000 0.995497
v 0.388424 -0.015000 0.937738
v 0.563904 -0.015000 0.843942
v 0.717713 -0.015000 0.717713
v 0.843942 -0.015000 0.563904
v 0.937738 -0.015000 0.388424
v 0.995497 -0.015000 0.198017
v 1.045000 -0.045000 0.000000
v 1.024921 -0.045000 -0.203869
v 0.965454 -0.045000 -0.399904
v 0.868886 -0.045000 -0.580571
v 0.738927 -0.045000 -0.738927
v 0.580571 -0.045000 -0.868886
v 0.399904 -0.045000 -0.965454
v 0.203869 -0.045000 -1.024921
v 0.000000 -0.045000 -1.045000
v -0.203869 -0.045000 -1.024921
v -0.399904 -0.045000 -0.965454
v -0.580571 -0.045000 -0.868886
v -0.738927 -0.045000 -0.738927
v -0.868886 -0.045000 -0.580571
v -0.965454 -0.045000 -0.399904
v -1.024921 -0.045000 -0.203869
v -1.045000 -0.045000 0.000000
v -1.024921 -0.045000 0.203869
v -0.965454 -0.045000 0.399904
v -0.868886 -0.045000 0.580571
v -0.738927 -0.045000 0.738927
v -0.580571 -0.045000 0.868886
v -0.399904 -0.045000 0.965454
v -0.203869 -0.045000 1.024921
v 0.000000 -0.045000 1.045000
v 0.203869 -0.045000 1.024921
v 0.399904 -0.045000 0.965454
v 0.580571 -0.045000 0.868886
v 0.738927 -0.045000 0.738927
v 0.868886 -0.045000 0.580571
v 0.965454 -0.045000 0.399904
v 1.024921 -0.045000 0.203869
v 1.015000 -0.075000 0.000000
v 0.995497 -0.075000 -0.198017
v 0.937738 -0.075000 -0.388424
v 0.843942 -0.075000 -0.563904
v 0.717713 -0.075000 -0.717713
v 0.563904 -0.075000 -0.843942
v 0.388424 -0.075000 -0.937738
v 0.198017 -0.075000 -0.995497
v 0.000000 -0.075000 -1.015000
v -0.198017 -0.075000 -0.995497
v -0.388424 -0.075000 -0.937738
v -0.563904 -0.075000 -0.843942
v -0.717713 -0.075000 -0.717713
v -0.843942 -0.075000 -0.563904
v -0.937738 -0.075000 -0.388424
v -0.995497 -0.075000 -0.198017
v -1.015000 -0.075000 0.000000
v -0.995497 -0.075000 0.198017
v -0.937738 -0.075000 0.388424
v -0.843942 -0.075000 0.563904
v -0.717713 -0.075000 0.717713
v -0.563904 -0.075000 0.843942
v -0.388424 -0.075000 0.937738
v -0.198017 -0.075000 0.995497
v 0.000000 -0.075000 1.015000
v 0.198017 -0.075000 0.995497
v 0.388424 -0.075000 0.937738
v 0.563904 -0.075000 0.843942
v 0.717713 -0.075000 0.717713
v 0.843942 -0.075000 0.563904
v 0.937738 -0.075000 0.388424
v 0.995497 -0.075000 0.198017
vn -0.0174 -0.9998 0.0017
vn -0.0168 -0.9998 0.0051
vn -0.0155 -0.9998 0.0083
vn -0.0135 -0.9998 0.0111
vn -0.0111 -0.9998 0.0136
vn -0.0083 -0.9998 0.0155
vn -0.0051 -0.9998 0.0168
vn -0.0017 -0.9998 0.0174
vn 0.0017 -0.9998 0.0174
vn 0.0051 -0.9998 0.0168
vn 0.0083 -0.9998 0.0155
vn 0.0111 -0.9998 0.0136
vn 0.0135 -0.9998 0.0111
vn 0.0155 -0.9998 0.0083
vn 0.0168 -0.9998 0.0051
vn 0.0174 -0.9998 0.0017
vn 0.0174 -0.9998 -0.0017
vn 0.0168 -0.9998 -0.0051
vn 0.0155 -0.9998 -0.0083
vn 0.0135 -0.9998 -0.0111
vn 0.0111 -0.9998 -0.0136
vn 0.0083 -0.9998 -0.0155
vn 0.0051 -0.9998 -0.0168
vn 0.0017 -0.9998 -0.0174
vn -0.0017 -0.9998 -0.0174
vn -0.0051 -0.9998 -0.0168
vn -0.0083 -0.9998 -0.0155
vn -0.0111 -0.9998 -0.0136
vn -0.0135 -0.9998 -0.0111
vn -0.0155 -0.9998 -0.0083
vn -0.0168 -0.9998 -0.0051
vn -0.0174 -0.9998 -0.0017
vn 0.0523 0.9986 -0.0052
vn 0.0503 0.9986 -0.0153
vn 0.0464 0.9986 -0.0248
vn 0.0407 0.9986 -0.0334
vn 0.0334 0.9986 -0.0407
vn 0.0248 0.9986 -0.0464
vn 0.0152 0.9986 -0.0503
vn 0.0051 0.9986 -0.0523
vn -0.0051 0.9986 -0.0523
vn -0.0153 0.9986 -0.0503
vn -0.0248 0.9986 -0.0464
vn -0.0334 0.9986 -0.0407
vn -0.0407 0.9986 -0.0334
vn -0.0464 0.9986 -0.0248
vn -0.0503 0.9986 -0.0153
vn -0.0523 0.9986 -0.0052
vn -0.0523 0.9986 0.0052
vn -0.0503 0.9986 0.0153
vn -0.0464 0.9986 0.0248
vn -0.0407 0.9986 0.0334
vn -0.0334 0.9986 0.0407
vn -0.0248 0.9986 0.0464
vn -0.0152 0.9986 0.0503
vn -0.0051 0.9986 0.0523
vn 0.0051 0.9986 0.0523
vn 0.0153 0.9986 0.0503
vn 0.0248 0.9986 0.0464
vn 0.0334 0.9986 0.0407
vn 0.0407 0.9986 0.0334
vn 0.0464 0.9986 0.0248
vn 0.0503 0.9986 0.0153
vn 0.0523 0.9986 0.0052
vn 0.0871 0.9962 -0.0086
vn 0.0838 0.9962 -0.0254
vn 0.0772 0.9962 -0.0413
vn 0.0677 0.9962 -0.0556
vn 0.0556 0.9962 -0.0677
vn 0.0413 0.9962 -0.0772
vn 0.0254 0.9962 -0.0838
vn 0.0086 0.9962 -0.0871
vn -0.0086 0.9962 -0.0871
vn -0.0254 0.9962 -0.0838
vn -0.0413 0.9962 -0.0772
vn -0.0556 0.9962 -0.0677
vn -0.0677 0.9962 -0.0556
vn -0.0772 0.9962 -0.0413
vn -0.0838 0.9962 -0.0254
vn -0.0871 0.9962 -0.0086
vn -0.0871 0.9962 0.0086
vn -0.0838 0.9962 0.0254
vn -0.0772 0.9962 0.0413
vn -0.0677 0.9962 0.0556
vn -0.0556 0.9962 0.0677
vn -0.0413 0.9962 0.0772
vn -0.0254 0.9962 0.0838
vn -0.0086 0.9962 0.0871
vn 0.0086 0.9962 0.0871
vn 0.0254 0.9962 0.0838
vn 0.0413 0.9962 0.0772
vn 0.0556 0.9962 0.0677
vn 0.0677 0.9962 0.0556
vn 0.0772 0.9962 0.0413
vn 0.0838 0.9962 0.0254
vn 0.0871 0.9962 0.0086
vn 0.1219 0.9925 -0.0120
vn 0.1172 0.9925 -0.0355
vn 0.1080 0.9925 -0.0577
vn 0.0947 0.9925 -0.0777
vn 0.0777 0.9925 -0.0947
vn 0.0577 0.9925 -0.1080
vn 0.0355 0.9925 -0.1172
vn 0.0120 0.9925 -0.1219
vn -0.0120 0.9925 -0.1219
vn -0.0355 0.9925 -0.1172
vn -0.0577 0.9925 -0.1080
vn -0.0777 0.9925 -0.0947
vn -0.0947 0.9925 -0.0777
vn -0.1080 0.9925 -0.0577
vn -0.1172 0.9925 -0.0355
vn -0.1219 0.9925 -0.0120
vn -0.1219 0.9925 0.0120
vn -0.1172 0.9925 0.0355
vn -0.1080 0.9925 0.0577
vn -0.0947 0.9925 0.0777
vn -0.0777 0.9925 0.0947
vn -0.0577 0.9925 0.1080
vn -0.0355 0.9925 0.1172
vn -0.0120 0.9925 0.1219
vn 0.0120 0.9925 0.1219
vn 0.0355 0.9925 0.1172
vn 0.0577 0.9925 0.1080
vn 0.0777 0.9925 0.0947
vn 0.0947 0.9925 0.0777
vn 0.1080 0.9925 0.0577
vn 0.1172 0.9925 0.0355
vn 0.1219 0.9925 0.0120
vn 0.1564 0.9876 -0.0154
vn 0.1504 0.9876 -0.0456
vn 0.1386 0.9876 -0.0741
vn 0.1215 0.9876 -0.0997
vn 0.0997 0.9876 -0.1215
vn 0.0741 0.9876 -0.1386
vn 0.0456 0.9876 -0.1504
vn 0.0154 0.9876 -0.1564
vn -0.0154 0.9876 -0.1564
vn -0.0456 0.9876 -0.1504
vn -0.0741 0.9876 -0.1386
vn -0.0997 0.9876 -0.1215
vn -0.1215 0.9876 -0.0997
vn -0.1386 0.9876 -0.0741
vn -0.1504 0.9876 -0.0456
vn -0.1564 0.9876 -0.0154
vn -0.1564 0.9876 0.0154
vn -0.1504 0.9876 0.0456
vn -0.1386 0.9876 0.0741
vn -0.1215 0.9876 0.0997
vn -0.0997 0.9876 0.1215
vn -0.0741 0.9876 0.1386
vn -0.0456 0.9876 0.1504
vn -0.0154 0.9876 0.1564
vn 0.0154 0.9876 0.1564
vn 0.0456 0.9876 0.1504
vn 0.0741 0.9876 0.1386
vn 0.0997 0.9876 0.1215
vn 0.1215 0.9876 0.0997
vn 0.1386 0.9876 0.0741
vn 0.1504 0.9876 0.0456
vn 0.1564 0.9876 0.0154
vn 0.1908 0.9815 -0.0188
vn 0.1834 0.9815 -0.0556
vn 0.1691 0.9815 -0.0904
vn 0.1482 0.9815 -0.1216
vn 0.1216 0.9815 -0.1482
vn 0.0904 0.9815 -0.1691
vn 0.0556 0.9815 -0.1834
vn 0.0188 0.9815 -0.1908
vn -0.0188 0.9815 -0.1908
vn -0.0556 0.9815 -0.1834
vn -0.0904 0.9815 -0.1691
vn -0.1216 0.9815 -0.1482
vn -0.1482 0.9815 -0.1216
vn -0.1691 0.9815 -0.0904
vn -0.1834 0.9815 -0.0556
vn -0.1908 0.9815 -0.0188
vn -0.1908 0.9815 0.0188
vn -0.1834 0.9815 0.0556
vn -0.1691 0.9815 0.0904
vn -0.1482 0.9815 0.1216
vn -0.1216 0.9815 0.1482
vn -0.0904 0.9815 0.1691
vn -0.0556 0.9815 0.1834
vn -0.0188 0.9815 0.1908
vn 0.0188 0.9815 0.1908
vn 0.0556 0.9815 0.1834
vn 0.0904 0.9815 0.1691
vn 0.1216 0.9815 0.1482
vn 0.1482 0.9815 0.1216
vn 0.1691 0.9815 0.0904
vn 0.1834 0.9815 0.0556
vn 0.1908 0.9815 0.0188
vn 0.2249 0.9741 -0.0222
vn 0.2163 0.9741 -0.0656
vn 0.1993 0.9741 -0.1065
vn 0.1747 0.9741 -0.1434
vn 0.1434 0.9741 -0.1747
vn 0.1065 0.9741 -0.1993
vn 0.0656 0.9741 -0.2163
vn 0.0221 0.9741 -0.2249
vn -0.0221 0.9741 -0.2249
vn -0.0656 0.9741 -0.2163
vn -0.1065 0.9741 -0.1993
vn -0.1434 0.9741 -0.1747
vn -0.1747 0.9741 -0.1434
vn -0.1993 0.9741 -0.1065
vn -0.2163 0.9741 -0.0656
vn -0.2249 0.9741 -0.0222
vn -0.2249 0.9741 0.0222
vn -0.2163 0.9741 0.0656
vn -0.1993 0.9741 0.1065
vn -0.1747 0.9741 0.1434
vn -0.1434 0.9741 0.1747
vn -0.1065 0.9741 0.1993
vn -0.0656 0.9741 0.2163
vn -0.0221 0.9741 0.2249
vn 0.0221 0.9741 0.2249
vn 0.0656 0.9741 0.2163
vn 0.1065 0.9741 0.1993
vn 0.1434 0.9741 0.1747
vn 0.1747 0.9741 0.1434
vn 0.1993 0.9741 0.1065
vn 0.2163 0.9741 0.0656
vn 0.2249 0.9741 0.0222
vn 0.2587 0.9656 -0.0255
vn 0.2488 0.9656 -0.0755
vn 0.2293 0.9656 -0.1226
vn 0.2010 0.9656 -0.1649
vn 0.1649 0.9656 -0.2010
vn 0.1226 0.9656 -0.2293
vn 0.0755 0.9656 -0.2488
vn 0.0255 0.9656 -0.2587
vn -0.0255 0.9656 -0.2587
vn -0.0755 0.9656 -0.2488
vn -0.1226 0.9656 -0.2293
vn -0.1649 0.9656 -0.2010
vn -0.2010 0.9656 -0.1649
vn -0.2293 0.9656 -0.1226
vn -0.2488 0.9656 -0.0755
vn -0.2587 0.9656 -0.0255
vn -0.2587 0.9656 0.0255
vn -0.2488 0.9656 0.0755
vn -0.2293 0.9656 0.1226
vn -0.2010 0.9656 0.1649
vn -0.1649 0.9656 0.2010
vn -0.1226 0.9656 0.2293
vn -0.0755 0.9656 0.2488
vn -0.0255 0.9656 0.2587
vn 0.0255 0.9656 0.2587
vn 0.0755 0.9656 0.2488
vn 0.1226 0.9656 0.2293
vn 0.1649 0.9656 0.2010
vn 0.2010 0.9656 0.1649
vn 0.2293 0.9656 0.1226
vn 0.2488 0.9656 0.0755
vn 0.2587 0.9656 0.0255
vn 0.2923 0.9559 -0.0288
vn 0.2810 0.9559 -0.0852
vn 0.2590 0.9559 -0.1384
vn 0.2270 0.9559 -0.1863
vn 0.1863 0.9559 -0.2270
vn 0.1384 0.9559 -0.2590
vn 0.0852 0.9559 -0.2810
vn 0.0288 0.9559 -0.2922
vn -0.0288 0.9559 -0.2922
vn -0.0852 0.9559 -0.2810
vn -0.1384 0.9559 -0.2590
vn -0.1863 0.9559 -0.2270
vn -0.2270 0.9559 -0.1863
vn -0.2590 0.9559 -0.1384
vn -0.2810 0.9559 -0.0852
vn -0.2923 0.9559 -0.0288
vn -0.2923 0.9559 0.0288
vn -0.2810 0.9559 0.0852
vn -0.2590 0.9559 0.1384
vn -0.2270 0.9559 0.1863
vn -0.1863 0.9559 0.2270
vn -0.1384 0.9559 0.2590
vn -0.0852 0.9559 0.2810
vn -0.0288 0.9559 0.2922
vn 0.0288 0.9559 0.2922
vn 0.0852 0.9559 0.2810
vn 0.1384 0.9559 0.2590
vn 0.1863 0.9559 0.2270
vn 0.2270 0.9559 0.1863
vn 0.2590 0.9559 0.1384
vn 0.2810 0.9559 0.0852
vn 0.2923 0.9559 0.0288
vn 0.3254 0.9450 -0.0321
vn 0.3129 0.9450 -0.0949
vn 0.2884 0.9450 -0.1541
vn 0.2528 0.9450 -0.2074
vn 0.2074 0.9450 -0.2528
vn 0.1541 0.9450 -0.2884
vn 0.0949 0.9450 -0.3129
vn 0.0320 0.9450 -0.3254
vn -0.0320 0.9450 -0.3254
vn -0.0949 0.9450 -0.3129
vn -0.1541 0.9450 -0.2884
vn -0.2074 0.9450 -0.2528
vn -0.2528 0.9450 -0.2074
vn -0.2884 0.9450 -0.1541
vn -0.3129 0.9450 -0.0949
vn -0.3254 0.9450 -0.0321
vn -0.3254 0.9450 0.0321
vn -0.3129 0.9450 0.0949
vn -0.2884 0.9450 0.1541
vn -0.2528 0.9450 0.2074
vn -0.2074 0.9450 0.2528
vn -0.1541 0.9450 0.2884
vn -0.0949 0.9450 0.3129
vn -0.0320 0.9450 0.3254
vn 0.0320 0.9450 0.3254
vn 0.0949 0.9450 0.3129
vn 0.1541 0.9450 0.2884
vn 0.2074 0.9450 0.2528
vn 0.2528 0.9450 0.2074
vn 0.2884 0.9450 0.1541
vn 0.3129 0.9450 0.0949
vn 0.3254 0.9450 0.0321
vn 0.3581 0.9330 -0.0353
vn 0.3444 0.9330 -0.1045
vn 0.3174 0.9330 -0.1696
vn 0.2782 0.9330 -0.2283
vn 0.2283 0.9330 -0.2782
vn 0.1696 0.9330 -0.3174
vn 0.1045 0.9330 -0.3444
vn 0.0353 0.9330 -0.3581
vn -0.0353 0.9330 -0.3581
vn -0.1045 0.9330 -0.3444
vn -0.1696 0.9330 -0.3174
vn -0.2283 0.9330 -0.2782
vn -0.2782 0.9330 -0.2283
vn -0.3174 0.9330 -0.1696
vn -0.3444 0.9330 -0.1045
vn -0.3581 0.9330 -0.0353
vn -0.3581 0.9330 0.0353
vn -0.3444 0.9330 0.1045
vn -0.3174 0.9330 0.1696
vn -0.2782 0.9330 0.2283
vn -0.2283 0.9330 0.2782
vn -0.1696 0.9330 0.3174
vn -0.1045 0.9330 0.3444
vn -0.0353 0.9330 0.3581
vn 0.0353 0.9330 0.3581
vn 0.1045 0.9330 0.3444
vn 0.1696 0.9330 0.3174
vn 0.2283 0.9330 0.2782
vn 0.2782 0.9330 0.2283
vn 0.3174 0.9330 0.1696
vn 0.3444 0.9330 0.1045
vn 0.3581 0.9330 0.0353
vn 0.3905 0.9198 -0.0385
vn 0.3754 0.9198 -0.1139
vn 0.3460 0.9198 -0.1849
vn 0.3033 0.9198 -0.2489
vn 0.2489 0.9198 -0.3033
vn 0.1849 0.9198 -0.3460
vn 0.1139 0.9198 -0.3754
vn 0.0385 0.9198 -0.3905
vn -0.0385 0.9198 -0.3905
vn -0.1139 0.9198 -0.3754
vn -0.1849 0.9198 -0.3460
vn -0.2489 0.9198 -0.3033
vn -0.3033 0.9198 -0.2489
vn -0.3460 0.9198 -0.1849
vn -0.3754 0.9198 -0.1139
vn -0.3905 0.9198 -0.0385
vn -0.3905 0.9198 0.0385
vn -0.3754 0.9198 0.1139
vn -0.3460 0.9198 0.1849
vn -0.3033 0.9198 0.2489
vn -0.2489 0.9198 0.3033
vn -0.1849 0.9198 0.3460
vn -0.1139 0.9198 0.3754
vn -0.0385 0.9198 0.3905
vn 0.0385 0.9198 0.3905
vn 0.1139 0.9198 0.3754
vn 0.1849 0.9198 0.3460
vn 0.2489 0.9198 0.3033
vn 0.3033 0.9198 0.2489
vn 0.3460 0.9198 0.1849
vn 0.3754 0.9198 0.1139
vn 0.3905 0.9198 0.0385
vn 0.4222 0.9055 -0.0416
vn 0.4060 0.9055 -0.1232
vn 0.3742 0.9055 -0.2000
vn 0.3280 0.9055 -0.2692
vn 0.2692 0.9055 -0.3280
vn 0.2000 0.9055 -0.3742
vn 0.1232 0.9055 -0.4060
vn 0.0416 0.9055 -0.4222
vn -0.0416 0.9055 -0.4222
vn -0.1232 0.9055 -0.4060
vn -0.2000 0.9055 -0.3742
vn -0.2692 0.9055 -0.3280
vn -0.3280 0.9055 -0.2692
vn -0.3742 0.9055 -0.2000
vn -0.4060 0.9055 -0.1232
vn -0.4222 0.9055 -0.0416
vn -0.4222 0.9055 0.0416
vn -0.4060 0.9055 0.1232
vn -0.3742 0.9055 0.2000
vn -0.3280 0.9055 0.2692
vn -0.2692 0.9055 0.3280
vn -0.2000 0.9055 0.3742
vn -0.1232 0.9055 0.4060
vn -0.0416 0.9055 0.4222
vn 0.0416 0.9055 0.4222
vn 0.1232 0.9055 0.4060
vn 0.2000 0.9055 0.3742
vn 0.2692 0.9055 0.3280
vn 0.3280 0.9055 0.2692
vn 0.3742 0.9055 0.2000
vn 0.4060 0.9055 0.1232
vn 0.4222 0.9055 0.0416
vn 0.4535 0.8901 -0.0447
vn 0.4361 0.8901 -0.1323
vn 0.4019 0.8901 -0.2148
vn 0.3523 0.8901 -0.2891
vn 0.2891 0.8901 -0.3523
vn 0.2148 0.8901 -0.4019
vn 0.1323 0.8901 -0.4361
vn 0.0447 0.8901 -0.4535
vn -0.0447 0.8901 -0.4535
vn -0.1323 0.8901 -0.4361
vn -0.2148 0.8901 -0.4019
vn -0.2891 0.8901 -0.3523
vn -0.3523 0.8901 -0.2891
vn -0.4019 0.8901 -0.2148
vn -0.4361 0.8901 -0.1323
vn -0.4535 0.8901 -0.0447
vn -0.4535 0.8901 0.0447
vn -0.4361 0.8901 0.1323
vn -0.4019 0.8901 0.2148
vn -0.3523 0.8901 0.2891
vn -0.2891 0.8901 0.3523
vn -0.2148 0.8901 0.4019
vn -0.1323 0.8901 0.4361
vn -0.0447 0.8901 0.4535
vn 0.0447 0.8901 0.4535
vn 0.1323 0.8901 0.4361
vn 0.2148 0.8901 0.4019
vn 0.2891 0.8901 0.3523
vn 0.3523 0.8901 0.2891
vn 0.4019 0.8901 0.2148
vn 0.4361 0.8901 0.1323
vn 0.4535 0.8901 0.0447
vn 0.4843 0.8736 -0.0477
vn 0.4657 0.8736 -0.1413
vn 0.4292 0.8736 -0.2294
vn 0.3762 0.8736 -0.3087
vn 0.3087 0.8736 -0.3762
vn 0.2294 0.8736 -0.4292
vn 0.1413 0.8736 -0.4657
vn 0.0477 0.8736 -0.4843
vn -0.0477 0.8736 -0.4843
vn -0.1413 0.8736 -0.4657
vn -0.2294 0.8736 -0.4292
vn -0.3087 0.8736 -0.3762
vn -0.3762 0.8736 -0.3087
vn -0.4292 0.8736 -0.2294
vn -0.4657 0.8736 -0.1413
vn -0.4843 0.8736 -0.0477
vn -0.4843 0.8736 0.0477
vn -0.4657 0.8736 0.1413
vn -0.4292 0.8736 0.2294
vn -0.3762 0.8736 0.3087
vn -0.3087 0.8736 0.3762
vn -0.2294 0.8736 0.4292
vn -0.1413 0.8736 0.4657
vn -0.0477 0.8736 0.4843
vn 0.0477 0.8736 0.4843
vn 0.1413 0.8736 0.4657
vn 0.2294 0.8736 0.4292
vn 0.3087 0.8736 0.3762
vn 0.3762 0.8736 0.3087
vn 0.4292 0.8736 0.2294
vn 0.4657 0.8736 0.1413
vn 0.4843 0.8736 0.0477
vn 0.5144 0.8561 -0.0507
vn 0.4946 0.8561 -0.1500
vn 0.4558 0.8561 -0.2436
vn 0.3995 0.8561 -0.3279
vn 0.3279 0.8561 -0.3995
vn 0.2436 0.8561 -0.4558
vn 0.1500 0.8561 -0.4946
vn 0.0507 0.8561 -0.5144
vn -0.0507 0.8561 -0.5144
vn -0.1500 0.8561 -0.4946
vn -0.2436 0.8561 -0.4558
vn -0.3279 0.8561 -0.3995
vn -0.3995 0.8561 -0.3279
vn -0.4558 0.8561 -0.2436
vn -0.4946 0.8561 -0.1500
vn -0.5144 0.8561 -0.0507
vn -0.5144 0.8561 0.0507
vn -0.4946 0.8561 0.1500
vn -0.4558 0.8561 0.2436
vn -0.3995 0.8561 0.3279
vn -0.3279 0.8561 0.3995
vn -0.2436 0.8561 0.4558
vn -0.1500 0.8561 0.4946
vn -0.0507 0.8561 0.5144
vn 0.0507 0.8561 0.5144
vn 0.1500 0.8561 0.4946
vn 0.2436 0.8561 0.4558
vn 0.3279 0.8561 0.3995
vn 0.3995 0.8561 0.3279
vn 0.4558 0.8561 0.2436
vn 0.4946 0.8561 0.1500
vn 0.5144 0.8561 0.0507
vn 0.5438 0.8375 -0.0536
vn 0.5229 0.8375 -0.1586
vn 0.4820 0.8375 -0.2576
vn 0.4224 0.8375 -0.3467
vn 0.3467 0.8375 -0.4224
vn 0.2576 0.8375 -0.4820
vn 0.1586 0.8375 -0.5229
vn 0.0536 0.8375 -0.5438
vn -0.0536 0.8375 -0.5438
vn -0.1586 0.8375 -0.5229
vn -0.2576 0.8375 -0.4820
vn -0.3467 0.8375 -0.4224
vn -0.4224 0.8375 -0.3467
vn -0.4820 0.8375 -0.2576
vn -0.5229 0.8375 -0.1586
vn -0.5438 0.8375 -0.0536
vn -0.5438 0.8375 0.0536
vn -0.5229 0.8375 0.1586
vn -0.4820 0.8375 0.2576
vn -0.4224 0.8375 0.3467
vn -0.3467 0.8375 0.4224
vn -0.2576 0.8375 0.4820
vn -0.1586 0.8375 0.5229
vn -0.0536 0.8375 0.5438
vn 0.0536 0.8375 0.5438
vn 0.1586 0.8375 0.5229
vn 0.2576 0.8375 0.4820
vn 0.3467 0.8375 0.4224
vn 0.4224 0.8375 0.3467
vn 0.4820 0.8375 0.2576
vn 0.5229 0.8375 0.1586
vn 0.5438 0.8375 0.0536
vn 0.5727 0.8178 -0.0564
vn 0.5507 0.8178 -0.1670
vn 0.5075 0.8178 -0.2713
vn 0.4448 0.8178 -0.3651
vn 0.3651 0.8178 -0.4448
vn 0.2713 0.8178 -0.5075
vn 0.1670 0.8178 -0.5507
vn 0.0564 0.8178 -0.5727
vn -0.0564 0.8178 -0.5727
vn -0.1670 0.8178 -0.5507
vn -0.2713 0.8178 -0.5075
vn -0.3651 0.8178 -0.4448
vn -0.4448 0.8178 -0.3651
vn -0.5075 0.8178 -0.2713
vn -0.5507 0.8178 -0.1670
vn -0.5727 0.8178 -0.0564
vn -0.5727 0.8178 0.0564
vn -0.5507 0.8178 0.1670
vn -0.5075 0.8178 0.2713
vn -0.4448 0.8178 0.3651
vn -0.3651 0.8178 0.4448
vn -0.2713 0.8178 0.5075
vn -0.1670 0.8178 0.5507
vn -0.0564 0.8178 0.5727
vn 0.0564 0.8178 0.5727
vn 0.1670 0.8178 0.5507
vn 0.2713 0.8178 0.5075
vn 0.3651 0.8178 0.4448
vn 0.4448 0.8178 0.3651
vn 0.5075 0.8178 0.2713
vn 0.5507 0.8178 0.1670
vn 0.5727 0.8178 0.0564
vn 0.6008 0.7972 -0.0592
vn 0.5777 0.7972 -0.1752
vn 0.5324 0.7972 -0.2846
vn 0.4666 0.7972 -0.3830
vn 0.3830 0.7972 -0.4666
vn 0.2846 0.7972 -0.5324
vn 0.1752 0.7972 -0.5777
vn 0.0592 0.7972 -0.6008
vn -0.0592 0.7972 -0.6008
vn -0.1752 0.7972 -0.5777
vn -0.2846 0.7972 -0.5324
vn -0.3830 0.7972 -0.4666
vn -0.4666 0.7972 -0.3830
vn -0.5324 0.7972 -0.2846
vn -0.5777 0.7972 -0.1752
vn -0.6008 0.7972 -0.0592
vn -0.6008 0.7972 0.0592
vn -0.5777 0.7972 0.1752
vn -0.5324 0.7972 0.2846
vn -0.4666 0.7972 0.3830
vn -0.3830 0.7972 0.4666
vn -0.2846 0.7972 0.5324
vn -0.1752 0.7972 0.5777
vn -0.0592 0.7972 0.6008
vn 0.0592 0.7972 0.6008
vn 0.1752 0.7972 0.5777
vn 0.2846 0.7972 0.5324
vn 0.3830 0.7972 0.4666
vn 0.4666 0.7972 0.3830
vn 0.5324 0.7972 0.2846
vn 0.5777 0.7972 0.1752
vn 0.6008 0.7972 0.0592
vn 0.6281 0.7757 -0.0619
vn 0.6040 0.7756 -0.1832
vn 0.5566 0.7756 -0.2975
vn 0.4879 0.7756 -0.4004
vn 0.4004 0.7756 -0.4879
vn 0.2975 0.7756 -0.5566
vn 0.1832 0.7756 -0.6040
vn 0.0619 0.7757 -0.6281
vn -0.0619 0.7757 -0.6281
vn -0.1832 0.7756 -0.6040
vn -0.2975 0.7756 -0.5566
vn -0.4004 0.7756 -0.4879
vn -0.4879 0.7756 -0.4004
vn -0.5566 0.7756 -0.2975
vn -0.6040 0.7756 -0.1832
vn -0.6281 0.7757 -0.0619
vn -0.6281 0.7757 0.0619
vn -0.6040 0.7756 0.1832
vn -0.5566 0.7756 0.2975
vn -0.4879 0.7756 0.4004
vn -0.4004 0.7756 0.4879
vn -0.2975 0.7756 0.5566
vn -0.1832 0.7756 0.6040
vn -0.0619 0.7757 0.6281
vn 0.0619 0.7757 0.6281
vn 0.1832 0.7756 0.6040
vn 0.2975 0.7756 0.5566
vn 0.4004 0.7756 0.4879
vn 0.4879 0.7756 0.4004
vn 0.5566 0.7756 0.2975
vn 0.6040 0.7756 0.1832
vn 0.6281 0.7757 0.0619
vn 0.6547 0.7531 -0.0645
vn 0.6295 0.7531 -0.1910
vn 0.5802 0.7532 -0.3101
vn 0.5085 0.7532 -0.4173
vn 0.4173 0.7532 -0.5085
vn 0.3101 0.7532 -0.5802
vn 0.1910 0.7532 -0.6295
vn 0.0645 0.7531 -0.6547
vn -0.0645 0.7531 -0.6547
vn -0.1910 0.7532 -0.6295
vn -0.3101 0.7532 -0.5802
vn -0.4173 0.7532 -0.5085
vn -0.5085 0.7532 -0.4173
vn -0.5802 0.7532 -0.3101
vn -0.6295 0.7532 -0.1910
vn -0.6547 0.7531 -0.0645
vn -0.6547 0.7531 0.0645
vn -0.6295 0.7531 0.1910
vn -0.5802 0.7532 0.3101
vn -0.5085 0.7532 0.4173
vn -0.4173 0.7532 0.5085
vn -0.3101 0.7532 0.5802
vn -0.1910 0.7532 0.6295
vn -0.0645 0.7531 0.6547
vn 0.0645 0.7531 0.6547
vn 0.1910 0.7532 0.6295
vn 0.3101 0.7532 0.5802
vn 0.4173 0.7532 0.5085
vn 0.5085 0.7532 0.4173
vn 0.5802 0.7532 0.3101
vn 0.6295 0.7532 0.1910
vn 0.6547 0.7531 0.0645
vn 0.6805 0.7297 -0.0670
vn 0.6543 0.7297 -0.1985
vn 0.6030 0.7297 -0.3223
vn 0.5286 0.7297 -0.4338
vn 0.4338 0.7297 -0.5286
vn 0.3223 0.7297 -0.6030
vn 0.1985 0.7297 -0.6543
vn 0.0670 0.7297 -0.6805
vn -0.0670 0.7297 -0.6805
vn -0.1985 0.7297 -0.6543
vn -0.3223 0.7297 -0.6030
vn -0.4338 0.7297 -0.5286
vn -0.5285 0.7297 -0.4338
vn -0.6030 0.7297 -0.3223
vn -0.6543 0.7297 -0.1985
vn -0.6805 0.7297 -0.0670
vn -0.6805 0.7297 0.0670
vn -0.6543 0.7297 0.1985
vn -0.6030 0.7297 0.3223
vn -0.5286 0.7297 0.4338
vn -0.4338 0.7297 0.5286
vn -0.3223 0.7297 0.6030
vn -0.1985 0.7297 0.6543
vn -0.0670 0.7297 0.6805
vn 0.0670 0.7297 0.6805
vn 0.1985 0.7297 0.6543
vn 0.3223 0.7297 0.6030
vn 0.4338 0.7297 0.5286
vn 0.5285 0.7297 0.4338
vn 0.6030 0.7297 0.3223
vn 0.6543 0.7297 0.1985
vn 0.6805 0.7297 0.0670
vn 0.7054 0.7054 -0.0695
vn 0.6783 0.7054 -0.2058
vn 0.6251 0.7054 -0.3341
vn 0.5479 0.7054 -0.4497
vn 0.4497 0.7054 -0.5479
vn 0.3341 0.7054 -0.6251
vn 0.2058 0.7054 -0.6783
vn 0.0695 0.7054 -0.7054
vn -0.0695 0.7054 -0.7054
vn -0.2058 0.7054 -0.6783
vn -0.3341 0.7054 -0.6251
vn -0.4497 0.7054 -0.5479
vn -0.5479 0.7054 -0.4497
vn -0.6251 0.7054 -0.3341
vn -0.6783 0.7054 -0.2058
vn -0.7054 0.7054 -0.0695
vn -0.7054 0.7054 0.0695
vn -0.6783 0.7054 0.2058
vn -0.6251 0.7054 0.3341
vn -0.5479 0.7054 0.4497
vn -0.4497 0.7054 0.5479
vn -0.3341 0.7054 0.6251
vn -0.2058 0.7054 0.6783
vn -0.0695 0.7054 0.7054
vn 0.0695 0.7054 0.7054
vn 0.2058 0.7054 0.6783
vn 0.3341 0.7054 0.6251
vn 0.4497 0.7054 0.5479
vn 0.5479 0.7054 0.4497
vn 0.6251 0.7054 0.3341
vn 0.6783 0.7054 0.2058
vn 0.7054 0.7054 0.0695
vn 0.7294 0.6803 -0.0718
vn 0.7014 0.6802 -0.2128
vn 0.6464 0.6802 -0.3455
vn 0.5666 0.6802 -0.4650
vn 0.4650 0.6803 -0.5666
vn 0.3455 0.6802 -0.6464
vn 0.2128 0.6803 -0.7014
vn 0.0718 0.6803 -0.7295
vn -0.0718 0.6803 -0.7295
vn -0.2128 0.6802 -0.7014
vn -0.3455 0.6802 -0.6464
vn -0.4650 0.6802 -0.5666
vn -0.5666 0.6803 -0.4650
vn -0.6464 0.6802 -0.3455
vn -0.7014 0.6802 -0.2128
vn -0.7294 0.6803 -0.0718
vn -0.7294 0.6803 0.0718
vn -0.7014 0.6802 0.2128
vn -0.6464 0.6802 0.3455
vn -0.5666 0.6802 0.4650
vn -0.4650 0.6803 0.5666
vn -0.3455 0.6802 0.6464
vn -0.2128 0.6803 0.7014
vn -0.0718 0.6803 0.7295
vn 0.0718 0.6803 0.7295
vn 0.2128 0.6802 0.7014
vn 0.3455 0.6802 0.6464
vn 0.4650 0.6802 0.5666
vn 0.5666 0.6803 0.4650
vn 0.6464 0.6802 0.3455
vn 0.7014 0.6802 0.2128
vn 0.7294 0.6803 0.0718
vn 0.7526 0.6542 -0.0741
vn 0.7237 0.6542 -0.2195
vn 0.6670 0.6543 -0.3565
vn 0.5846 0.6542 -0.4798
vn 0.4798 0.6542 -0.5846
vn 0.3565 0.6543 -0.6670
vn 0.2195 0.6542 -0.7237
vn 0.0741 0.6542 -0.7526
vn -0.0741 0.6542 -0.7526
vn -0.2195 0.6542 -0.7237
vn -0.3565 0.6543 -0.6670
vn -0.4798 0.6542 -0.5846
vn -0.5846 0.6542 -0.4798
vn -0.6670 0.6543 -0.3565
vn -0.7237 0.6542 -0.2195
vn -0.7526 0.6542 -0.0741
vn -0.7526 0.6542 0.0741
vn -0.7237 0.6542 0.2195
vn -0.6670 0.6543 0.3565
vn -0.5846 0.6542 0.4798
vn -0.4798 0.6542 0.5846
vn -0.3565 0.6543 0.6670
vn -0.2195 0.6542 0.7237
vn -0.0741 0.6542 0.7526
vn 0.0741 0.6542 0.7526
vn 0.2195 0.6542 0.7237
vn 0.3565 0.6543 0.6670
vn 0.4798 0.6542 0.5846
vn 0.5846 0.6542 0.4798
vn 0.6670 0.6543 0.3565
vn 0.7237 0.6542 0.2195
vn 0.7526 0.6542 0.0741
vn 0.7749 0.6275 -0.0763
vn 0.7451 0.6275 -0.2260
vn 0.6867 0.6275 -0.3671
vn 0.6019 0.6275 -0.4940
vn 0.4940 0.6275 -0.6019
vn 0.3670 0.6275 -0.6867
vn 0.2260 0.6275 -0.7451
vn 0.0763 0.6275 -0.7749
vn -0.0763 0.6275 -0.7749
vn -0.2260 0.6275 -0.7451
vn -0.3671 0.6275 -0.6867
vn -0.4940 0.6275 -0.6019
vn -0.6019 0.6275 -0.4940
vn -0.6867 0.6275 -0.3671
vn -0.7451 0.6275 -0.2260
vn -0.7749 0.6275 -0.0763
vn -0.7749 0.6275 0.0763
vn -0.7451 0.6275 0.2260
vn -0.6867 0.6275 0.3671
vn -0.6019 0.6275 0.4940
vn -0.4940 0.6275 0.6019
vn -0.3670 0.6275 0.6867
vn -0.2260 0.6275 0.7451
vn -0.0763 0.6275 0.7749
vn 0.0763 0.6275 0.7749
vn 0.2260 0.6275 0.7451
vn 0.3671 0.6275 0.6867
vn 0.4940 0.6275 0.6019
vn 0.6019 0.6275 0.4940
vn 0.6867 0.6275 0.3671
vn 0.7451 0.6275 0.2260
vn 0.7749 0.6275 0.0763
vn 0.7962 0.6000 -0.0784
vn 0.7656 0.6000 -0.2322
vn 0.7056 0.6000 -0.3771
vn 0.6184 0.6000 -0.5075
vn 0.5075 0.6000 -0.6184
vn 0.3771 0.6000 -0.7056
vn 0.2322 0.6000 -0.7656
vn 0.0784 0.6000 -0.7962
vn -0.0784 0.6000 -0.7962
vn -0.2322 0.6000 -0.7656
vn -0.3771 0.6000 -0.7056
vn -0.5075 0.6000 -0.6184
vn -0.6184 0.6000 -0.5075
vn -0.7056 0.6000 -0.3771
vn -0.7656 0.6000 -0.2322
vn -0.7962 0.6000 -0.0784
vn -0.7962 0.6000 0.0784
vn -0.7656 0.6000 0.2322
vn -0.7056 0.6000 0.3771
vn -0.6184 0.6000 0.5075
vn -0.5075 0.6000 0.6184
vn -0.3771 0.6000 0.7056
vn -0.2322 0.6000 0.7656
vn -0.0784 0.6000 0.7962
vn 0.0784 0.6000 0.7962
vn 0.2322 0.6000 0.7656
vn 0.3771 0.6000 0.7056
vn 0.5075 0.6000 0.6184
vn 0.6184 0.6000 0.5075
vn 0.7056 0.6000 0.3771
vn 0.7656 0.6000 0.2322
vn 0.7962 0.6000 0.0784
vn 0.8165 0.5717 -0.0804
vn 0.7851 0.5717 -0.2382
vn 0.7236 0.5717 -0.3868
vn 0.6342 0.5717 -0.5205
vn 0.5205 0.5717 -0.6342
vn 0.3867 0.5717 -0.7236
vn 0.2382 0.5717 -0.7851
vn 0.0804 0.5717 -0.8165
vn -0.0804 0.5717 -0.8165
vn -0.2382 0.5717 -0.7851
vn -0.3867 0.5717 -0.7236
vn -0.5205 0.5717 -0.6342
vn -0.6342 0.5717 -0.5205
vn -0.7236 0.5717 -0.3868
vn -0.7851 0.5717 -0.2382
vn -0.8165 0.5717 -0.0804
vn -0.8165 0.5717 0.0804
vn -0.7851 0.5717 0.2382
vn -0.7236 0.5717 0.3868
vn -0.6342 0.5717 0.5205
vn -0.5205 0.5717 0.6342
vn -0.3867 0.5717 0.7236
vn -0.2382 0.5717 0.7851
vn -0.0804 0.5717 0.8165
vn 0.0804 0.5717 0.8165
vn 0.2382 0.5717 0.7851
vn 0.3867 0.5717 0.7236
vn 0.5205 0.5717 0.6342
vn 0.6342 0.5717 0.5205
vn 0.7236 0.5717 0.3868
vn 0.7851 0.5717 0.2382
vn 0.8165 0.5717 0.0804
vn 0.8358 0.5428 -0.0823
vn 0.8037 0.5428 -0.2438
vn 0.7407 0.5428 -0.3959
vn 0.6492 0.5428 -0.5328
vn 0.5328 0.5428 -0.6492
vn 0.3959 0.5428 -0.7407
vn 0.2438 0.5428 -0.8037
vn 0.0823 0.5428 -0.8358
vn -0.0823 0.5428 -0.8358
vn -0.2438 0.5428 -0.8037
vn -0.3959 0.5428 -0.7407
vn -0.5328 0.5428 -0.6492
vn -0.6492 0.5428 -0.5328
vn -0.7407 0.5428 -0.3959
vn -0.8037 0.5428 -0.2438
vn -0.8358 0.5428 -0.0823
vn -0.8358 0.5428 0.0823
vn -0.8037 0.5428 0.2438
vn -0.7407 0.5428 0.3959
vn -0.6492 0.5428 0.5328
vn -0.5328 0.5428 0.6492
vn -0.3959 0.5428 0.7407
vn -0.2438 0.5428 0.8037
vn -0.0823 0.5428 0.8358
vn 0.0823 0.5428 0.8358
vn 0.2438 0.5428 0.8037
vn 0.3959 0.5428 0.7407
vn 0.5328 0.5428 0.6492
vn 0.6492 0.5428 0.5328
vn 0.7407 0.5428 0.3959
vn 0.8037 0.5428 0.2438
vn 0.8358 0.5428 0.0823
vn 0.8541 0.5132 -0.0841
vn 0.8213 0.5132 -0.2491
vn 0.7569 0.5132 -0.4046
vn 0.6635 0.5132 -0.5445
vn 0.5445 0.5132 -0.6635
vn 0.4046 0.5132 -0.7569
vn 0.2491 0.5132 -0.8213
vn 0.0841 0.5132 -0.8541
vn -0.0841 0.5132 -0.8541
vn -0.2491 0.5132 -0.8213
vn -0.4046 0.5132 -0.7569
vn -0.5445 0.5132 -0.6635
vn -0.6635 0.5132 -0.5445
vn -0.7569 0.5132 -0.4046
vn -0.8213 0.5132 -0.2491
vn -0.8541 0.5132 -0.0841
vn -0.8541 0.5132 0.0841
vn -0.8213 0.5132 0.2491
vn -0.7569 0.5132 0.4046
vn -0.6635 0.5132 0.5445
vn -0.5445 0.5132 0.6635
vn -0.4046 0.5132 0.7569
vn -0.2491 0.5132 0.8213
vn -0.0841 0.5132 0.8541
vn 0.0841 0.5132 0.8541
vn 0.2491 0.5132 0.8213
vn 0.4046 0.5132 0.7569
vn 0.5445 0.5132 0.6635
vn 0.6635 0.5132 0.5445
vn 0.7569 0.5132 0.4046
vn 0.8213 0.5132 0.2491
vn 0.8541 0.5132 0.0841
vn 0.8714 0.4830 -0.0858
vn 0.8379 0.4830 -0.2542
vn 0.7722 0.4830 -0.4128
vn 0.6768 0.4830 -0.5555
vn 0.5555 0.4830 -0.6768
vn 0.4128 0.4830 -0.7722
vn 0.2542 0.4830 -0.8379
vn 0.0858 0.4830 -0.8714
vn -0.0858 0.4830 -0.8714
vn -0.2542 0.4830 -0.8379
vn -0.4128 0.4830 -0.7722
vn -0.5555 0.4830 -0.6768
vn -0.6768 0.4830 -0.5555
vn -0.7722 0.4830 -0.4128
vn -0.8379 0.4830 -0.2542
vn -0.8714 0.4830 -0.0858
vn -0.8714 0.4830 0.0858
vn -0.8379 0.4830 0.2542
vn -0.7722 0.4830 0.4128
vn -0.6768 0.4830 0.5555
vn -0.5555 0.4830 0.6768
vn -0.4128 0.4830 0.7722
vn -0.2542 0.4830 0.8379
vn -0.0858 0.4830 0.8714
vn 0.0858 0.4830 0.8714
vn 0.2542 0.4830 0.8379
vn 0.4128 0.4830 0.7722
vn 0.5555 0.4830 0.6768
vn 0.6768 0.4830 0.5555
vn 0.7722 0.4830 0.4128
vn 0.8379 0.4830 0.2542
vn 0.8714 0.4830 0.0858
vn 0.8876 0.4522 -0.0874
vn 0.8535 0.4522 -0.2589
vn 0.7866 0.4522 -0.4204
vn 0.6894 0.4522 -0.5658
vn 0.5658 0.4522 -0.6894
vn 0.4204 0.4523 -0.7866
vn 0.2589 0.4522 -0.8535
vn 0.0874 0.4522 -0.8876
vn -0.0874 0.4522 -0.8876
vn -0.2589 0.4522 -0.8535
vn -0.4204 0.4523 -0.7866
vn -0.5658 0.4522 -0.6894
vn -0.6894 0.4522 -0.5658
vn -0.7866 0.4522 -0.4204
vn -0.8535 0.4522 -0.2589
vn -0.8876 0.4522 -0.0874
vn -0.8876 0.4522 0.0874
vn -0.8535 0.4522 0.2589
vn -0.7866 0.4522 0.4204
vn -0.6894 0.4522 0.5658
vn -0.5658 0.4522 0.6894
vn -0.4204 0.4523 0.7866
vn -0.2589 0.4522 0.8535
vn -0.0874 0.4522 0.8876
vn 0.0874 0.4522 0.8876
vn 0.2589 0.4522 0.8535
vn 0.4204 0.4523 0.7866
vn 0.5658 0.4522 0.6894
vn 0.6894 0.4522 0.5658
vn 0.7866 0.4522 0.4204
vn 0.8535 0.4522 0.2589
vn 0.8876 0.4522 0.0874
vn 0.9027 0.4209 -0.0889
vn 0.8680 0.4210 -0.2633
vn 0.8000 0.4210 -0.4276
vn 0.7012 0.4210 -0.5754
vn 0.5754 0.4209 -0.7012
vn 0.4276 0.4210 -0.8000
vn 0.2633 0.4210 -0.8680
vn 0.0889 0.4209 -0.9027
vn -0.0889 0.4209 -0.9027
vn -0.2633 0.4210 -0.8680
vn -0.4276 0.4210 -0.8000
vn -0.5754 0.4210 -0.7012
vn -0.7012 0.4210 -0.5755
vn -0.8000 0.4210 -0.4276
vn -0.8680 0.4210 -0.2633
vn -0.9027 0.4209 -0.0889
vn -0.9027 0.4209 0.0889
vn -0.8680 0.4210 0.2633
vn -0.8000 0.4210 0.4276
vn -0.7012 0.4210 0.5754
vn -0.5754 0.4209 0.7012
vn -0.4276 0.4210 0.8000
vn -0.2633 0.4210 0.8680
vn -0.0889 0.4209 0.9027
vn 0.0889 0.4209 0.9027
vn 0.2633 0.4210 0.8680
vn 0.4276 0.4210 0.8000
vn 0.5754 0.4210 0.7012
vn 0.7012 0.4210 0.5755
vn 0.8000 0.4210 0.4276
vn 0.8680 0.4210 0.2633
vn 0.9027 0.4209 0.0889
vn 0.9167 0.3891 -0.0903
vn 0.8815 0.3891 -0.2674
vn 0.8124 0.3891 -0.4342
vn 0.7121 0.3891 -0.5844
vn 0.5844 0.3891 -0.7121
vn 0.4342 0.3891 -0.8124
vn 0.2674 0.3891 -0.8815
vn 0.0903 0.3892 -0.9167
vn -0.0903 0.3892 -0.9167
vn -0.2674 0.3891 -0.8815
vn -0.4342 0.3891 -0.8124
vn -0.5844 0.3891 -0.7121
vn -0.7121 0.3891 -0.5844
vn -0.8124 0.3891 -0.4342
vn -0.8815 0.3891 -0.2674
vn -0.9167 0.3891 -0.0903
vn -0.9167 0.3891 0.0903
vn -0.8815 0.3891 0.2674
vn -0.8124 0.3891 0.4342
vn -0.7121 0.3891 0.5844
vn -0.5844 0.3891 0.7121
vn -0.4342 0.3891 0.8124
vn -0.2674 0.3891 0.8815
vn -0.0903 0.3892 0.9167
vn 0.0903 0.3892 0.9167
vn 0.2674 0.3891 0.8815
vn 0.4342 0.3891 0.8124
vn 0.5844 0.3891 0.7121
vn 0.7121 0.3891 0.5844
vn 0.8124 0.3891 0.4342
vn 0.8815 0.3891 0.2674
vn 0.9167 0.3891 0.0903
vn 0.9297 0.3569 -0.0916
vn 0.8939 0.3569 -0.2712
vn 0.8239 0.3569 -0.4404
vn 0.7221 0.3569 -0.5926
vn 0.5926 0.3569 -0.7221
vn 0.4404 0.3569 -0.8239
vn 0.2712 0.3569 -0.8939
vn 0.0916 0.3569 -0.9297
vn -0.0916 0.3569 -0.9297
vn -0.2712 0.3569 -0.8939
vn -0.4404 0.3569 -0.8239
vn -0.5926 0.3569 -0.7221
vn -0.7221 0.3569 -0.5926
vn -0.8239 0.3569 -0.4404
vn -0.8939 0.3569 -0.2712
vn -0.9297 0.3569 -0.0916
vn -0.9297 0.3569 0.0916
vn -0.8939 0.3569 0.2712
vn -0.8239 0.3569 0.4404
vn -0.7221 0.3569 0.5926
vn -0.5926 0.3569 0.7221
vn -0.4404 0.3569 0.8239
vn -0.2712 0.3569 0.8939
vn -0.0916 0.3569 0.9297
vn 0.0916 0.3569 0.9297
vn 0.2712 0.3569 0.8939
vn 0.4404 0.3569 0.8239
vn 0.5926 0.3569 0.7221
vn 0.7221 0.3569 0.5926
vn 0.8239 0.3569 0.4404
vn 0.8939 0.3569 0.2712
vn 0.9297 0.3569 0.0916
vn 0.9414 0.3242 -0.0927
vn 0.9053 0.3242 -0.2746
vn 0.8343 0.3242 -0.4459
vn 0.7313 0.3242 -0.6001
vn 0.6001 0.3242 -0.7313
vn 0.4459 0.3242 -0.8343
vn 0.2746 0.3242 -0.9053
vn 0.0927 0.3242 -0.9414
vn -0.0927 0.3242 -0.9414
vn -0.2746 0.3242 -0.9053
vn -0.4459 0.3242 -0.8343
vn -0.6001 0.3242 -0.7313
vn -0.7313 0.3242 -0.6001
vn -0.8343 0.3242 -0.4459
vn -0.9053 0.3242 -0.2746
vn -0.9414 0.3242 -0.0927
vn -0.9414 0.3242 0.0927
vn -0.9053 0.3242 0.2746
vn -0.8343 0.3242 0.4459
vn -0.7313 0.3242 0.6001
vn -0.6001 0.3242 0.7313
vn -0.4459 0.3242 0.8343
vn -0.2746 0.3242 0.9053
vn -0.0927 0.3242 0.9414
vn 0.0927 0.3242 0.9414
vn 0.2746 0.3242 0.9053
vn 0.4459 0.3242 0.8343
vn 0.6001 0.3242 0.7313
vn 0.7313 0.3242 0.6001
vn 0.8343 0.3242 0.4459
vn 0.9053 0.3242 0.2746
vn 0.9414 0.3242 0.0927
vn 0.9521 0.2911 -0.0938
vn 0.9155 0.2911 -0.2777
vn 0.8437 0.2911 -0.4510
vn 0.7395 0.2911 -0.6069
vn 0.6069 0.2911 -0.7395
vn 0.4510 0.2911 -0.8437
vn 0.2777 0.2911 -0.9155
vn 0.0938 0.2911 -0.9521
vn -0.0938 0.2911 -0.9521
vn -0.2777 0.2911 -0.9155
vn -0.4510 0.2911 -0.8437
vn -0.6069 0.2911 -0.7395
vn -0.7395 0.2911 -0.6069
vn -0.8437 0.2911 -0.4510
vn -0.9155 0.2911 -0.2777
vn -0.9521 0.2911 -0.0938
vn -0.9521 0.2911 0.0938
vn -0.9155 0.2911 0.2777
vn -0.8437 0.2911 0.4510
vn -0.7395 0.2911 0.6069
vn -0.6069 0.2911 0.7395
vn -0.4510 0.2911 0.8437
vn -0.2777 0.2911 0.9155
vn -0.0938 0.2911 0.9521
vn 0.0938 0.2911 0.9521
vn 0.2777 0.2911 0.9155
vn 0.4510 0.2911 0.8437
vn 0.6069 0.2911 0.7395
vn 0.7395 0.2911 0.6069
vn 0.8437 0.2911 0.4510
vn 0.9155 0.2911 0.2777
vn 0.9521 0.2911 0.0938
vn 0.9616 0.2577 -0.0947
vn 0.9246 0.2576 -0.2805
vn 0.8521 0.2576 -0.4555
vn 0.7469 0.2576 -0.6130
vn 0.6130 0.2576 -0.7469
vn 0.4555 0.2576 -0.8521
vn 0.2805 0.2577 -0.9246
vn 0.0947 0.2577 -0.9616
vn -0.0947 0.2577 -0.9616
vn -0.2805 0.2577 -0.9246
vn -0.4555 0.2576 -0.8521
vn -0.6130 0.2576 -0.7469
vn -0.7469 0.2576 -0.6130
vn -0.8521 0.2576 -0.4555
vn -0.9246 0.2576 -0.2805
vn -0.9616 0.2577 -0.0947
vn -0.9616 0.2577 0.0947
vn -0.9246 0.2576 0.2805
vn -0.8521 0.2576 0.4555
vn -0.7469 0.2576 0.6130
vn -0.6130 0.2576 0.7469
vn -0.4555 0.2576 0.8521
vn -0.2805 0.2577 0.9246
vn -0.0947 0.2577 0.9616
vn 0.0947 0.2577 0.9616
vn 0.2805 0.2577 0.9246
vn 0.4555 0.2576 0.8521
vn 0.6130 0.2576 0.7469
vn 0.7469 0.2576 0.6130
vn 0.8521 0.2576 0.4555
vn 0.9246 0.2576 0.2805
vn 0.9616 0.2577 0.0947
vn 0.9699 0.2239 -0.0955
vn 0.9326 0.2239 -0.2829
vn 0.8595 0.2239 -0.4594
vn 0.7534 0.2239 -0.6183
vn 0.6183 0.2239 -0.7534
vn 0.4594 0.2239 -0.8595
vn 0.2829 0.2239 -0.9326
vn 0.0955 0.2239 -0.9699
vn -0.0955 0.2239 -0.9699
vn -0.2829 0.2239 -0.9326
vn -0.4594 0.2239 -0.8595
vn -0.6183 0.2239 -0.7534
vn -0.7534 0.2239 -0.6183
vn -0.8595 0.2239 -0.4594
vn -0.9326 0.2239 -0.2829
vn -0.9699 0.2239 -0.0955
vn -0.9699 0.2239 0.0955
vn -0.9326 0.2239 0.2829
vn -0.8595 0.2239 0.4594
vn -0.7534 0.2239 0.6183
vn -0.6183 0.2239 0.7534
vn -0.4594 0.2239 0.8595
vn -0.2829 0.2239 0.9326
vn -0.0955 0.2239 0.9699
vn 0.0955 0.2239 0.9699
vn 0.2829 0.2239 0.9326
vn 0.4594 0.2239 0.8595
vn 0.6183 0.2239 0.7534
vn 0.7534 0.2239 0.6183
vn 0.8595 0.2239 0.4594
vn 0.9326 0.2239 0.2829
vn 0.9699 0.2239 0.0955
vn 0.9771 0.1899 -0.0962
vn 0.9395 0.1899 -0.2850
vn 0.8659 0.1899 -0.4628
vn 0.7589 0.1899 -0.6228
vn 0.6228 0.1899 -0.7589
vn 0.4628 0.1899 -0.8659
vn 0.2850 0.1899 -0.9395
vn 0.0962 0.1899 -0.9771
vn -0.0962 0.1899 -0.9771
vn -0.2850 0.1899 -0.9395
vn -0.4628 0.1899 -0.8659
vn -0.6228 0.1899 -0.7589
vn -0.7589 0.1899 -0.6228
vn -0.8659 0.1899 -0.4628
vn -0.9395 0.1899 -0.2850
vn -0.9771 0.1899 -0.0962
vn -0.9771 0.1899 0.0962
vn -0.9395 0.1899 0.2850
vn -0.8659 0.1899 0.4628
vn -0.7589 0.1899 0.6228
vn -0.6228 0.1899 0.7589
vn -0.4628 0.1899 0.8659
vn -0.2850 0.1899 0.9395
vn -0.0962 0.1899 0.9771
vn 0.0962 0.1899 0.9771
vn 0.2850 0.1899 0.9395
vn 0.4628 0.1899 0.8659
vn 0.6228 0.1899 0.7589
vn 0.7589 0.1899 0.6228
vn 0.8659 0.1899 0.4628
vn 0.9395 0.1899 0.2850
vn 0.9771 0.1899 0.0962
vn 0.9830 0.1557 -0.0968
vn 0.9453 0.1557 -0.2867
vn 0.8712 0.1557 -0.4656
vn 0.7636 0.1557 -0.6267
vn 0.6267 0.1557 -0.7636
vn 0.4656 0.1557 -0.8712
vn 0.2867 0.1557 -0.9453
vn 0.0968 0.1557 -0.9830
vn -0.0968 0.1557 -0.9830
vn -0.2867 0.1557 -0.9453
vn -0.4656 0.1557 -0.8712
vn -0.6267 0.1557 -0.7636
vn -0.7636 0.1557 -0.6267
vn -0.8712 0.1557 -0.4656
vn -0.9453 0.1557 -0.2867
vn -0.9830 0.1557 -0.0968
vn -0.9830 0.1557 0.0968
vn -0.9453 0.1557 0.2867
vn -0.8712 0.1557 0.4656
vn -0.7636 0.1557 0.6267
vn -0.6267 0.1557 0.7636
vn -0.4656 0.1557 0.8712
vn -0.2867 0.1557 0.9453
vn -0.0968 0.1557 0.9830
vn 0.0968 0.1557 0.9830
vn 0.2867 0.1557 0.9453
vn 0.4656 0.1557 0.8712
vn 0.6267 0.1557 0.7636
vn 0.7636 0.1557 0.6267
vn 0.8712 0.1557 0.4656
vn 0.9453 0.1557 0.2867
vn 0.9830 0.1557 0.0968
vn 0.9878 0.1213 -0.0973
vn 0.9499 0.1213 -0.2881
vn 0.8754 0.1213 -0.4679
vn 0.7673 0.1213 -0.6297
vn 0.6297 0.1213 -0.7673
vn 0.4679 0.1213 -0.8754
vn 0.2881 0.1213 -0.9499
vn 0.0973 0.1213 -0.9878
vn -0.0973 0.1213 -0.9878
vn -0.2881 0.1213 -0.9499
vn -0.4679 0.1213 -0.8754
vn -0.6297 0.1213 -0.7673
vn -0.7673 0.1213 -0.6297
vn -0.8754 0.1213 -0.4679
vn -0.9499 0.1213 -0.2881
vn -0.9878 0.1213 -0.0973
vn -0.9878 0.1213 0.0973
vn -0.9499 0.1213 0.2881
vn -0.8754 0.1213 0.4679
vn -0.7673 0.1213 0.6297
vn -0.6297 0.1213 0.7673
vn -0.4679 0.1213 0.8754
vn -0.2881 0.1213 0.9499
vn -0.0973 0.1213 0.9878
vn 0.0973 0.1213 0.9878
vn 0.2881 0.1213 0.9499
vn 0.4679 0.1213 0.8754
vn 0.6297 0.1213 0.7673
vn 0.7673 0.1213 0.6297
vn 0.8754 0.1213 0.4679
vn 0.9499 0.1213 0.2881
vn 0.9878 0.1213 0.0973
vn 0.9914 0.0867 -0.0977
vn 0.9533 0.0867 -0.2892
vn 0.8786 0.0867 -0.4696
vn 0.7701 0.0867 -0.6320
vn 0.6320 0.0867 -0.7701
vn 0.4696 0.0867 -0.8786
vn 0.2892 0.0868 -0.9533
vn 0.0977 0.0867 -0.9914
vn -0.0977 0.0867 -0.9914
vn -0.2892 0.0867 -0.9533
vn -0.4696 0.0867 -0.8786
vn -0.6320 0.0867 -0.7701
vn -0.7701 0.0867 -0.6320
vn -0.8786 0.0867 -0.4696
vn -0.9533 0.0867 -0.2892
vn -0.9914 0.0867 -0.0977
vn -0.9914 0.0867 0.0977
vn -0.9533 0.0867 0.2892
vn -0.8786 0.0867 0.4696
vn -0.7701 0.0867 0.6320
vn -0.6320 0.0867 0.7701
vn -0.4696 0.0867 0.8786
vn -0.2892 0.0868 0.9533
vn -0.0977 0.0867 0.9914
vn 0.0977 0.0867 0.9914
vn 0.2892 0.0867 0.9533
vn 0.4696 0.0867 0.8786
vn 0.6320 0.0867 0.7701
vn 0.7701 0.0867 0.6320
vn 0.8786 0.0867 0.4696
vn 0.9533 0.0867 0.2892
vn 0.9914 0.0867 0.0977
vn 0.9938 0.0521 -0.0979
vn 0.9556 0.0521 -0.2899
vn 0.8807 0.0521 -0.4708
vn 0.7720 0.0521 -0.6335
vn 0.6335 0.0521 -0.7720
vn 0.4708 0.0521 -0.8807
vn 0.2899 0.0521 -0.9556
vn 0.0979 0.0521 -0.9938
vn -0.0979 0.0521 -0.9938
vn -0.2899 0.0521 -0.9556
vn -0.4708 0.0521 -0.8807
vn -0.6335 0.0521 -0.7720
vn -0.7720 0.0521 -0.6335
vn -0.8807 0.0521 -0.4708
vn -0.9556 0.0521 -0.2899
vn -0.9938 0.0521 -0.0979
vn -0.9938 0.0521 0.0979
vn -0.9556 0.0521 0.2899
vn -0.8807 0.0521 0.4708
vn -0.7720 0.0521 0.6335
vn -0.6335 0.0521 0.7720
vn -0.4708 0.0521 0.8807
vn -0.2899 0.0521 0.9556
vn -0.0979 0.0521 0.9938
vn 0.0979 0.0521 0.9938
vn 0.2899 0.0521 0.9556
vn 0.4708 0.0521 0.8807
vn 0.6335 0.0521 0.7720
vn 0.7720 0.0521 0.6335
vn 0.8807 0.0521 0.4708
vn 0.9556 0.0521 0.2899
vn 0.9938 0.0521 0.0979
vn 0.9950 0.0174 -0.0980
vn 0.9568 0.0174 -0.2902
vn 0.8818 0.0174 -0.4713
vn 0.7729 0.0174 -0.6343
vn 0.6343 0.0174 -0.7729
vn 0.4713 0.0174 -0.8818
vn 0.2902 0.0174 -0.9568
vn 0.0980 0.0174 -0.9950
vn -0.0980 0.0174 -0.9950
vn -0.2902 0.0174 -0.9568
vn -0.4713 0.0174 -0.8818
vn -0.6343 0.0174 -0.7729
vn -0.7729 0.0174 -0.6343
vn -0.8818 0.0174 -0.4713
vn -0.9568 0.0174 -0.2902
vn -0.9950 0.0174 -0.0980
vn -0.9950 0.0174 0.0980
vn -0.9568 0.0174 0.2902
vn -0.8818 0.0174 0.4713
vn -0.7729 0.0174 0.6343
vn -0.6343 0.0174 0.7729
vn -0.4713 0.0174 0.8818
vn -0.2902 0.0174 0.9568
vn -0.0980 0.0174 0.9950
vn 0.0980 0.0174 0.9950
vn 0.2902 0.0174 0.9568
vn 0.4713 0.0174 0.8818
vn 0.6343 0.0174 0.7729
vn 0.7729 0.0174 0.6343
vn 0.8818 0.0174 0.4713
vn 0.9568 0.0174 0.2902
vn 0.9950 0.0174 0.0980
vn 0.7054 -0.7054 -0.0695
vn 0.6783 -0.7054 -0.2058
vn 0.6251 -0.7054 -0.3341
vn 0.5479 -0.7054 -0.4497
vn 0.4497 -0.7054 -0.5479
vn 0.3341 -0.7054 -0.6251
vn 0.2058 -0.7054 -0.6783
vn 0.0695 -0.7054 -0.7054
vn -0.0695 -0.7054 -0.7054
vn -0.2058 -0.7054 -0.6783
vn -0.3341 -0.7054 -0.6251
vn -0.4497 -0.7054 -0.5479
vn -0.5479 -0.7054 -0.4497
vn -0.6251 -0.7054 -0.3341
vn -0.6783 -0.7054 -0.2058
vn -0.7054 -0.7054 -0.0695
vn -0.7054 -0.7054 0.0695
vn -0.6783 -0.7054 0.2058
vn -0.6251 -0.7054 0.3341
vn -0.5479 -0.7054 0.4497
vn -0.4497 -0.7054 0.5479
vn -0.3341 -0.7054 0.6251
vn -0.2058 -0.7054 0.6783
vn -0.0695 -0.7054 0.7054
vn 0.0695 -0.7054 0.7054
vn 0.2058 -0.7054 0.6783
vn 0.3341 -0.7054 0.6251
vn 0.4497 -0.7054 0.5479
vn 0.5479 -0.7054 0.4497
vn 0.6251 -0.7054 0.3341
vn 0.6783 -0.7054 0.2058
vn 0.7054 -0.7054 0.0695
vn -0.0000 1.0000 -0.0000
vn 0.0153 0.9986 -0.0503
vn 0.0052 0.9986 -0.0523
vn -0.0052 0.9986 -0.0523
vn -0.0153 0.9986 0.0503
vn -0.0052 0.9986 0.0523
vn 0.0052 0.9986 0.0523
vn 0.1834 0.9815 -0.0557
vn -0.1834 0.9815 -0.0557
vn -0.1834 0.9815 0.0557
vn 0.1834 0.9815 0.0557
vn 0.0222 0.9741 -0.2249
vn -0.0222 0.9741 -0.2249
vn -0.0222 0.9741 0.2249
vn 0.0222 0.9741 0.2249
vn 0.2922 0.9559 -0.0288
vn -0.2922 0.9559 -0.0288
vn -0.2922 0.9559 0.0288
vn 0.2922 0.9559 0.0288
vn 0.0321 0.9450 -0.3254
vn -0.0321 0.9450 -0.3254
vn -0.0321 0.9450 0.3254
vn 0.0321 0.9450 0.3254
vn 0.3755 0.9198 -0.1139
vn 0.1139 0.9198 -0.3755
vn -0.1139 0.9198 -0.3755
vn -0.3755 0.9198 -0.1139
vn -0.3755 0.9198 0.1139
vn -0.1139 0.9198 0.3755
vn 0.1139 0.9198 0.3755
vn 0.3755 0.9198 0.1139
vn 0.5230 0.8375 -0.1586
vn 0.4819 0.8375 -0.2576
vn 0.2576 0.8375 -0.4819
vn -0.2576 0.8375 -0.4819
vn -0.4819 0.8375 -0.2576
vn -0.5230 0.8375 -0.1586
vn -0.5230 0.8375 0.1586
vn -0.4819 0.8375 0.2576
vn -0.2576 0.8375 0.4819
vn 0.2576 0.8375 0.4819
vn 0.4819 0.8375 0.2576
vn 0.5230 0.8375 0.1586
vn 0.6007 0.7972 -0.0592
vn -0.6007 0.7972 -0.0592
vn -0.6007 0.7972 0.0592
vn 0.6007 0.7972 0.0592
vn 0.5085 0.7531 -0.4173
vn 0.4173 0.7531 -0.5085
vn 0.1910 0.7531 -0.6295
vn -0.1910 0.7531 -0.6295
vn -0.4173 0.7531 -0.5085
vn -0.5085 0.7531 -0.4173
vn -0.6295 0.7531 -0.1910
vn -0.5085 0.7531 0.4173
vn -0.4173 0.7531 0.5085
vn -0.1910 0.7531 0.6295
vn 0.1910 0.7531 0.6295
vn 0.4173 0.7531 0.5085
vn 0.5085 0.7531 0.4173
vn 0.6295 0.7531 0.1910
vn 0.4338 0.7297 -0.5285
vn -0.5286 0.7297 -0.4338
vn -0.4338 0.7297 0.5285
vn 0.5286 0.7297 0.4338
vn 0.7295 0.6802 -0.0718
vn 0.7014 0.6803 -0.2128
vn 0.5666 0.6803 -0.4650
vn 0.4650 0.6802 -0.5666
vn 0.0718 0.6802 -0.7295
vn -0.0718 0.6802 -0.7295
vn -0.2128 0.6803 -0.7014
vn -0.4650 0.6803 -0.5666
vn -0.5666 0.6802 -0.4650
vn -0.7014 0.6803 -0.2128
vn -0.7295 0.6802 -0.0718
vn -0.7295 0.6802 0.0718
vn -0.7014 0.6803 0.2128
vn -0.5666 0.6803 0.4650
vn -0.4650 0.6802 0.5666
vn -0.0718 0.6802 0.7295
vn 0.0718 0.6802 0.7295
vn 0.2128 0.6803 0.7014
vn 0.4650 0.6803 0.5666
vn 0.5666 0.6802 0.4650
vn 0.7014 0.6803 0.2128
vn 0.7295 0.6802 0.0718
vn 0.7237 0.6543 -0.2195
vn 0.5846 0.6543 -0.4798
vn 0.4798 0.6543 -0.5846
vn 0.2195 0.6543 -0.7237
vn -0.2195 0.6543 -0.7237
vn -0.4798 0.6543 -0.5846
vn -0.5846 0.6543 -0.4798
vn -0.7237 0.6543 -0.2195
vn -0.7237 0.6543 0.2195
vn -0.5846 0.6543 0.4798
vn -0.4798 0.6543 0.5846
vn -0.2195 0.6543 0.7237
vn 0.2195 0.6543 0.7237
vn 0.4798 0.6543 0.5846
vn 0.5846 0.6543 0.4798
vn 0.7237 0.6543 0.2195
vn 0.6867 0.6275 -0.3670
vn -0.6867 0.6275 -0.3670
vn -0.6867 0.6275 0.3670
vn 0.6867 0.6275 0.3670
vn 0.6184 0.5999 -0.5075
vn 0.5075 0.5999 -0.6184
vn -0.5075 0.5999 -0.6184
vn -0.6184 0.5999 -0.5075
vn -0.6184 0.5999 0.5075
vn -0.5075 0.5999 0.6184
vn 0.5075 0.5999 0.6184
vn 0.6184 0.5999 0.5075
vn -0.3868 0.5717 -0.7236
vn 0.3868 0.5717 0.7236
vn 0.6634 0.5132 -0.5445
vn 0.5445 0.5132 -0.6634
vn -0.5445 0.5132 -0.6634
vn -0.6634 0.5132 -0.5445
vn -0.6634 0.5132 0.5445
vn -0.5445 0.5132 0.6634
vn 0.5445 0.5132 0.6634
vn 0.6634 0.5132 0.5445
vn 0.6769 0.4830 -0.5555
vn 0.5555 0.4830 -0.6769
vn -0.5555 0.4830 -0.6769
vn -0.6769 0.4830 -0.5555
vn -0.6769 0.4830 0.5555
vn -0.5555 0.4830 0.6769
vn 0.5555 0.4830 0.6769
vn 0.6769 0.4830 0.5555
vn 0.7866 0.4523 -0.4204
vn 0.6894 0.4523 -0.5658
vn 0.5658 0.4523 -0.6894
vn -0.5658 0.4523 -0.6894
vn -0.6894 0.4523 -0.5658
vn -0.7866 0.4523 -0.4204
vn -0.7866 0.4523 0.4204
vn -0.6894 0.4523 0.5658
vn -0.5658 0.4523 0.6894
vn 0.5658 0.4523 0.6894
vn 0.6894 0.4523 0.5658
vn 0.7866 0.4523 0.4204
vn 0.9027 0.4210 -0.0889
vn 0.8680 0.4209 -0.2633
vn 0.8000 0.4209 -0.4276
vn 0.5754 0.4210 -0.7012
vn 0.4276 0.4209 -0.8000
vn -0.4276 0.4209 -0.8000
vn -0.7012 0.4210 -0.5754
vn -0.8000 0.4209 -0.4276
vn -0.8680 0.4209 -0.2633
vn -0.9027 0.4210 -0.0889
vn -0.9027 0.4210 0.0889
vn -0.8680 0.4209 0.2633
vn -0.8000 0.4209 0.4276
vn -0.5754 0.4210 0.7012
vn -0.4276 0.4209 0.8000
vn 0.4276 0.4209 0.8000
vn 0.7012 0.4210 0.5754
vn 0.8000 0.4209 0.4276
vn 0.8680 0.4209 0.2633
vn 0.9027 0.4210 0.0889
vn 0.0903 0.3891 -0.9167
vn -0.0903 0.3891 -0.9167
vn -0.0903 0.3891 0.9167
vn 0.0903 0.3891 0.9167
vn 0.9246 0.2577 -0.2805
vn 0.7469 0.2577 -0.6130
vn 0.6130 0.2577 -0.7469
vn -0.6130 0.2577 -0.7469
vn -0.7469 0.2577 -0.6130
vn -0.9246 0.2577 -0.2805
vn -0.9246 0.2577 0.2805
vn -0.7469 0.2577 0.6130
vn -0.6130 0.2577 0.7469
vn 0.6130 0.2577 0.7469
vn 0.7469 0.2577 0.6130
vn 0.9246 0.2577 0.2805
vn 0.2829 0.2240 -0.9326
vn -0.2829 0.2240 0.9326
vn 0.9914 0.0867 -0.0976
vn 0.2892 0.0867 -0.9533
vn 0.0976 0.0867 -0.9914
vn -0.0976 0.0867 -0.9914
vn -0.9914 0.0867 -0.0976
vn -0.9914 0.0867 0.0976
vn -0.2892 0.0867 0.9533
vn -0.0976 0.0867 0.9914
vn 0.0976 0.0867 0.9914
vn 0.9914 0.0867 0.0976
s 0
f 1//1 3//1 2//1
f 1//2 4//2 3//2
f 1//3 5//3 4//3
f 1//4 6//4 5//4
f 1//5 7//5 6//5
f 1//6 8//6 7//6
f 1//7 9//7 8//7
f 1//8 10//8 9//8
f 1//9 11//9 10//9
f 1//10 12//10 11//10
f 1//11 13//11 12//11
f 1//12 14//12 13//12
f 1//13 15//13 14//13
f 1//14 16//14 15//14
f 1//15 17//15 16//15
f 1//16 18//16 17//16
f 1//17 19//17 18//17
f 1//18 20//18 19//18
f 1//19 21//19 20//19
f 1//20 22//20 21//20
f 1//21 23//21 22//21
f 1//22 24//22 23//22
f 1//23 25//23 24//23
f 1//24 26//24 25//24
f 1//25 27//25 26//25
f 1//26 28//26 27//26
f 1//27 29//27 28//27
f 1//28 30//28 29//28
f 1//29 31//29 30//29
f 1//30 32//30 31//30
f 1//31 33//31 32//31
f 1//32 2//32 33//32
f 34//33 3//33 2//33
f 35//34 4//34 3//34
f 36//35 5//35 4//35
f 37//36 6//36 5//36
f 6//37 39//37 7//37
f 7//38 40//38 8//38
f 8//39 41//39 9//39
f 9//40 42//40 10//40
f 42//41 11//41 10//41
f 43//42 12//42 11//42
f 44//43 13//43 12//43
f 45//44 14//44 13//44
f 14//45 47//45 15//45
f 15//46 48//46 16//46
f 16//47 49//47 17//47
f 17//48 50//48 18//48
f 50//49 19//49 18//49
f 51//50 20//50 19//50
f 52//51 21//51 20//51
f 53//52 22//52 21//52
f 22//53 55//53 23//53
f 23//54 56//54 24//54
f 24//55 57//55 25//55
f 25//56 58//56 26//56
f 58//57 27//57 26//57
f 59//58 28//58 27//58
f 60//59 29//59 28//59
f 61//60 30//60 29//60
f 30//61 63//61 31//61
f 31//62 64//62 32//62
f 32//63 65//63 33//63
f 33//64 34//64 2//64
f 66//65 35//65 34//65
f 67//66 36//66 35//66
f 36//67 69//67 37//67
f 37//68 70//68 38//68
f 70//69 39//69 38//69
f 71//70 40//70 39//70
f 40//71 73//71 41//71
f 41//72 74//72 42//72
f 74//73 43//73 42//73
f 75//74 44//74 43//74
f 44//75 77//75 45//75
f 45//76 78//76 46//76
f 78//77 47//77 46//77
f 79//78 48//78 47//78
f 48//79 81//79 49//79
f 49//80 82//80 50//80
f 82//81 51//81 50//81
f 83//82 52//82 51//82
f 52//83 85//83 53//83
f 53//84 86//84 54//84
f 86//85 55//85 54//85
f 87//86 56//86 55//86
f 56//87 89//87 57//87
f 57//88 90//88 58//88
f 90//89 59//89 58//89
f 91//90 60//90 59//90
f 60//91 93//91 61//91
f 61//92 94//92 62//92
f 94//93 63//93 62//93
f 95//94 64//94 63//94
f 64//95 97//95 65//95
f 65//96 66//96 34//96
f 98//97 67//97 66//97
f 99//98 68//98 67//98
f 68//99 101//99 69//99
f 101//100 70//100 69//100
f 70//101 103//101 71//101
f 103//102 72//102 71//102
f 72//103 105//103 73//103
f 73//104 106//104 74//104
f 106//105 75//105 74//105
f 107//106 76//106 75//106
f 76//107 109//107 77//107
f 109//108 78//108 77//108
f 78//109 111//109 79//109
f 111//110 80//110 79//110
f 80//111 113//111 81//111
f 81//112 114//112 82//112
f 114//113 83//113 82//113
f 115//114 84//114 83//114
f 84//115 117//115 85//115
f 117//116 86//116 85//116
f 86//117 119//117 87//117
f 119//118 88//118 87//118
f 88//119 121//119 89//119
f 89//120 122//120 90//120
f 122//121 91//121 90//121
f 123//122 92//122 91//122
f 92//123 125//123 93//123
f 125//124 94//124 93//124
f 94//125 127//125 95//125
f 127//126 96//126 95//126
f 96//127 129//127 97//127
f 97//128 98//128 66//128
f 130//129 99//129 98//129
f 99//130 132//130 100//130
f 132//131 101//131 100//131
f 133//132 102//132 101//132
f 102//133 135//133 103//133
f 103//134 136//134 104//134
f 136//135 105//135 104//135
f 105//136 138//136 106//136
f 138//137 107//137 106//137
f 107//138 140//138 108//138
f 140//139 109//139 108//139
f 141//140 110//140 109//140
f 110//141 143//141 111//141
f 111//142 144//142 112//142
f 144//143 113//143 112//143
f 113//144 146//144 114//144
f 146//145 115//145 114//145
f 115//146 148//146 116//146
f 148//147 117//147 116//147
f 149//148 118//148 117//148
f 118//149 151//149 119//149
f 119//150 152//150 120//150
f 152//151 121//151 120//151
f 121//152 154//152 122//152
f 154//153 123//153 122//153
f 123//154 156//154 124//154
f 156//155 125//155 124//155
f 157//156 126//156 125//156
f 126//157 159//157 127//157
f 127//158 160//158 128//158
f 160//159 129//159 128//159
f 129//160 130//160 98//160
f 162//161 131//161 130//161
f 131//162 164//162 132//162
f 164//163 133//163 132//163
f 165//164 134//164 133//164
f 134//165 167//165 135//165
f 135//166 168//166 136//166
f 168//167 137//167 136//167
f 137//168 170//168 138//168
f 170//169 139//169 138//169
f 139//170 172//170 140//170
f 172//171 141//171 140//171
f 173//172 142//172 141//172
f 142//173 175//173 143//173
f 143//174 176//174 144//174
f 176//175 145//175 144//175
f 145//176 178//176 146//176
f 178//177 147//177 146//177
f 147//178 180//178 148//178
f 180//179 149//179 148//179
f 181//180 150//180 149//180
f 150//181 183//181 151//181
f 151//182 184//182 152//182
f 184//183 153//183 152//183
f 153//184 186//184 154//184
f 186//185 155//185 154//185
f 155//186 188//186 156//186
f 188//187 157//187 156//187
f 189//188 158//188 157//188
f 158//189 191//189 159//189
f 159//190 192//190 160//190
f 192//191 161//191 160//191
f 161//192 162//192 130//192
f 162//193 195//193 163//193
f 195//194 164//194 163//194
f 196//195 165//195 164//195
f 165//196 198//196 166//196
f 198//197 167//197 166//197
f 167//198 200//198 168//198
f 168//199 201//199 169//199
f 201//200 170//200 169//200
f 170//201 203//201 171//201
f 203//202 172//202 171//202
f 204//203 173//203 172//203
f 173//204 206//204 174//204
f 206//205 175//205 174//205
f 175//206 208//206 176//206
f 176//207 209//207 177//207
f 209//208 178//208 177//208
f 178//209 211//209 179//209
f 211//210 180//210 179//210
f 212//211 181//211 180//211
f 181//212 214//212 182//212
f 214//213 183//213 182//213
f 183//214 216//214 184//214
f 184//215 217//215 185//215
f 217//216 186//216 185//216
f 186//217 219//217 187//217
f 219//218 188//218 187//218
f 220//219 189//219 188//219
f 189//220 222//220 190//220
f 222//221 191//221 190//221
f 191//222 224//222 192//222
f 192//223 225//223 193//223
f 225//224 162//224 193//224
f 194//225 227//225 195//225
f 195//226 228//226 196//226
f 196//227 229//227 197//227
f 197//228 230//228 198//228
f 230//229 199//229 198//229
f 231//230 200//230 199//230
f 232//231 201//231 200//231
f 233//232 202//232 201//232
f 202//233 235//233 203//233
f 203//234 236//234 204//234
f 204//235 237//235 205//235
f 205//236 238//236 206//236
f 238//237 207//237 206//237
f 239//238 208//238 207//238
f 240//239 209//239 208//239
f 241//240 210//240 209//240
f 210//241 243//241 211//241
f 211//242 244//242 212//242
f 212//243 245//243 213//243
f 213//244 246//244 214//244
f 246//245 215//245 214//245
f 247//246 216//246 215//246
f 248//247 217//247 216//247
f 249//248 218//248 217//248
f 218//249 251//249 219//249
f 219//250 252//250 220//250
f 220//251 253//251 221//251
f 221//252 254//252 222//252
f 254//253 223//253 222//253
f 255//254 224//254 223//254
f 256//255 225//255 224//255
f 257//256 194//256 225//256
f 226//257 259//257 227//257
f 259//258 228//258 227//258
f 260//259 229//259 228//259
f 261//260 230//260 229//260
f 230//261 263//261 231//261
f 231//262 264//262 232//262
f 232//263 265//263 233//263
f 265//264 234//264 233//264
f 234//265 267//265 235//265
f 267//266 236//266 235//266
f 268//267 237//267 236//267
f 269//268 238//268 237//268
f 238//269 271//269 239//269
f 239//270 272//270 240//270
f 240//271 273//271 241//271
f 273//272 242//272 241//272
f 242//273 275//273 243//273
f 275//274 244//274 243//274
f 276//275 245//275 244//275
f 277//276 246//276 245//276
f 246//277 279//277 247//277
f 247//278 280//278 248//278
f 248//279 281//279 249//279
f 281//280 250//280 249//280
f 250//281 283//281 251//281
f 283//282 252//282 251//282
f 284//283 253//283 252//283
f 285//284 254//284 253//284
f 254//285 287//285 255//285
f 255//286 288//286 256//286
f 256//287 289//287 257//287
f 289//288 226//288 257//288
f 290//289 259//289 258//289
f 259//290 292//290 260//290
f 260//291 293//291 261//291
f 261//292 294//292 262//292
f 294//293 263//293 262//293
f 295//294 264//294 263//294
f 296//295 265//295 264//295
f 265//296 298//296 266//296
f 298//297 267//297 266//297
f 267//298 300//298 268//298
f 268//299 301//299 269//299
f 269//300 302//300 270//300
f 302//301 271//301 270//301
f 303//302 272//302 271//302
f 304//303 273//303 272//303
f 273//304 306//304 274//304
f 306//305 275//305 274//305
f 275//306 308//306 276//306
f 276//307 309//307 277//307
f 277//308 310//308 278//308
f 310//309 279//309 278//309
f 311//310 280//310 279//310
f 312//311 281//311 280//311
f 281//312 314//312 282//312
f 314//313 283//313 282//313
f 283//314 316//314 284//314
f 284//315 317//315 285//315
f 285//316 318//316 286//316
f 318//317 287//317 286//317
f 319//318 288//318 287//318
f 320//319 289//319 288//319
f 289//320 290//320 258//320
f 290//321 323//321 291//321
f 291//322 324//322 292//322
f 324//323 293//323 292//323
f 325//324 294//324 293//324
f 294//325 327//325 295//325
f 295//326 328//326 296//326
f 328//327 297//327 296//327
f 329//328 298//328 297//328
f 298//329 331//329 299//329
f 299//330 332//330 300//330
f 332//331 301//331 300//331
f 333//332 302//332 301//332
f 302//333 335//333 303//333
f 303//334 336//334 304//334
f 336//335 305//335 304//335
f 337//336 306//336 305//336
f 306//337 339//337 307//337
f 307//338 340//338 308//338
f 340//339 309//339 308//339
f 341//340 310//340 309//340
f 310//341 343//341 311//341
f 311//342 344//342 312//342
f 344//343 313//343 312//343
f 345//344 314//344 313//344
f 314//345 347//345 315//345
f 315//346 348//346 316//346
f 348//347 317//347 316//347
f 349//348 318//348 317//348
f 318//349 351//349 319//349
f 319//350 352//350 320//350
f 352//351 321//351 320//351
f 353//352 290//352 321//352
f 322//353 355//353 323//353
f 323//354 356//354 324//354
f 324//355 357//355 325//355
f 357//356 326//356 325//356
f 326//357 359//357 327//357
f 359//358 328//358 327//358
f 360//359 329//359 328//359
f 361//360 330//360 329//360
f 330//361 363//361 331//361
f 331//362 364//362 332//362
f 332//363 365//363 333//363
f 365//364 334//364 333//364
f 334//365 367//365 335//365
f 367//366 336//366 335//366
f 368//367 337//367 336//367
f 369//368 338//368 337//368
f 338//369 371//369 339//369
f 339//370 372//370 340//370
f 340//371 373//371 341//371
f 373//372 342//372 341//372
f 342//373 375//373 343//373
f 375//374 344//374 343//374
f 376//375 345//375 344//375
f 377//376 346//376 345//376
f 346//377 379//377 347//377
f 347//378 380//378 348//378
f 348//379 381//379 349//379
f 381//380 350//380 349//380
f 350//381 383//381 351//381
f 383//382 352//382 351//382
f 384//383 353//383 352//383
f 385//384 322//384 353//384
f 386//385 355//385 354//385
f 387//386 356//386 355//386
f 388//387 357//387 356//387
f 357//388 390//388 358//388
f 390//389 359//389 358//389
f 359//390 392//390 360//390
f 360//391 393//391 361//391
f 361//392 394//392 362//392
f 394//393 363//393 362//393
f 395//394 364//394 363//394
f 396//395 365//395 364//395
f 365//396 398//396 366//396
f 398//397 367//397 366//397
f 367//398 400//398 368//398
f 368//399 401//399 369//399
f 369//400 402//400 370//400
f 402//401 371//401 370//401
f 403//402 372//402 371//402
f 404//403 373//403 372//403
f 373//404 406//404 374//404
f 406//405 375//405 374//405
f 375//406 408//406 376//406
f 376//407 409//407 377//407
f 377//408 410//408 378//408
f 410//409 379//409 378//409
f 411//410 380//410 379//410
f 412//411 381//411 380//411
f 381//412 414//412 382//412
f 414//413 383//413 382//413
f 383//414 416//414 384//414
f 384//415 417//415 385//415
f 385//416 386//416 354//416
f 386//417 419//417 387//417
f 387//418 420//418 388//418
f 388//419 421//419 389//419
f 421//420 390//420 389//420
f 390//421 423//421 391//421
f 423//422 392//422 391//422
f 424//423 393//423 392//423
f 425//424 394//424 393//424
f 394//425 427//425 395//425
f 395//426 428//426 396//426
f 396//427 429//427 397//427
f 429//428 398//428 397//428
f 398//429 431//429 399//429
f 431//430 400//430 399//430
f 432//431 401//431 400//431
f 433//432 402//432 401//432
f 402//433 435//433 403//433
f 403//434 436//434 404//434
f 404//435 437//435 405//435
f 437//436 406//436 405//436
f 406//437 439//437 407//437
f 439//438 408//438 407//438
f 440//439 409//439 408//439
f 441//440 410//440 409//440
f 410//441 443//441 411//441
f 411//442 444//442 412//442
f 412//443 445//443 413//443
f 445//444 414//444 413//444
f 414//445 447//445 415//445
f 447//446 416//446 415//446
f 448//447 417//447 416//447
f 449//448 386//448 417//448
f 450//449 419//449 418//449
f 451//450 420//450 419//450
f 420//451 453//451 421//451
f 453//452 422//452 421//452
f 422//453 455//453 423//453
f 455//454 424//454 423//454
f 424//455 457//455 425//455
f 425//456 458//456 426//456
f 458//457 427//457 426//457
f 459//458 428//458 427//458
f 428//459 461//459 429//459
f 461//460 430//460 429//460
f 430//461 463//461 431//461
f 463//462 432//462 431//462
f 432//463 465//463 433//463
f 433//464 466//464 434//464
f 466//465 435//465 434//465
f 467//466 436//466 435//466
f 436//467 469//467 437//467
f 469//468 438//468 437//468
f 438//469 471//469 439//469
f 471//470 440//470 439//470
f 440//471 473//471 441//471
f 441//472 474//472 442//472
f 474//473 443//473 442//473
f 475//474 444//474 443//474
f 444//475 477//475 445//475
f 477//476 446//476 445//476
f 446//477 479//477 447//477
f 479//478 448//478 447//478
f 448//479 481//479 449//479
f 449//480 450//480 418//480
f 482//481 451//481 450//481
f 451//482 484//482 452//482
f 452//483 485//483 453//483
f 453//484 486//484 454//484
f 486//485 455//485 454//485
f 487//486 456//486 455//486
f 488//487 457//487 456//487
f 457//488 490//488 458//488
f 490//489 459//489 458//489
f 459//490 492//490 460//490
f 460//491 493//491 461//491
f 461//492 494//492 462//492
f 494//493 463//493 462//493
f 495//494 464//494 463//494
f 496//495 465//495 464//495
f 465//496 498//496 466//496
f 498//497 467//497 466//497
f 467//498 500//498 468//498
f 468//499 501//499 469//499
f 469//500 502//500 470//500
f 502//501 471//501 470//501
f 503//502 472//502 471//502
f 504//503 473//503 472//503
f 473//504 506//504 474//504
f 506//505 475//505 474//505
f 475//506 508//506 476//506
f 476//507 509//507 477//507
f 477//508 510//508 478//508
f 510//509 479//509 478//509
f 511//510 480//510 479//510
f 512//511 481//511 480//511
f 481//512 482//512 450//512
f 514//513 483//513 482//513
f 515//514 484//514 483//514
f 516//515 485//515 484//515
f 517//516 486//516 485//516
f 486//517 519//517 487//517
f 487//518 520//518 488//518
f 488//519 521//519 489//519
f 489//520 522//520 490//520
f 522//521 491//521 490//521
f 523//522 492//522 491//522
f 524//523 493//523 492//523
f 525//524 494//524 493//524
f 494//525 527//525 495//525
f 495//526 528//526 496//526
f 496//527 529//527 497//527
f 497//528 530//528 498//528
f 530//529 499//529 498//529
f 531//530 500//530 499//530
f 532//531 501//531 500//531
f 533//532 502//532 501//532
f 502//533 535//533 503//533
f 503//534 536//534 504//534
f 504//535 537//535 505//535
f 505//536 538//536 506//536
f 538//537 507//537 506//537
f 539//538 508//538 507//538
f 540//539 509//539 508//539
f 541//540 510//540 509//540
f 510//541 543//541 511//541
f 511//542 544//542 512//542
f 512//543 545//543 513//543
f 513//544 514//544 482//544
f 514//545 547//545 515//545
f 547//546 516//546 515//546
f 516//547 549//547 517//547
f 517//548 550//548 518//548
f 550//549 519//549 518//549
f 551//550 520//550 519//550
f 520//551 553//551 521//551
f 553//552 522//552 521//552
f 522//553 555//553 523//553
f 555//554 524//554 523//554
f 524//555 557//555 525//555
f 525//556 558//556 526//556
f 558//557 527//557 526//557
f 559//558 528//558 527//558
f 528//559 561//559 529//559
f 561//560 530//560 529//560
f 530//561 563//561 531//561
f 563//562 532//562 531//562
f 532//563 565//563 533//563
f 533//564 566//564 534//564
f 566//565 535//565 534//565
f 567//566 536//566 535//566
f 536//567 569//567 537//567
f 569//568 538//568 537//568
f 538//569 571//569 539//569
f 571//570 540//570 539//570
f 540//571 573//571 541//571
f 541//572 574//572 542//572
f 574//573 543//573 542//573
f 575//574 544//574 543//574
f 544//575 577//575 545//575
f 577//576 514//576 545//576
f 578//577 547//577 546//577
f 547//578 580//578 548//578
f 548//579 581//579 549//579
f 549//580 582//580 550//580
f 582//581 551//581 550//581
f 583//582 552//582 551//582
f 584//583 553//583 552//583
f 553//584 586//584 554//584
f 586//585 555//585 554//585
f 555//586 588//586 556//586
f 556//587 589//587 557//587
f 557//588 590//588 558//588
f 590//589 559//589 558//589
f 591//590 560//590 559//590
f 592//591 561//591 560//591
f 561//592 594//592 562//592
f 594//593 563//593 562//593
f 563//594 596//594 564//594
f 564//595 597//595 565//595
f 565//596 598//596 566//596
f 598//597 567//597 566//597
f 599//598 568//598 567//598
f 600//599 569//599 568//599
f 569//600 602//600 570//600
f 602//601 571//601 570//601
f 571//602 604//602 572//602
f 572//603 605//603 573//603
f 573//604 606//604 574//604
f 606//605 575//605 574//605
f 607//606 576//606 575//606
f 608//607 577//607 576//607
f 577//608 578//608 546//608
f 610//609 579//609 578//609
f 611//610 580//610 579//610
f 612//611 581//611 580//611
f 613//612 582//612 581//612
f 582//613 615//613 583//613
f 583//614 616//614 584//614
f 584//615 617//615 585//615
f 585//616 618//616 586//616
f 618//617 587//617 586//617
f 619//618 588//618 587//618
f 620//619 589//619 588//619
f 621//620 590//620 589//620
f 590//621 623//621 591//621
f 591//622 624//622 592//622
f 592//623 625//623 593//623
f 593//624 626//624 594//624
f 626//625 595//625 594//625
f 627//626 596//626 595//626
f 628//627 597//627 596//627
f 629//628 598//628 597//628
f 598//629 631//629 599//629
f 599//630 632//630 600//630
f 600//631 633//631 601//631
f 601//632 634//632 602//632
f 634//633 603//633 602//633
f 635//634 604//634 603//634
f 636//635 605//635 604//635
f 637//636 606//636 605//636
f 606//637 639//637 607//637
f 607//638 640//638 608//638
f 608//639 641//639 609//639
f 609//640 610//640 578//640
f 610//641 643//641 611//641
f 611//642 644//642 612//642
f 612//643 645//643 613//643
f 613//644 646//644 614//644
f 646//645 615//645 614//645
f 647//646 616//646 615//646
f 648//647 617//647 616//647
f 649//648 618//648 617//648
f 618//649 651//649 619//649
f 619//650 652//650 620//650
f 620//651 653//651 621//651
f 621//652 654//652 622//652
f 654//653 623//653 622//653
f 655//654 624//654 623//654
f 656//655 625//655 624//655
f 657//656 626//656 625//656
f 626//657 659//657 627//657
f 627//658 660//658 628//658
f 628//659 661//659 629//659
f 629//660 662//660 630//660
f 662//661 631//661 630//661
f 663//662 632//662 631//662
f 664//663 633//663 632//663
f 665//664 634//664 633//664
f 634//665 667//665 635//665
f 635//666 668//666 636//666
f 636//667 669//667 637//667
f 637//668 670//668 638//668
f 670//669 639//669 638//669
f 671//670 640//670 639//670
f 672//671 641//671 640//671
f 673//672 610//672 641//672
f 642//673 675//673 643//673
f 643//674 676//674 644//674
f 676//675 645//675 644//675
f 677//676 646//676 645//676
f 646//677 679//677 647//677
f 647//678 680//678 648//678
f 680//679 649//679 648//679
f 681//680 650//680 649//680
f 650//681 683//681 651//681
f 651//682 684//682 652//682
f 684//683 653//683 652//683
f 685//684 654//684 653//684
f 654//685 687//685 655//685
f 655//686 688//686 656//686
f 688//687 657//687 656//687
f 689//688 658//688 657//688
f 658//689 691//689 659//689
f 659//690 692//690 660//690
f 692//691 661//691 660//691
f 693//692 662//692 661//692
f 662//693 695//693 663//693
f 663//694 696//694 664//694
f 696//695 665//695 664//695
f 697//696 666//696 665//696
f 666//697 699//697 667//697
f 667//698 700//698 668//698
f 700//699 669//699 668//699
f 701//700 670//700 669//700
f 670//701 703//701 671//701
f 671//702 704//702 672//702
f 704//703 673//703 672//703
f 705//704 642//704 673//704
f 706//705 675//705 674//705
f 675//706 708//706 676//706
f 676//707 709//707 677//707
f 677//708 710//708 678//708
f 710//709 679//709 678//709
f 711//710 680//710 679//710
f 712//711 681//711 680//711
f 713//712 682//712 681//712
f 714//713 683//713 682//713
f 683//714 716//714 684//714
f 684//715 717//715 685//715
f 685//716 718//716 686//716
f 718//717 687//717 686//717
f 719//718 688//718 687//718
f 720//719 689//719 688//719
f 721//720 690//720 689//720
f 722//721 691//721 690//721
f 691//722 724//722 692//722
f 692//723 725//723 693//723
f 693//724 726//724 694//724
f 726//725 695//725 694//725
f 727//726 696//726 695//726
f 728//727 697//727 696//727
f 729//728 698//728 697//728
f 730//729 699//729 698//729
f 699//730 732//730 700//730
f 700//731 733//731 701//731
f 701//732 734//732 702//732
f 734//733 703//733 702//733
f 735//734 704//734 703//734
f 736//735 705//735 704//735
f 737//736 674//736 705//736
f 706//737 739//737 707//737
f 707//738 740//738 708//738
f 740//739 709//739 708//739
f 741//740 710//740 709//740
f 742//741 711//741 710//741
f 711//742 744//742 712//742
f 744//743 713//743 712//743
f 745//744 714//744 713//744
f 714//745 747//745 715//745
f 715//746 748//746 716//746
f 748//747 717//747 716//747
f 749//748 718//748 717//748
f 750//749 719//749 718//749
f 719//750 752//750 720//750
f 752//751 721//751 720//751
f 753//752 722//752 721//752
f 722//753 755//753 723//753
f 723//754 756//754 724//754
f 756//755 725//755 724//755
f 757//756 726//756 725//756
f 758//757 727//757 726//757
f 727//758 760//758 728//758
f 760//759 729//759 728//759
f 761//760 730//760 729//760
f 730//761 763//761 731//761
f 731//762 764//762 732//762
f 764//763 733//763 732//763
f 765//764 734//764 733//764
f 766//765 735//765 734//765
f 735//766 768//766 736//766
f 768//767 737//767 736//767
f 769//768 706//768 737//768
f 770//769 739//769 738//769
f 771//770 740//770 739//770
f 740//771 773//771 741//771
f 741//772 774//772 742//772
f 774//773 743//773 742//773
f 775//774 744//774 743//774
f 744//775 777//775 745//775
f 745//776 778//776 746//776
f 778//777 747//777 746//777
f 779//778 748//778 747//778
f 748//779 781//779 749//779
f 749//780 782//780 750//780
f 782//781 751//781 750//781
f 783//782 752//782 751//782
f 752//783 785//783 753//783
f 753//784 786//784 754//784
f 786//785 755//785 754//785
f 787//786 756//786 755//786
f 756//787 789//787 757//787
f 757//788 790//788 758//788
f 790//789 759//789 758//789
f 791//790 760//790 759//790
f 760//791 793//791 761//791
f 761//792 794//792 762//792
f 794//793 763//793 762//793
f 795//794 764//794 763//794
f 764//795 797//795 765//795
f 765//796 798//796 766//796
f 798//797 767//797 766//797
f 799//798 768//798 767//798
f 768//799 801//799 769//799
f 769//800 770//800 738//800
f 770//801 803//801 771//801
f 771//802 804//802 772//802
f 804//803 773//803 772//803
f 805//804 774//804 773//804
f 774//805 807//805 775//805
f 775//806 808//806 776//806
f 808//807 777//807 776//807
f 809//808 778//808 777//808
f 778//809 811//809 779//809
f 779//810 812//810 780//810
f 812//811 781//811 780//811
f 813//812 782//812 781//812
f 782//813 815//813 783//813
f 783//814 816//814 784//814
f 816//815 785//815 784//815
f 817//816 786//816 785//816
f 786//817 819//817 787//817
f 787//818 820//818 788//818
f 820//819 789//819 788//819
f 821//820 790//820 789//820
f 790//821 823//821 791//821
f 791//822 824//822 792//822
f 824//823 793//823 792//823
f 825//824 794//824 793//824
f 794//825 827//825 795//825
f 795//826 828//826 796//826
f 828//827 797//827 796//827
f 829//828 798//828 797//828
f 798//829 831//829 799//829
f 799//830 832//830 800//830
f 832//831 801//831 800//831
f 833//832 770//832 801//832
f 802//833 835//833 803//833
f 803//834 836//834 804//834
f 804//835 837//835 805//835
f 837//836 806//836 805//836
f 806//837 839//837 807//837
f 839//838 808//838 807//838
f 840//839 809//839 808//839
f 841//840 810//840 809//840
f 810//841 843//841 811//841
f 811//842 844//842 812//842
f 812//843 845//843 813//843
f 845//844 814//844 813//844
f 814//845 847//845 815//845
f 847//846 816//846 815//846
f 848//847 817//847 816//847
f 849//848 818//848 817//848
f 818//849 851//849 819//849
f 819//850 852//850 820//850
f 820//851 853//851 821//851
f 853//852 822//852 821//852
f 822//853 855//853 823//853
f 855//854 824//854 823//854
f 856//855 825//855 824//855
f 857//856 826//856 825//856
f 826//857 859//857 827//857
f 827//858 860//858 828//858
f 828//859 861//859 829//859
f 861//860 830//860 829//860
f 830//861 863//861 831//861
f 863//862 832//862 831//862
f 864//863 833//863 832//863
f 865//864 802//864 833//864
f 866//865 835//865 834//865
f 867//866 836//866 835//866
f 868//867 837//867 836//867
f 837//868 870//868 838//868
f 870//869 839//869 838//869
f 839//870 872//870 840//870
f 840//871 873//871 841//871
f 841//872 874//872 842//872
f 874//873 843//873 842//873
f 875//874 844//874 843//874
f 876//875 845//875 844//875
f 845//876 878//876 846//876
f 878//877 847//877 846//877
f 847//878 880//878 848//878
f 848//879 881//879 849//879
f 849//880 882//880 850//880
f 882//881 851//881 850//881
f 883//882 852//882 851//882
f 884//883 853//883 852//883
f 853//884 886//884 854//884
f 886//885 855//885 854//885
f 855//886 888//886 856//886
f 856//887 889//887 857//887
f 857//888 890//888 858//888
f 890//889 859//889 858//889
f 891//890 860//890 859//890
f 892//891 861//891 860//891
f 861//892 894//892 862//892
f 894//893 863//893 862//893
f 863//894 896//894 864//894
f 864//895 897//895 865//895
f 865//896 866//896 834//896
f 898//897 867//897 866//897
f 899//898 868//898 867//898
f 900//899 869//899 868//899
f 901//900 870//900 869//900
f 870//901 903//901 871//901
f 903//902 872//902 871//902
f 872//903 905//903 873//903
f 873//904 906//904 874//904
f 906//905 875//905 874//905
f 907//906 876//906 875//906
f 908//907 877//907 876//907
f 909//908 878//908 877//908
f 878//909 911//909 879//909
f 911//910 880//910 879//910
f 880//911 913//911 881//911
f 881//912 914//912 882//912
f 914//913 883//913 882//913
f 915//914 884//914 883//914
f 916//915 885//915 884//915
f 917//916 886//916 885//916
f 886//917 919//917 887//917
f 919//918 888//918 887//918
f 888//919 921//919 889//919
f 889//920 922//920 890//920
f 922//921 891//921 890//921
f 923//922 892//922 891//922
f 924//923 893//923 892//923
f 925//924 894//924 893//924
f 894//925 927//925 895//925
f 927//926 896//926 895//926
f 896//927 929//927 897//927
f 897//928 898//928 866//928
f 898//929 931//929 899//929
f 931//930 900//930 899//930
f 932//931 901//931 900//931
f 901//932 934//932 902//932
f 934//933 903//933 902//933
f 903//934 936//934 904//934
f 904//935 937//935 905//935
f 937//936 906//936 905//936
f 906//937 939//937 907//937
f 939//938 908//938 907//938
f 940//939 909//939 908//939
f 909//940 942//940 910//940
f 942//941 911//941 910//941
f 911//942 944//942 912//942
f 912//943 945//943 913//943
f 945//944 914//944 913//944
f 914//945 947//945 915//945
f 947//946 916//946 915//946
f 948//947 917//947 916//947
f 917//948 950//948 918//948
f 950//949 919//949 918//949
f 919//950 952//950 920//950
f 920//951 953//951 921//951
f 953//952 922//952 921//952
f 922//953 955//953 923//953
f 955//954 924//954 923//954
f 956//955 925//955 924//955
f 925//956 958//956 926//956
f 958//957 927//957 926//957
f 927//958 960//958 928//958
f 928//959 961//959 929//959
f 961//960 898//960 929//960
f 962//961 931//961 930//961
f 931//962 964//962 932//962
f 932//963 965//963 933//963
f 933//964 966//964 934//964
f 966//965 935//965 934//965
f 967//966 936//966 935//966
f 968//967 937//967 936//967
f 937//968 970//968 938//968
f 970//969 939//969 938//969
f 939//970 972//970 940//970
f 940//971 973//971 941//971
f 941//972 974//972 942//972
f 974//973 943//973 942//973
f 975//974 944//974 943//974
f 976//975 945//975 944//975
f 945//976 978//976 946//976
f 978//977 947//977 946//977
f 947//978 980//978 948//978
f 948//979 981//979 949//979
f 949//980 982//980 950//980
f 982//981 951//981 950//981
f 983//982 952//982 951//982
f 984//983 953//983 952//983
f 953//984 986//984 954//984
f 986//985 955//985 954//985
f 955//986 988//986 956//986
f 956//987 989//987 957//987
f 957//988 990//988 958//988
f 990//989 959//989 958//989
f 991//990 960//990 959//990
f 992//991 961//991 960//991
f 961//992 962//992 930//992
f 962//993 995//993 963//993
f 995//994 964//994 963//994
f 996//995 965//995 964//995
f 965//996 998//996 966//996
f 998//997 967//997 966//997
f 967//998 1000//998 968//998
f 968//999 1001//999 969//999
f 1001//1000 970//1000 969//1000
f 970//1001 1003//1001 971//1001
f 1003//1002 972//1002 971//1002
f 1004//1003 973//1003 972//1003
f 973//1004 1006//1004 974//1004
f 1006//1005 975//1005 974//1005
f 975//1006 1008//1006 976//1006
f 976//1007 1009//1007 977//1007
f 1009//1008 978//1008 977//1008
f 978//1009 1011//1009 979//1009
f 1011//1010 980//1010 979//1010
f 1012//1011 981//1011 980//1011
f 981//1012 1014//1012 982//1012
f 1014//1013 983//1013 982//1013
f 983//1014 1016//1014 984//1014
f 984//1015 1017//1015 985//1015
f 1017//1016 986//1016 985//1016
f 986//1017 1019//1017 987//1017
f 1019//1018 988//1018 987//1018
f 1020//1019 989//1019 988//1019
f 989//1020 1022//1020 990//1020
f 1022//1021 991//1021 990//1021
f 991//1022 1024//1022 992//1022
f 992//1023 1025//1023 993//1023
f 1025//1024 962//1024 993//1024
f 1026//1025 995//1025 994//1025
f 995//1026 1028//1026 996//1026
f 1028//1027 997//1027 996//1027
f 1029//1028 998//1028 997//1028
f 998//1029 1031//1029 999//1029
f 999//1030 1032//1030 1000//1030
f 1032//1031 1001//1031 1000//1031
f 1001//1032 1034//1032 1002//1032
f 1034//1033 1003//1033 1002//1033
f 1003//1034 1036//1034 1004//1034
f 1036//1035 1005//1035 1004//1035
f 1037//1036 1006//1036 1005//1036
f 1006//1037 1039//1037 1007//1037
f 1007//1038 1040//1038 1008//1038
f 1040//1039 1009//1039 1008//1039
f 1009//1040 1042//1040 1010//1040
f 1042//1041 1011//1041 1010//1041
f 1011//1042 1044//1042 1012//1042
f 1044//1043 1013//1043 1012//1043
f 1045//1044 1014//1044 1013//1044
f 1014//1045 1047//1045 1015//1045
f 1015//1046 1048//1046 1016//1046
f 1048//1047 1017//1047 1016//1047
f 1017//1048 1050//1048 1018//1048
f 1050//1049 1019//1049 1018//1049
f 1019//1050 1052//1050 1020//1050
f 1052//1051 1021//1051 1020//1051
f 1053//1052 1022//1052 1021//1052
f 1022//1053 1055//1053 1023//1053
f 1023//1054 1056//1054 1024//1054
f 1056//1055 1025//1055 1024//1055
f 1025//1056 1026//1056 994//1056
f 1058//1057 1027//1057 1026//1057
f 1059//1058 1028//1058 1027//1058
f 1028//1059 1061//1059 1029//1059
f 1029//1060 1062//1060 1030//1060
f 1062//1061 1031//1061 1030//1061
f 1063//1062 1032//1062 1031//1062
f 1032//1063 1065//1063 1033//1063
f 1033//1064 1066//1064 1034//1064
f 1066//1065 1035//1065 1034//1065
f 1067//1066 1036//1066 1035//1066
f 1036//1067 1069//1067 1037//1067
f 1037//1068 1070//1068 1038//1068
f 1070//1069 1039//1069 1038//1069
f 1071//1070 1040//1070 1039//1070
f 1040//1071 1073//1071 1041//1071
f 1041//1072 1074//1072 1042//1072
f 1074//1073 1043//1073 1042//1073
f 1075//1074 1044//1074 1043//1074
f 1044//1075 1077//1075 1045//1075
f 1045//1076 1078//1076 1046//1076
f 1078//1077 1047//1077 1046//1077
f 1079//1078 1048//1078 1047//1078
f 1048//1079 1081//1079 1049//1079
f 1049//1080 1082//1080 1050//1080
f 1082//1081 1051//1081 1050//1081
f 1083//1082 1052//1082 1051//1082
f 1052//1083 1085//1083 1053//1083
f 1053//1084 1086//1084 1054//1084
f 1086//1085 1055//1085 1054//1085
f 1087//1086 1056//1086 1055//1086
f 1056//1087 1089//1087 1057//1087
f 1057//1088 1058//1088 1026//1088
f 1058//1089 1091//1089 1059//1089
f 1059//1090 1092//1090 1060//1090
f 1060//1091 1093//1091 1061//1091
f 1061//1092 1094//1092 1062//1092
f 1094//1093 1063//1093 1062//1093
f 1095//1094 1064//1094 1063//1094
f 1096//1095 1065//1095 1064//1095
f 1097//1096 1066//1096 1065//1096
f 1066//1097 1099//1097 1067//1097
f 1067//1098 1100//1098 1068//1098
f 1068//1099 1101//1099 1069//1099
f 1069//1100 1102//1100 1070//1100
f 1102//1101 1071//1101 1070//1101
f 1103//1102 1072//1102 1071//1102
f 1104//1103 1073//1103 1072//1103
f 1105//1104 1074//1104 1073//1104
f 1074//1105 1107//1105 1075//1105
f 1075//1106 1108//1106 1076//1106
f 1076//1107 1109//1107 1077//1107
f 1077//1108 1110//1108 1078//1108
f 1110//1109 1079//1109 1078//1109
f 1111//1110 1080//1110 1079//1110
f 1112//1111 1081//1111 1080//1111
f 1113//1112 1082//1112 1081//1112
f 1082//1113 1115//1113 1083//1113
f 1083//1114 1116//1114 1084//1114
f 1084//1115 1117//1115 1085//1115
f 1085//1116 1118//1116 1086//1116
f 1118//1117 1087//1117 1086//1117
f 1119//1118 1088//1118 1087//1118
f 1120//1119 1089//1119 1088//1119
f 1121//1120 1058//1120 1089//1120
f 1122//1121 1091//1121 1090//1121
f 1123//1122 1092//1122 1091//1122
f 1124//1123 1093//1123 1092//1123
f 1125//1124 1094//1124 1093//1124
f 1094//1125 1127//1125 1095//1125
f 1095//1126 1128//1126 1096//1126
f 1096//1127 1129//1127 1097//1127
f 1129//1128 1098//1128 1097//1128
f 1130//1129 1099//1129 1098//1129
f 1131//1130 1100//1130 1099//1130
f 1132//1131 1101//1131 1100//1131
f 1133//1132 1102//1132 1101//1132
f 1102//1133 1135//1133 1103//1133
f 1103//1134 1136//1134 1104//1134
f 1104//1135 1137//1135 1105//1135
f 1137//1136 1106//1136 1105//1136
f 1138//1137 1107//1137 1106//1137
f 1139//1138 1108//1138 1107//1138
f 1140//1139 1109//1139 1108//1139
f 1141//1140 1110//1140 1109//1140
f 1110//1141 1143//1141 1111//1141
f 1111//1142 1144//1142 1112//1142
f 1112//1143 1145//1143 1113//1143
f 1145//1144 1114//1144 1113//1144
f 1146//1145 1115//1145 1114//1145
f 1147//1146 1116//1146 1115//1146
f 1148//1147 1117//1147 1116//1147
f 1149//1148 1118//1148 1117//1148
f 1118//1149 1151//1149 1119//1149
f 1119//1150 1152//1150 1120//1150
f 1120//1151 1153//1151 1121//1151
f 1153//1152 1090//1152 1121//1152
f 1154//1153 1123//1153 1122//1153
f 1123//1154 1156//1154 1124//1154
f 1124//1155 1157//1155 1125//1155
f 1125//1156 1158//1156 1126//1156
f 1158//1157 1127//1157 1126//1157
f 1159//1158 1128//1158 1127//1158
f 1160//1159 1129//1159 1128//1159
f 1129//1160 1162//1160 1130//1160
f 1162//1161 1131//1161 1130//1161
f 1131//1162 1164//1162 1132//1162
f 1132//1163 1165//1163 1133//1163
f 1133//1164 1166//1164 1134//1164
f 1166//1165 1135//1165 1134//1165
f 1167//1166 1136//1166 1135//1166
f 1168//1167 1137//1167 1136//1167
f 1137//1168 1170//1168 1138//1168
f 1170//1169 1139//1169 1138//1169
f 1139//1170 1172//1170 1140//1170
f 1140//1171 1173//1171 1141//1171
f 1141//1172 1174//1172 1142//1172
f 1174//1173 1143//1173 1142//1173
f 1175//1174 1144//1174 1143//1174
f 1176//1175 1145//1175 1144//1175
f 1145//1176 1178//1176 1146//1176
f 1178//1177 1147//1177 1146//1177
f 1147//1178 1180//1178 1148//1178
f 1148//1179 1181//1179 1149//1179
f 1149//1180 1182//1180 1150//1180
f 1182//1181 1151//1181 1150//1181
f 1183//1182 1152//1182 1151//1182
f 1184//1183 1153//1183 1152//1183
f 1153//1184 1154//1184 1122//1184
f 1154//1185 1187//1185 1155//1185
f 1155//1186 1188//1186 1156//1186
f 1188//1187 1157//1187 1156//1187
f 1189//1188 1158//1188 1157//1188
f 1158//1189 1191//1189 1159//1189
f 1159//1190 1192//1190 1160//1190
f 1192//1191 1161//1191 1160//1191
f 1193//1192 1162//1192 1161//1192
f 1162//1193 1195//1193 1163//1193
f 1163//1194 1196//1194 1164//1194
f 1196//1195 1165//1195 1164//1195
f 1197//1196 1166//1196 1165//1196
f 1166//1197 1199//1197 1167//1197
f 1167//1198 1200//1198 1168//1198
f 1200//1199 1169//1199 1168//1199
f 1201//1200 1170//1200 1169//1200
f 1170//1201 1203//1201 1171//1201
f 1171//1202 1204//1202 1172//1202
f 1204//1203 1173//1203 1172//1203
f 1205//1204 1174//1204 1173//1204
f 1174//1205 1207//1205 1175//1205
f 1175//1206 1208//1206 1176//1206
f 1208//1207 1177//1207 1176//1207
f 1209//1208 1178//1208 1177//1208
f 1178//1209 1211//1209 1179//1209
f 1179//1210 1212//1210 1180//1210
f 1212//1211 1181//1211 1180//1211
f 1213//1212 1182//1212 1181//1212
f 1182//1213 1215//1213 1183//1213
f 1183//1214 1216//1214 1184//1214
f 1216//1215 1185//1215 1184//1215
f 1217//1216 1154//1216 1185//1216
f 1218//1217 1187//1217 1186//1217
f 1219//1218 1188//1218 1187//1218
f 1220//1219 1189//1219 1188//1219
f 1221//1220 1190//1220 1189//1220
f 1190//1221 1223//1221 1191//1221
f 1191//1222 1224//1222 1192//1222
f 1192//1223 1225//1223 1193//1223
f 1193//1224 1226//1224 1194//1224
f 1226//1225 1195//1225 1194//1225
f 1227//1226 1196//1226 1195//1226
f 1228//1227 1197//1227 1196//1227
f 1229//1228 1198//1228 1197//1228
f 1198//1229 1231//1229 1199//1229
f 1199//1230 1232//1230 1200//1230
f 1200//1231 1233//1231 1201//1231
f 1201//1232 1234//1232 1202//1232
f 1234//1233 1203//1233 1202//1233
f 1235//1234 1204//1234 1203//1234
f 1236//1235 1205//1235 1204//1235
f 1237//1236 1206//1236 1205//1236
f 1206//1237 1239//1237 1207//1237
f 1207//1238 1240//1238 1208//1238
f 1208//1239 1241//1239 1209//1239
f 1209//1240 1242//1240 1210//1240
f 1242//1241 1211//1241 1210//1241
f 1243//1242 1212//1242 1211//1242
f 1244//1243 1213//1243 1212//1243
f 1245//1244 1214//1244 1213//1244
f 1214//1245 1247//1245 1215//1245
f 1215//1246 1248//1246 1216//1246
f 1216//1247 1249//1247 1217//1247
f 1217//1248 1218//1248 1186//1248
f 1218//1249 1251//1249 1219//1249
f 1251//1250 1220//1250 1219//1250
f 1252//1251 1221//1251 1220//1251
f 1221//1252 1254//1252 1222//1252
f 1254//1253 1223//1253 1222//1253
f 1255//1254 1224//1254 1223//1254
f 1224//1255 1257//1255 1225//1255
f 1257//1256 1226//1256 1225//1256
f 1226//1257 1259//1257 1227//1257
f 1259//1258 1228//1258 1227//1258
f 1260//1259 1229//1259 1228//1259
f 1229//1260 1262//1260 1230//1260
f 1262//1261 1231//1261 1230//1261
f 1263//1262 1232//1262 1231//1262
f 1232//1263 1265//1263 1233//1263
f 1265//1264 1234//1264 1233//1264
f 1234//1265 1267//1265 1235//1265
f 1267//1266 1236//1266 1235//1266
f 1268//1267 1237//1267 1236//1267
f 1237//1268 1270//1268 1238//1268
f 1270//1269 1239//1269 1238//1269
f 1271//1270 1240//1270 1239//1270
f 1240//1271 1273//1271 1241//1271
f 1273//1272 1242//1272 1241//1272
f 1242//1273 1275//1273 1243//1273
f 1275//1274 1244//1274 1243//1274
f 1276//1275 1245//1275 1244//1275
f 1245//1276 1278//1276 1246//1276
f 1278//1277 1247//1277 1246//1277
f 1279//1278 1248//1278 1247//1278
f 1248//1279 1281//1279 1249//1279
f 1281//1280 1218//1280 1249//1280
f 1282//1281 1251//1281 1250//1281
f 1283//1282 1252//1282 1251//1282
f 1252//1283 1285//1283 1253//1283
f 1253//1284 1286//1284 1254//1284
f 1286//1285 1255//1285 1254//1285
f 1287//1286 1256//1286 1255//1286
f 1256//1287 1289//1287 1257//1287
f 1257//1288 1290//1288 1258//1288
f 1290//1289 1259//1289 1258//1289
f 1291//1290 1260//1290 1259//1290
f 1260//1291 1293//1291 1261//1291
f 1261//1292 1294//1292 1262//1292
f 1294//1293 1263//1293 1262//1293
f 1295//1294 1264//1294 1263//1294
f 1264//1295 1297//1295 1265//1295
f 1265//1296 1298//1296 1266//1296
f 1298//1297 1267//1297 1266//1297
f 1299//1298 1268//1298 1267//1298
f 1268//1299 1301//1299 1269//1299
f 1269//1300 1302//1300 1270//1300
f 1302//1301 1271//1301 1270//1301
f 1303//1302 1272//1302 1271//1302
f 1272//1303 1305//1303 1273//1303
f 1273//1304 1306//1304 1274//1304
f 1306//1305 1275//1305 1274//1305
f 1307//1306 1276//1306 1275//1306
f 1276//1307 1309//1307 1277//1307
f 1277//1308 1310//1308 1278//1308
f 1310//1309 1279//1309 1278//1309
f 1311//1310 1280//1310 1279//1310
f 1280//1311 1313//1311 1281//1311
f 1281//1312 1282//1312 1250//1312
f 1314//1313 1283//1313 1282//1313
f 1315//1314 1284//1314 1283//1314
f 1316//1315 1285//1315 1284//1315
f 1317//1316 1286//1316 1285//1316
f 1286//1317 1319//1317 1287//1317
f 1287//1318 1320//1318 1288//1318
f 1288//1319 1321//1319 1289//1319
f 1289//1320 1322//1320 1290//1320
f 1322//1321 1291//1321 1290//1321
f 1323//1322 1292//1322 1291//1322
f 1324//1323 1293//1323 1292//1323
f 1325//1324 1294//1324 1293//1324
f 1294//1325 1327//1325 1295//1325
f 1295//1326 1328//1326 1296//1326
f 1296//1327 1329//1327 1297//1327
f 1297//1328 1330//1328 1298//1328
f 1330//1329 1299//1329 1298//1329
f 1331//1330 1300//1330 1299//1330
f 1332//1331 1301//1331 1300//1331
f 1333//1332 1302//1332 1301//1332
f 1302//1333 1335//1333 1303//1333
f 1303//1334 1336//1334 1304//1334
f 1304//1335 1337//1335 1305//1335
f 1305//1336 1338//1336 1306//1336
f 1338//1337 1307//1337 1306//1337
f 1339//1338 1308//1338 1307//1338
f 1340//1339 1309//1339 1308//1339
f 1341//1340 1310//1340 1309//1340
f 1310//1341 1343//1341 1311//1341
f 1311//1342 1344//1342 1312//1342
f 1312//1343 1345//1343 1313//1343
f 1313//1344 1314//1344 1282//1344
f 1314//1345 1347//1345 1315//1345
f 1315//1346 1348//1346 1316//1346
f 1316//1347 1349//1347 1317//1347
f 1349//1348 1318//1348 1317//1348
f 1318//1349 1351//1349 1319//1349
f 1351//1350 1320//1350 1319//1350
f 1352//1351 1321//1351 1320//1351
f 1353//1352 1322//1352 1321//1352
f 1322//1353 1355//1353 1323//1353
f 1323//1354 1356//1354 1324//1354
f 1324//1355 1357//1355 1325//1355
f 1357//1356 1326//1356 1325//1356
f 1326//1357 1359//1357 1327//1357
f 1359//1358 1328//1358 1327//1358
f 1360//1359 1329//1359 1328//1359
f 1361//1360 1330//1360 1329//1360
f 1330//1361 1363//1361 1331//1361
f 1331//1362 1364//1362 1332//1362
f 1332//1363 1365//1363 1333//1363
f 1365//1364 1334//1364 1333//1364
f 1334//1365 1367//1365 1335//1365
f 1367//1366 1336//1366 1335//1366
f 1368//1367 1337//1367 1336//1367
f 1369//1368 1338//1368 1337//1368
f 1338//1369 1371//1369 1339//1369
f 1339//1370 1372//1370 1340//1370
f 1340//1371 1373//1371 1341//1371
f 1373//1372 1342//1372 1341//1372
f 1342//1373 1375//1373 1343//1373
f 1375//1374 1344//1374 1343//1374
f 1376//1375 1345//1375 1344//1375
f 1377//1376 1314//1376 1345//1376
f 1346//1377 1379//1377 1347//1377
f 1347//1378 1380//1378 1348//1378
f 1348//1379 1381//1379 1349//1379
f 1381//1380 1350//1380 1349//1380
f 1382//1381 1351//1381 1350//1381
f 1383//1382 1352//1382 1351//1382
f 1384//1383 1353//1383 1352//1383
f 1385//1384 1354//1384 1353//1384
f 1354//1385 1387//1385 1355//1385
f 1355//1386 1388//1386 1356//1386
f 1356//1387 1389//1387 1357//1387
f 1389//1388 1358//1388 1357//1388
f 1390//1389 1359//1389 1358//1389
f 1391//1390 1360//1390 1359//1390
f 1392//1391 1361//1391 1360//1391
f 1393//1392 1362//1392 1361//1392
f 1362//1393 1395//1393 1363//1393
f 1363//1394 1396//1394 1364//1394
f 1364//1395 1397//1395 1365//1395
f 1397//1396 1366//1396 1365//1396
f 1398//1397 1367//1397 1366//1397
f 1399//1398 1368//1398 1367//1398
f 1400//1399 1369//1399 1368//1399
f 1401//1400 1370//1400 1369//1400
f 1370//1401 1403//1401 1371//1401
f 1371//1402 1404//1402 1372//1402
f 1372//1403 1405//1403 1373//1403
f 1405//1404 1374//1404 1373//1404
f 1406//1405 1375//1405 1374//1405
f 1407//1406 1376//1406 1375//1406
f 1408//1407 1377//1407 1376//1407
f 1409//1408 1346//1408 1377//1408
f 1410//1409 1379//1409 1378//1409
f 1411//1410 1380//1410 1379//1410
f 1380//1411 1413//1411 1381//1411
f 1381//1412 1414//1412 1382//1412
f 1414//1413 1383//1413 1382//1413
f 1415//1414 1384//1414 1383//1414
f 1384//1415 1417//1415 1385//1415
f 1385//1416 1418//1416 1386//1416
f 1418//1417 1387//1417 1386//1417
f 1419//1418 1388//1418 1387//1418
f 1388//1419 1421//1419 1389//1419
f 1389//1420 1422//1420 1390//1420
f 1422//1421 1391//1421 1390//1421
f 1423//1422 1392//1422 1391//1422
f 1392//1423 1425//1423 1393//1423
f 1393//1424 1426//1424 1394//1424
f 1426//1425 1395//1425 1394//1425
f 1427//1426 1396//1426 1395//1426
f 1396//1427 1429//1427 1397//1427
f 1397//1428 1430//1428 1398//1428
f 1430//1429 1399//1429 1398//1429
f 1431//1430 1400//1430 1399//1430
f 1400//1431 1433//1431 1401//1431
f 1401//1432 1434//1432 1402//1432
f 1434//1433 1403//1433 1402//1433
f 1435//1434 1404//1434 1403//1434
f 1404//1435 1437//1435 1405//1435
f 1405//1436 1438//1436 1406//1436
f 1438//1437 1407//1437 1406//1437
f 1439//1438 1408//1438 1407//1438
f 1408//1439 1441//1439 1409//1439
f 1409//1440 1410//1440 1378//1440
f 1442//705 1411//705 1410//705
f 1443//706 1412//706 1411//706
f 1444//707 1413//707 1412//707
f 1445//708 1414//708 1413//708
f 1414//709 1447//709 1415//709
f 1415//710 1448//710 1416//710
f 1416//711 1449//711 1417//711
f 1417//712 1450//712 1418//712
f 1450//713 1419//713 1418//713
f 1451//714 1420//714 1419//714
f 1452//715 1421//715 1420//715
f 1453//716 1422//716 1421//716
f 1422//717 1455//717 1423//717
f 1423//718 1456//718 1424//718
f 1424//719 1457//719 1425//719
f 1425//720 1458//720 1426//720
f 1458//721 1427//721 1426//721
f 1459//722 1428//722 1427//722
f 1460//723 1429//723 1428//723
f 1461//724 1430//724 1429//724
f 1430//725 1463//725 1431//725
f 1431//726 1464//726 1432//726
f 1432//727 1465//727 1433//727
f 1433//728 1466//728 1434//728
f 1466//729 1435//729 1434//729
f 1467//730 1436//730 1435//730
f 1468//731 1437//731 1436//731
f 1469//732 1438//732 1437//732
f 1438//733 1471//733 1439//733
f 1439//734 1472//734 1440//734
f 1440//735 1473//735 1441//735
f 1441//736 1442//736 1410//736
f 1442//705 1475//705 1443//705
f 1443//706 1476//706 1444//706
f 1444//707 1477//707 1445//707
f 1477//708 1446//708 1445//708
f 1478//709 1447//709 1446//709
f 1479//710 1448//710 1447//710
f 1480//711 1449//711 1448//711
f 1481//712 1450//712 1449//712
f 1450//713 1483//713 1451//713
f 1451//714 1484//714 1452//714
f 1452//715 1485//715 1453//715
f 1485//716 1454//716 1453//716
f 1486//717 1455//717 1454//717
f 1487//718 1456//718 1455//718
f 1488//719 1457//719 1456//719
f 1489//720 1458//720 1457//720
f 1458//721 1491//721 1459//721
f 1459//722 1492//722 1460//722
f 1460//723 1493//723 1461//723
f 1493//724 1462//724 1461//724
f 1494//725 1463//725 1462//725
f 1495//726 1464//726 1463//726
f 1496//727 1465//727 1464//727
f 1497//728 1466//728 1465//728
f 1466//729 1499//729 1467//729
f 1467//730 1500//730 1468//730
f 1468//731 1501//731 1469//731
f 1501//732 1470//732 1469//732
f 1502//733 1471//733 1470//733
f 1503//734 1472//734 1471//734
f 1504//735 1473//735 1472//735
f 1505//736 1442//736 1473//736
f 1506//1441 1475//1441 1474//1441
f 1507//1442 1476//1442 1475//1442
f 1508//1443 1477//1443 1476//1443
f 1509//1444 1478//1444 1477//1444
f 1478//1445 1511//1445 1479//1445
f 1479//1446 1512//1446 1480//1446
f 1480//1447 1513//1447 1481//1447
f 1481//1448 1514//1448 1482//1448
f 1514//1449 1483//1449 1482//1449
f 1515//1450 1484//1450 1483//1450
f 1516//1451 1485//1451 1484//1451
f 1517//1452 1486//1452 1485//1452
f 1486//1453 1519//1453 1487//1453
f 1487//1454 1520//1454 1488//1454
f 1488//1455 1521//1455 1489//1455
f 1489//1456 1522//1456 1490//1456
f 1522//1457 1491//1457 1490//1457
f 1523//1458 1492//1458 1491//1458
f 1524//1459 1493//1459 1492//1459
f 1525//1460 1494//1460 1493//1460
f 1494//1461 1527//1461 1495//1461
f 1495//1462 1528//1462 1496//1462
f 1496//1463 1529//1463 1497//1463
f 1497//1464 1530//1464 1498//1464
f 1530//1465 1499//1465 1498//1465
f 1531//1466 1500//1466 1499//1466
f 1532//1467 1501//1467 1500//1467
f 1533//1468 1502//1468 1501//1468
f 1502//1469 1535//1469 1503//1469
f 1503//1470 1536//1470 1504//1470
f 1504//1471 1537//1471 1505//1471
f 1505//1472 1506//1472 1474//1472
f 1520//1473 1528//1473 1536//1473
f 34//33 35//33 3//33
f 35//34 36//34 4//34
f 36//35 37//35 5//35
f 37//36 38//36 6//36
f 6//37 38//37 39//37
f 7//38 39//38 40//38
f 8//1474 40//1474 41//1474
f 9//1475 41//1475 42//1475
f 42//1476 43//1476 11//1476
f 43//42 44//42 12//42
f 44//43 45//43 13//43
f 45//44 46//44 14//44
f 14//45 46//45 47//45
f 15//46 47//46 48//46
f 16//47 48//47 49//47
f 17//48 49//48 50//48
f 50//49 51//49 19//49
f 51//50 52//50 20//50
f 52//51 53//51 21//51
f 53//52 54//52 22//52
f 22//53 54//53 55//53
f 23//54 55//54 56//54
f 24//1477 56//1477 57//1477
f 25//1478 57//1478 58//1478
f 58//1479 59//1479 27//1479
f 59//58 60//58 28//58
f 60//59 61//59 29//59
f 61//60 62//60 30//60
f 30//61 62//61 63//61
f 31//62 63//62 64//62
f 32//63 64//63 65//63
f 33//64 65//64 34//64
f 66//65 67//65 35//65
f 67//66 68//66 36//66
f 36//67 68//67 69//67
f 37//68 69//68 70//68
f 70//69 71//69 39//69
f 71//70 72//70 40//70
f 40//71 72//71 73//71
f 41//72 73//72 74//72
f 74//73 75//73 43//73
f 75//74 76//74 44//74
f 44//75 76//75 77//75
f 45//76 77//76 78//76
f 78//77 79//77 47//77
f 79//78 80//78 48//78
f 48//79 80//79 81//79
f 49//80 81//80 82//80
f 82//81 83//81 51//81
f 83//82 84//82 52//82
f 52//83 84//83 85//83
f 53//84 85//84 86//84
f 86//85 87//85 55//85
f 87//86 88//86 56//86
f 56//87 88//87 89//87
f 57//88 89//88 90//88
f 90//89 91//89 59//89
f 91//90 92//90 60//90
f 60//91 92//91 93//91
f 61//92 93//92 94//92
f 94//93 95//93 63//93
f 95//94 96//94 64//94
f 64//95 96//95 97//95
f 65//96 97//96 66//96
f 98//97 99//97 67//97
f 99//98 100//98 68//98
f 68//99 100//99 101//99
f 101//100 102//100 70//100
f 70//101 102//101 103//101
f 103//102 104//102 72//102
f 72//103 104//103 105//103
f 73//104 105//104 106//104
f 106//105 107//105 75//105
f 107//106 108//106 76//106
f 76//107 108//107 109//107
f 109//108 110//108 78//108
f 78//109 110//109 111//109
f 111//110 112//110 80//110
f 80//111 112//111 113//111
f 81//112 113//112 114//112
f 114//113 115//113 83//113
f 115//114 116//114 84//114
f 84//115 116//115 117//115
f 117//116 118//116 86//116
f 86//117 118//117 119//117
f 119//118 120//118 88//118
f 88//119 120//119 121//119
f 89//120 121//120 122//120
f 122//121 123//121 91//121
f 123//122 124//122 92//122
f 92//123 124//123 125//123
f 125//124 126//124 94//124
f 94//125 126//125 127//125
f 127//126 128//126 96//126
f 96//127 128//127 129//127
f 97//128 129//128 98//128
f 130//129 131//129 99//129
f 99//130 131//130 132//130
f 132//131 133//131 101//131
f 133//132 134//132 102//132
f 102//133 134//133 135//133
f 103//134 135//134 136//134
f 136//135 137//135 105//135
f 105//136 137//136 138//136
f 138//137 139//137 107//137
f 107//138 139//138 140//138
f 140//139 141//139 109//139
f 141//140 142//140 110//140
f 110//141 142//141 143//141
f 111//142 143//142 144//142
f 144//143 145//143 113//143
f 113//144 145//144 146//144
f 146//145 147//145 115//145
f 115//146 147//146 148//146
f 148//147 149//147 117//147
f 149//148 150//148 118//148
f 118//149 150//149 151//149
f 119//150 151//150 152//150
f 152//151 153//151 121//151
f 121//152 153//152 154//152
f 154//153 155//153 123//153
f 123//154 155//154 156//154
f 156//155 157//155 125//155
f 157//156 158//156 126//156
f 126//157 158//157 159//157
f 127//158 159//158 160//158
f 160//159 161//159 129//159
f 129//160 161//160 130//160
f 162//161 163//161 131//161
f 131//1480 163//1480 164//1480
f 164//163 165//163 133//163
f 165//164 166//164 134//164
f 134//165 166//165 167//165
f 135//166 167//166 168//166
f 168//167 169//167 137//167
f 137//168 169//168 170//168
f 170//169 171//169 139//169
f 139//170 171//170 172//170
f 172//171 173//171 141//171
f 173//172 174//172 142//172
f 142//173 174//173 175//173
f 143//174 175//174 176//174
f 176//1481 177//1481 145//1481
f 145//176 177//176 178//176
f 178//177 179//177 147//177
f 147//1482 179//1482 180//1482
f 180//179 181//179 149//179
f 181//180 182//180 150//180
f 150//181 182//181 183//181
f 151//182 183//182 184//182
f 184//183 185//183 153//183
f 153//184 185//184 186//184
f 186//185 187//185 155//185
f 155//186 187//186 188//186
f 188//187 189//187 157//187
f 189//188 190//188 158//188
f 158//189 190//189 191//189
f 159//190 191//190 192//190
f 192//1483 193//1483 161//1483
f 161//192 193//192 162//192
f 162//193 194//193 195//193
f 195//194 196//194 164//194
f 196//195 197//195 165//195
f 165//196 197//196 198//196
f 198//197 199//197 167//197
f 167//198 199//198 200//198
f 168//199 200//199 201//199
f 201//1484 202//1484 170//1484
f 170//1485 202//1485 203//1485
f 203//202 204//202 172//202
f 204//203 205//203 173//203
f 173//204 205//204 206//204
f 206//205 207//205 175//205
f 175//206 207//206 208//206
f 176//207 208//207 209//207
f 209//208 210//208 178//208
f 178//209 210//209 211//209
f 211//210 212//210 180//210
f 212//211 213//211 181//211
f 181//212 213//212 214//212
f 214//213 215//213 183//213
f 183//214 215//214 216//214
f 184//215 216//215 217//215
f 217//1486 218//1486 186//1486
f 186//1487 218//1487 219//1487
f 219//218 220//218 188//218
f 220//219 221//219 189//219
f 189//220 221//220 222//220
f 222//221 223//221 191//221
f 191//222 223//222 224//222
f 192//223 224//223 225//223
f 225//224 194//224 162//224
f 194//225 226//225 227//225
f 195//226 227//226 228//226
f 196//227 228//227 229//227
f 197//228 229//228 230//228
f 230//229 231//229 199//229
f 231//230 232//230 200//230
f 232//231 233//231 201//231
f 233//232 234//232 202//232
f 202//233 234//233 235//233
f 203//234 235//234 236//234
f 204//235 236//235 237//235
f 205//236 237//236 238//236
f 238//237 239//237 207//237
f 239//238 240//238 208//238
f 240//239 241//239 209//239
f 241//240 242//240 210//240
f 210//241 242//241 243//241
f 211//242 243//242 244//242
f 212//243 244//243 245//243
f 213//244 245//244 246//244
f 246//245 247//245 215//245
f 247//246 248//246 216//246
f 248//247 249//247 217//247
f 249//248 250//248 218//248
f 218//249 250//249 251//249
f 219//250 251//250 252//250
f 220//251 252//251 253//251
f 221//252 253//252 254//252
f 254//253 255//253 223//253
f 255//254 256//254 224//254
f 256//255 257//255 225//255
f 257//256 226//256 194//256
f 226//1488 258//1488 259//1488
f 259//258 260//258 228//258
f 260//259 261//259 229//259
f 261//260 262//260 230//260
f 230//261 262//261 263//261
f 231//262 263//262 264//262
f 232//263 264//263 265//263
f 265//264 266//264 234//264
f 234//265 266//265 267//265
f 267//266 268//266 236//266
f 268//267 269//267 237//267
f 269//268 270//268 238//268
f 238//269 270//269 271//269
f 239//270 271//270 272//270
f 240//271 272//271 273//271
f 273//1489 274//1489 242//1489
f 242//1490 274//1490 275//1490
f 275//274 276//274 244//274
f 276//275 277//275 245//275
f 277//276 278//276 246//276
f 246//277 278//277 279//277
f 247//278 279//278 280//278
f 248//279 280//279 281//279
f 281//280 282//280 250//280
f 250//281 282//281 283//281
f 283//282 284//282 252//282
f 284//283 285//283 253//283
f 285//284 286//284 254//284
f 254//285 286//285 287//285
f 255//286 287//286 288//286
f 256//287 288//287 289//287
f 289//1491 258//1491 226//1491
f 290//289 291//289 259//289
f 259//290 291//290 292//290
f 260//291 292//291 293//291
f 261//292 293//292 294//292
f 294//293 295//293 263//293
f 295//294 296//294 264//294
f 296//295 297//295 265//295
f 265//1492 297//1492 298//1492
f 298//1493 299//1493 267//1493
f 267//298 299//298 300//298
f 268//299 300//299 301//299
f 269//300 301//300 302//300
f 302//301 303//301 271//301
f 303//302 304//302 272//302
f 304//303 305//303 273//303
f 273//304 305//304 306//304
f 306//305 307//305 275//305
f 275//306 307//306 308//306
f 276//307 308//307 309//307
f 277//308 309//308 310//308
f 310//309 311//309 279//309
f 311//310 312//310 280//310
f 312//311 313//311 281//311
f 281//1494 313//1494 314//1494
f 314//1495 315//1495 283//1495
f 283//314 315//314 316//314
f 284//315 316//315 317//315
f 285//316 317//316 318//316
f 318//317 319//317 287//317
f 319//318 320//318 288//318
f 320//319 321//319 289//319
f 289//320 321//320 290//320
f 290//321 322//321 323//321
f 291//322 323//322 324//322
f 324//323 325//323 293//323
f 325//324 326//324 294//324
f 294//325 326//325 327//325
f 295//326 327//326 328//326
f 328//327 329//327 297//327
f 329//328 330//328 298//328
f 298//329 330//329 331//329
f 299//330 331//330 332//330
f 332//331 333//331 301//331
f 333//332 334//332 302//332
f 302//333 334//333 335//333
f 303//334 335//334 336//334
f 336//335 337//335 305//335
f 337//336 338//336 306//336
f 306//337 338//337 339//337
f 307//338 339//338 340//338
f 340//339 341//339 309//339
f 341//340 342//340 310//340
f 310//341 342//341 343//341
f 311//342 343//342 344//342
f 344//343 345//343 313//343
f 345//344 346//344 314//344
f 314//345 346//345 347//345
f 315//346 347//346 348//346
f 348//347 349//347 317//347
f 349//348 350//348 318//348
f 318//349 350//349 351//349
f 319//350 351//350 352//350
f 352//351 353//351 321//351
f 353//352 322//352 290//352
f 322//353 354//353 355//353
f 323//1496 355//1496 356//1496
f 324//355 356//355 357//355
f 357//356 358//356 326//356
f 326//357 358//357 359//357
f 359//358 360//358 328//358
f 360//1497 361//1497 329//1497
f 361//360 362//360 330//360
f 330//361 362//361 363//361
f 331//1498 363//1498 364//1498
f 332//363 364//363 365//363
f 365//364 366//364 334//364
f 334//365 366//365 367//365
f 367//366 368//366 336//366
f 368//1499 369//1499 337//1499
f 369//368 370//368 338//368
f 338//369 370//369 371//369
f 339//1500 371//1500 372//1500
f 340//371 372//371 373//371
f 373//372 374//372 342//372
f 342//373 374//373 375//373
f 375//374 376//374 344//374
f 376//1501 377//1501 345//1501
f 377//376 378//376 346//376
f 346//377 378//377 379//377
f 347//1502 379//1502 380//1502
f 348//379 380//379 381//379
f 381//380 382//380 350//380
f 350//381 382//381 383//381
f 383//382 384//382 352//382
f 384//1503 385//1503 353//1503
f 385//384 354//384 322//384
f 386//385 387//385 355//385
f 387//386 388//386 356//386
f 388//387 389//387 357//387
f 357//388 389//388 390//388
f 390//389 391//389 359//389
f 359//390 391//390 392//390
f 360//391 392//391 393//391
f 361//392 393//392 394//392
f 394//393 395//393 363//393
f 395//394 396//394 364//394
f 396//395 397//395 365//395
f 365//396 397//396 398//396
f 398//397 399//397 367//397
f 367//398 399//398 400//398
f 368//399 400//399 401//399
f 369//400 401//400 402//400
f 402//401 403//401 371//401
f 403//402 404//402 372//402
f 404//403 405//403 373//403
f 373//404 405//404 406//404
f 406//405 407//405 375//405
f 375//406 407//406 408//406
f 376//407 408//407 409//407
f 377//408 409//408 410//408
f 410//409 411//409 379//409
f 411//410 412//410 380//410
f 412//411 413//411 381//411
f 381//412 413//412 414//412
f 414//413 415//413 383//413
f 383//414 415//414 416//414
f 384//415 416//415 417//415
f 385//416 417//416 386//416
f 386//417 418//417 419//417
f 387//418 419//418 420//418
f 388//419 420//419 421//419
f 421//420 422//420 390//420
f 390//421 422//421 423//421
f 423//422 424//422 392//422
f 424//423 425//423 393//423
f 425//424 426//424 394//424
f 394//425 426//425 427//425
f 395//426 427//426 428//426
f 396//427 428//427 429//427
f 429//428 430//428 398//428
f 398//429 430//429 431//429
f 431//430 432//430 400//430
f 432//431 433//431 401//431
f 433//432 434//432 402//432
f 402//433 434//433 435//433
f 403//434 435//434 436//434
f 404//435 436//435 437//435
f 437//436 438//436 406//436
f 406//437 438//437 439//437
f 439//438 440//438 408//438
f 440//439 441//439 409//439
f 441//440 442//440 410//440
f 410//441 442//441 443//441
f 411//442 443//442 444//442
f 412//443 444//443 445//443
f 445//444 446//444 414//444
f 414//445 446//445 447//445
f 447//446 448//446 416//446
f 448//447 449//447 417//447
f 449//448 418//448 386//448
f 450//449 451//449 419//449
f 451//450 452//450 420//450
f 420//451 452//451 453//451
f 453//452 454//452 422//452
f 422//453 454//453 455//453
f 455//454 456//454 424//454
f 424//455 456//455 457//455
f 425//456 457//456 458//456
f 458//457 459//457 427//457
f 459//458 460//458 428//458
f 428//459 460//459 461//459
f 461//460 462//460 430//460
f 430//461 462//461 463//461
f 463//462 464//462 432//462
f 432//463 464//463 465//463
f 433//464 465//464 466//464
f 466//465 467//465 435//465
f 467//466 468//466 436//466
f 436//467 468//467 469//467
f 469//468 470//468 438//468
f 438//469 470//469 471//469
f 471//470 472//470 440//470
f 440//471 472//471 473//471
f 441//472 473//472 474//472
f 474//473 475//473 443//473
f 475//474 476//474 444//474
f 444//475 476//475 477//475
f 477//476 478//476 446//476
f 446//477 478//477 479//477
f 479//478 480//478 448//478
f 448//479 480//479 481//479
f 449//480 481//480 450//480
f 482//481 483//481 451//481
f 451//482 483//482 484//482
f 452//483 484//483 485//483
f 453//484 485//484 486//484
f 486//485 487//485 455//485
f 487//486 488//486 456//486
f 488//487 489//487 457//487
f 457//488 489//488 490//488
f 490//489 491//489 459//489
f 459//490 491//490 492//490
f 460//491 492//491 493//491
f 461//492 493//492 494//492
f 494//493 495//493 463//493
f 495//494 496//494 464//494
f 496//495 497//495 465//495
f 465//496 497//496 498//496
f 498//497 499//497 467//497
f 467//498 499//498 500//498
f 468//499 500//499 501//499
f 469//500 501//500 502//500
f 502//501 503//501 471//501
f 503//502 504//502 472//502
f 504//503 505//503 473//503
f 473//504 505//504 506//504
f 506//505 507//505 475//505
f 475//506 507//506 508//506
f 476//507 508//507 509//507
f 477//508 509//508 510//508
f 510//509 511//509 479//509
f 511//510 512//510 480//510
f 512//511 513//511 481//511
f 481//512 513//512 482//512
f 514//513 515//513 483//513
f 515//1504 516//1504 484//1504
f 516//1505 517//1505 485//1505
f 517//516 518//516 486//516
f 486//517 518//517 519//517
f 487//1506 519//1506 520//1506
f 488//519 520//519 521//519
f 489//520 521//520 522//520
f 522//521 523//521 491//521
f 523//522 524//522 492//522
f 524//1507 525//1507 493//1507
f 525//524 526//524 494//524
f 494//525 526//525 527//525
f 495//1508 527//1508 528//1508
f 496//1509 528//1509 529//1509
f 497//528 529//528 530//528
f 530//529 531//529 499//529
f 531//1510 532//1510 500//1510
f 532//1511 533//1511 501//1511
f 533//532 534//532 502//532
f 502//533 534//533 535//533
f 503//1512 535//1512 536//1512
f 504//535 536//535 537//535
f 505//536 537//536 538//536
f 538//537 539//537 507//537
f 539//538 540//538 508//538
f 540//1513 541//1513 509//1513
f 541//540 542//540 510//540
f 510//541 542//541 543//541
f 511//1514 543//1514 544//1514
f 512//1515 544//1515 545//1515
f 513//544 545//544 514//544
f 514//545 546//545 547//545
f 547//546 548//546 516//546
f 516//547 548//547 549//547
f 517//548 549//548 550//548
f 550//549 551//549 519//549
f 551//550 552//550 520//550
f 520//551 552//551 553//551
f 553//552 554//552 522//552
f 522//553 554//553 555//553
f 555//554 556//554 524//554
f 524//555 556//555 557//555
f 525//556 557//556 558//556
f 558//557 559//557 527//557
f 559//558 560//558 528//558
f 528//559 560//559 561//559
f 561//560 562//560 530//560
f 530//561 562//561 563//561
f 563//562 564//562 532//562
f 532//563 564//563 565//563
f 533//564 565//564 566//564
f 566//565 567//565 535//565
f 567//566 568//566 536//566
f 536//567 568//567 569//567
f 569//568 570//568 538//568
f 538//569 570//569 571//569
f 571//570 572//570 540//570
f 540//571 572//571 573//571
f 541//572 573//572 574//572
f 574//573 575//573 543//573
f 575//574 576//574 544//574
f 544//575 576//575 577//575
f 577//576 546//576 514//576
f 578//1516 579//1516 547//1516
f 547//578 579//578 580//578
f 548//579 580//579 581//579
f 549//580 581//580 582//580
f 582//581 583//581 551//581
f 583//582 584//582 552//582
f 584//583 585//583 553//583
f 553//584 585//584 586//584
f 586//585 587//585 555//585
f 555//586 587//586 588//586
f 556//587 588//587 589//587
f 557//588 589//588 590//588
f 590//589 591//589 559//589
f 591//590 592//590 560//590
f 592//591 593//591 561//591
f 561//1517 593//1517 594//1517
f 594//1518 595//1518 563//1518
f 563//594 595//594 596//594
f 564//595 596//595 597//595
f 565//596 597//596 598//596
f 598//597 599//597 567//597
f 599//598 600//598 568//598
f 600//599 601//599 569//599
f 569//600 601//600 602//600
f 602//601 603//601 571//601
f 571//602 603//602 604//602
f 572//603 604//603 605//603
f 573//604 605//604 606//604
f 606//605 607//605 575//605
f 607//606 608//606 576//606
f 608//607 609//607 577//607
f 577//1519 609//1519 578//1519
f 610//609 611//609 579//609
f 611//610 612//610 580//610
f 612//611 613//611 581//611
f 613//612 614//612 582//612
f 582//613 614//613 615//613
f 583//614 615//614 616//614
f 584//615 616//615 617//615
f 585//616 617//616 618//616
f 618//617 619//617 587//617
f 619//618 620//618 588//618
f 620//619 621//619 589//619
f 621//620 622//620 590//620
f 590//621 622//621 623//621
f 591//622 623//622 624//622
f 592//623 624//623 625//623
f 593//624 625//624 626//624
f 626//625 627//625 595//625
f 627//626 628//626 596//626
f 628//627 629//627 597//627
f 629//628 630//628 598//628
f 598//629 630//629 631//629
f 599//630 631//630 632//630
f 600//631 632//631 633//631
f 601//632 633//632 634//632
f 634//633 635//633 603//633
f 635//634 636//634 604//634
f 636//635 637//635 605//635
f 637//636 638//636 606//636
f 606//637 638//637 639//637
f 607//638 639//638 640//638
f 608//639 640//639 641//639
f 609//640 641//640 610//640
f 610//641 642//641 643//641
f 611//642 643//642 644//642
f 612//643 644//643 645//643
f 613//1520 645//1520 646//1520
f 646//1521 647//1521 615//1521
f 647//646 648//646 616//646
f 648//1522 649//1522 617//1522
f 649//648 650//648 618//648
f 618//649 650//649 651//649
f 619//1523 651//1523 652//1523
f 620//651 652//651 653//651
f 621//1524 653//1524 654//1524
f 654//1525 655//1525 623//1525
f 655//654 656//654 624//654
f 656//1526 657//1526 625//1526
f 657//656 658//656 626//656
f 626//657 658//657 659//657
f 627//658 659//658 660//658
f 628//659 660//659 661//659
f 629//1527 661//1527 662//1527
f 662//1528 663//1528 631//1528
f 663//662 664//662 632//662
f 664//1529 665//1529 633//1529
f 665//664 666//664 634//664
f 634//665 666//665 667//665
f 635//1530 667//1530 668//1530
f 636//667 668//667 669//667
f 637//1531 669//1531 670//1531
f 670//1532 671//1532 639//1532
f 671//670 672//670 640//670
f 672//1533 673//1533 641//1533
f 673//672 642//672 610//672
f 642//673 674//673 675//673
f 643//674 675//674 676//674
f 676//675 677//675 645//675
f 677//676 678//676 646//676
f 646//1534 678//1534 679//1534
f 647//678 679//678 680//678
f 680//679 681//679 649//679
f 681//680 682//680 650//680
f 650//681 682//681 683//681
f 651//682 683//682 684//682
f 684//683 685//683 653//683
f 685//684 686//684 654//684
f 654//1535 686//1535 687//1535
f 655//686 687//686 688//686
f 688//687 689//687 657//687
f 689//688 690//688 658//688
f 658//689 690//689 691//689
f 659//690 691//690 692//690
f 692//691 693//691 661//691
f 693//692 694//692 662//692
f 662//1536 694//1536 695//1536
f 663//694 695//694 696//694
f 696//695 697//695 665//695
f 697//696 698//696 666//696
f 666//697 698//697 699//697
f 667//698 699//698 700//698
f 700//699 701//699 669//699
f 701//700 702//700 670//700
f 670//1537 702//1537 703//1537
f 671//702 703//702 704//702
f 704//703 705//703 673//703
f 705//704 674//704 642//704
f 706//705 707//705 675//705
f 675//706 707//706 708//706
f 676//707 708//707 709//707
f 677//708 709//708 710//708
f 710//709 711//709 679//709
f 711//710 712//710 680//710
f 712//711 713//711 681//711
f 713//712 714//712 682//712
f 714//713 715//713 683//713
f 683//714 715//714 716//714
f 684//715 716//715 717//715
f 685//716 717//716 718//716
f 718//717 719//717 687//717
f 719//718 720//718 688//718
f 720//719 721//719 689//719
f 721//720 722//720 690//720
f 722//721 723//721 691//721
f 691//722 723//722 724//722
f 692//723 724//723 725//723
f 693//724 725//724 726//724
f 726//725 727//725 695//725
f 727//726 728//726 696//726
f 728//727 729//727 697//727
f 729//728 730//728 698//728
f 730//729 731//729 699//729
f 699//730 731//730 732//730
f 700//731 732//731 733//731
f 701//732 733//732 734//732
f 734//733 735//733 703//733
f 735//734 736//734 704//734
f 736//735 737//735 705//735
f 737//736 706//736 674//736
f 706//1538 738//1538 739//1538
f 707//1539 739//1539 740//1539
f 740//739 741//739 709//739
f 741//1540 742//1540 710//1540
f 742//1541 743//1541 711//1541
f 711//742 743//742 744//742
f 744//743 745//743 713//743
f 745//1542 746//1542 714//1542
f 714//1543 746//1543 747//1543
f 715//1544 747//1544 748//1544
f 748//747 749//747 717//747
f 749//1545 750//1545 718//1545
f 750//1546 751//1546 719//1546
f 719//750 751//750 752//750
f 752//1547 753//1547 721//1547
f 753//1548 754//1548 722//1548
f 722//1549 754//1549 755//1549
f 723//1550 755//1550 756//1550
f 756//755 757//755 725//755
f 757//1551 758//1551 726//1551
f 758//1552 759//1552 727//1552
f 727//758 759//758 760//758
f 760//759 761//759 729//759
f 761//1553 762//1553 730//1553
f 730//1554 762//1554 763//1554
f 731//1555 763//1555 764//1555
f 764//763 765//763 733//763
f 765//1556 766//1556 734//1556
f 766//1557 767//1557 735//1557
f 735//766 767//766 768//766
f 768//1558 769//1558 737//1558
f 769//1559 738//1559 706//1559
f 770//769 771//769 739//769
f 771//1560 772//1560 740//1560
f 740//771 772//771 773//771
f 741//1561 773//1561 774//1561
f 774//1562 775//1562 743//1562
f 775//774 776//774 744//774
f 744//1563 776//1563 777//1563
f 745//776 777//776 778//776
f 778//777 779//777 747//777
f 779//1564 780//1564 748//1564
f 748//779 780//779 781//779
f 749//1565 781//1565 782//1565
f 782//1566 783//1566 751//1566
f 783//782 784//782 752//782
f 752//1567 784//1567 785//1567
f 753//784 785//784 786//784
f 786//785 787//785 755//785
f 787//1568 788//1568 756//1568
f 756//787 788//787 789//787
f 757//1569 789//1569 790//1569
f 790//1570 791//1570 759//1570
f 791//790 792//790 760//790
f 760//1571 792//1571 793//1571
f 761//792 793//792 794//792
f 794//793 795//793 763//793
f 795//1572 796//1572 764//1572
f 764//795 796//795 797//795
f 765//1573 797//1573 798//1573
f 798//1574 799//1574 767//1574
f 799//798 800//798 768//798
f 768//1575 800//1575 801//1575
f 769//800 801//800 770//800
f 770//801 802//801 803//801
f 771//802 803//802 804//802
f 804//1576 805//1576 773//1576
f 805//804 806//804 774//804
f 774//805 806//805 807//805
f 775//806 807//806 808//806
f 808//807 809//807 777//807
f 809//808 810//808 778//808
f 778//809 810//809 811//809
f 779//810 811//810 812//810
f 812//811 813//811 781//811
f 813//812 814//812 782//812
f 782//813 814//813 815//813
f 783//1577 815//1577 816//1577
f 816//815 817//815 785//815
f 817//816 818//816 786//816
f 786//817 818//817 819//817
f 787//818 819//818 820//818
f 820//1578 821//1578 789//1578
f 821//820 822//820 790//820
f 790//821 822//821 823//821
f 791//822 823//822 824//822
f 824//823 825//823 793//823
f 825//824 826//824 794//824
f 794//825 826//825 827//825
f 795//826 827//826 828//826
f 828//827 829//827 797//827
f 829//828 830//828 798//828
f 798//829 830//829 831//829
f 799//1579 831//1579 832//1579
f 832//831 833//831 801//831
f 833//832 802//832 770//832
f 802//833 834//833 835//833
f 803//834 835//834 836//834
f 804//835 836//835 837//835
f 837//1580 838//1580 806//1580
f 806//1581 838//1581 839//1581
f 839//838 840//838 808//838
f 840//839 841//839 809//839
f 841//840 842//840 810//840
f 810//841 842//841 843//841
f 811//842 843//842 844//842
f 812//843 844//843 845//843
f 845//1582 846//1582 814//1582
f 814//1583 846//1583 847//1583
f 847//846 848//846 816//846
f 848//847 849//847 817//847
f 849//848 850//848 818//848
f 818//849 850//849 851//849
f 819//850 851//850 852//850
f 820//851 852//851 853//851
f 853//1584 854//1584 822//1584
f 822//1585 854//1585 855//1585
f 855//854 856//854 824//854
f 856//855 857//855 825//855
f 857//856 858//856 826//856
f 826//857 858//857 859//857
f 827//858 859//858 860//858
f 828//859 860//859 861//859
f 861//1586 862//1586 830//1586
f 830//1587 862//1587 863//1587
f 863//862 864//862 832//862
f 864//863 865//863 833//863
f 865//864 834//864 802//864
f 866//865 867//865 835//865
f 867//866 868//866 836//866
f 868//867 869//867 837//867
f 837//868 869//868 870//868
f 870//869 871//869 839//869
f 839//870 871//870 872//870
f 840//871 872//871 873//871
f 841//872 873//872 874//872
f 874//873 875//873 843//873
f 875//874 876//874 844//874
f 876//1588 877//1588 845//1588
f 845//876 877//876 878//876
f 878//877 879//877 847//877
f 847//878 879//878 880//878
f 848//879 880//879 881//879
f 849//880 881//880 882//880
f 882//881 883//881 851//881
f 883//882 884//882 852//882
f 884//883 885//883 853//883
f 853//884 885//884 886//884
f 886//885 887//885 855//885
f 855//886 887//886 888//886
f 856//887 888//887 889//887
f 857//888 889//888 890//888
f 890//889 891//889 859//889
f 891//890 892//890 860//890
f 892//1589 893//1589 861//1589
f 861//892 893//892 894//892
f 894//893 895//893 863//893
f 863//894 895//894 896//894
f 864//895 896//895 897//895
f 865//896 897//896 866//896
f 898//897 899//897 867//897
f 899//898 900//898 868//898
f 900//899 901//899 869//899
f 901//900 902//900 870//900
f 870//901 902//901 903//901
f 903//902 904//902 872//902
f 872//903 904//903 905//903
f 873//904 905//904 906//904
f 906//905 907//905 875//905
f 907//906 908//906 876//906
f 908//907 909//907 877//907
f 909//908 910//908 878//908
f 878//909 910//909 911//909
f 911//910 912//910 880//910
f 880//911 912//911 913//911
f 881//912 913//912 914//912
f 914//913 915//913 883//913
f 915//914 916//914 884//914
f 916//915 917//915 885//915
f 917//916 918//916 886//916
f 886//917 918//917 919//917
f 919//918 920//918 888//918
f 888//919 920//919 921//919
f 889//920 921//920 922//920
f 922//921 923//921 891//921
f 923//922 924//922 892//922
f 924//923 925//923 893//923
f 925//924 926//924 894//924
f 894//925 926//925 927//925
f 927//926 928//926 896//926
f 896//927 928//927 929//927
f 897//928 929//928 898//928
f 898//929 930//929 931//929
f 931//930 932//930 900//930
f 932//931 933//931 901//931
f 901//1590 933//1590 934//1590
f 934//1591 935//1591 903//1591
f 903//934 935//934 936//934
f 904//935 936//935 937//935
f 937//936 938//936 906//936
f 906//937 938//937 939//937
f 939//938 940//938 908//938
f 940//939 941//939 909//939
f 909//1592 941//1592 942//1592
f 942//1593 943//1593 911//1593
f 911//942 943//942 944//942
f 912//943 944//943 945//943
f 945//944 946//944 914//944
f 914//945 946//945 947//945
f 947//946 948//946 916//946
f 948//947 949//947 917//947
f 917//1594 949//1594 950//1594
f 950//1595 951//1595 919//1595
f 919//950 951//950 952//950
f 920//951 952//951 953//951
f 953//952 954//952 922//952
f 922//953 954//953 955//953
f 955//954 956//954 924//954
f 956//955 957//955 925//955
f 925//1596 957//1596 958//1596
f 958//1597 959//1597 927//1597
f 927//958 959//958 960//958
f 928//959 960//959 961//959
f 961//960 930//960 898//960
f 962//961 963//961 931//961
f 931//962 963//962 964//962
f 932//963 964//963 965//963
f 933//1598 965//1598 966//1598
f 966//1599 967//1599 935//1599
f 967//966 968//966 936//966
f 968//967 969//967 937//967
f 937//968 969//968 970//968
f 970//969 971//969 939//969
f 939//970 971//970 972//970
f 940//971 972//971 973//971
f 941//1600 973//1600 974//1600
f 974//1601 975//1601 943//1601
f 975//974 976//974 944//974
f 976//975 977//975 945//975
f 945//976 977//976 978//976
f 978//977 979//977 947//977
f 947//978 979//978 980//978
f 948//979 980//979 981//979
f 949//1602 981//1602 982//1602
f 982//1603 983//1603 951//1603
f 983//982 984//982 952//982
f 984//983 985//983 953//983
f 953//984 985//984 986//984
f 986//985 987//985 955//985
f 955//986 987//986 988//986
f 956//987 988//987 989//987
f 957//1604 989//1604 990//1604
f 990//1605 991//1605 959//1605
f 991//990 992//990 960//990
f 992//991 993//991 961//991
f 961//992 993//992 962//992
f 962//993 994//993 995//993
f 995//994 996//994 964//994
f 996//1606 997//1606 965//1606
f 965//1607 997//1607 998//1607
f 998//1608 999//1608 967//1608
f 967//998 999//998 1000//998
f 968//999 1000//999 1001//999
f 1001//1000 1002//1000 970//1000
f 970//1001 1002//1001 1003//1001
f 1003//1002 1004//1002 972//1002
f 1004//1003 1005//1003 973//1003
f 973//1609 1005//1609 1006//1609
f 1006//1610 1007//1610 975//1610
f 975//1611 1007//1611 1008//1611
f 976//1007 1008//1007 1009//1007
f 1009//1008 1010//1008 978//1008
f 978//1009 1010//1009 1011//1009
f 1011//1010 1012//1010 980//1010
f 1012//1612 1013//1612 981//1612
f 981//1613 1013//1613 1014//1613
f 1014//1614 1015//1614 983//1614
f 983//1014 1015//1014 1016//1014
f 984//1015 1016//1015 1017//1015
f 1017//1016 1018//1016 986//1016
f 986//1017 1018//1017 1019//1017
f 1019//1018 1020//1018 988//1018
f 1020//1019 1021//1019 989//1019
f 989//1615 1021//1615 1022//1615
f 1022//1616 1023//1616 991//1616
f 991//1617 1023//1617 1024//1617
f 992//1023 1024//1023 1025//1023
f 1025//1024 994//1024 962//1024
f 1026//1618 1027//1618 995//1618
f 995//1619 1027//1619 1028//1619
f 1028//1620 1029//1620 997//1620
f 1029//1028 1030//1028 998//1028
f 998//1621 1030//1621 1031//1621
f 999//1622 1031//1622 1032//1622
f 1032//1031 1033//1031 1001//1031
f 1001//1032 1033//1032 1034//1032
f 1034//1033 1035//1033 1003//1033
f 1003//1034 1035//1034 1036//1034
f 1036//1623 1037//1623 1005//1623
f 1037//1036 1038//1036 1006//1036
f 1006//1624 1038//1624 1039//1624
f 1007//1625 1039//1625 1040//1625
f 1040//1626 1041//1626 1009//1626
f 1009//1627 1041//1627 1042//1627
f 1042//1628 1043//1628 1011//1628
f 1011//1629 1043//1629 1044//1629
f 1044//1630 1045//1630 1013//1630
f 1045//1044 1046//1044 1014//1044
f 1014//1631 1046//1631 1047//1631
f 1015//1632 1047//1632 1048//1632
f 1048//1047 1049//1047 1017//1047
f 1017//1048 1049//1048 1050//1048
f 1050//1049 1051//1049 1019//1049
f 1019//1050 1051//1050 1052//1050
f 1052//1633 1053//1633 1021//1633
f 1053//1052 1054//1052 1022//1052
f 1022//1634 1054//1634 1055//1634
f 1023//1635 1055//1635 1056//1635
f 1056//1636 1057//1636 1025//1636
f 1025//1637 1057//1637 1026//1637
f 1058//1057 1059//1057 1027//1057
f 1059//1058 1060//1058 1028//1058
f 1028//1059 1060//1059 1061//1059
f 1029//1060 1061//1060 1062//1060
f 1062//1061 1063//1061 1031//1061
f 1063//1062 1064//1062 1032//1062
f 1032//1063 1064//1063 1065//1063
f 1033//1638 1065//1638 1066//1638
f 1066//1639 1067//1639 1035//1639
f 1067//1066 1068//1066 1036//1066
f 1036//1067 1068//1067 1069//1067
f 1037//1068 1069//1068 1070//1068
f 1070//1069 1071//1069 1039//1069
f 1071//1070 1072//1070 1040//1070
f 1040//1071 1072//1071 1073//1071
f 1041//1072 1073//1072 1074//1072
f 1074//1073 1075//1073 1043//1073
f 1075//1074 1076//1074 1044//1074
f 1044//1075 1076//1075 1077//1075
f 1045//1076 1077//1076 1078//1076
f 1078//1077 1079//1077 1047//1077
f 1079//1078 1080//1078 1048//1078
f 1048//1079 1080//1079 1081//1079
f 1049//1640 1081//1640 1082//1640
f 1082//1641 1083//1641 1051//1641
f 1083//1082 1084//1082 1052//1082
f 1052//1083 1084//1083 1085//1083
f 1053//1084 1085//1084 1086//1084
f 1086//1085 1087//1085 1055//1085
f 1087//1086 1088//1086 1056//1086
f 1056//1087 1088//1087 1089//1087
f 1057//1088 1089//1088 1058//1088
f 1058//1089 1090//1089 1091//1089
f 1059//1090 1091//1090 1092//1090
f 1060//1091 1092//1091 1093//1091
f 1061//1092 1093//1092 1094//1092
f 1094//1093 1095//1093 1063//1093
f 1095//1094 1096//1094 1064//1094
f 1096//1095 1097//1095 1065//1095
f 1097//1096 1098//1096 1066//1096
f 1066//1097 1098//1097 1099//1097
f 1067//1098 1099//1098 1100//1098
f 1068//1099 1100//1099 1101//1099
f 1069//1100 1101//1100 1102//1100
f 1102//1101 1103//1101 1071//1101
f 1103//1102 1104//1102 1072//1102
f 1104//1103 1105//1103 1073//1103
f 1105//1104 1106//1104 1074//1104
f 1074//1105 1106//1105 1107//1105
f 1075//1106 1107//1106 1108//1106
f 1076//1107 1108//1107 1109//1107
f 1077//1108 1109//1108 1110//1108
f 1110//1109 1111//1109 1079//1109
f 1111//1110 1112//1110 1080//1110
f 1112//1111 1113//1111 1081//1111
f 1113//1112 1114//1112 1082//1112
f 1082//1113 1114//1113 1115//1113
f 1083//1114 1115//1114 1116//1114
f 1084//1115 1116//1115 1117//1115
f 1085//1116 1117//1116 1118//1116
f 1118//1117 1119//1117 1087//1117
f 1119//1118 1120//1118 1088//1118
f 1120//1119 1121//1119 1089//1119
f 1121//1120 1090//1120 1058//1120
f 1122//1121 1123//1121 1091//1121
f 1123//1122 1124//1122 1092//1122
f 1124//1123 1125//1123 1093//1123
f 1125//1124 1126//1124 1094//1124
f 1094//1125 1126//1125 1127//1125
f 1095//1126 1127//1126 1128//1126
f 1096//1127 1128//1127 1129//1127
f 1129//1128 1130//1128 1098//1128
f 1130//1129 1131//1129 1099//1129
f 1131//1130 1132//1130 1100//1130
f 1132//1131 1133//1131 1101//1131
f 1133//1132 1134//1132 1102//1132
f 1102//1133 1134//1133 1135//1133
f 1103//1134 1135//1134 1136//1134
f 1104//1135 1136//1135 1137//1135
f 1137//1136 1138//1136 1106//1136
f 1138//1137 1139//1137 1107//1137
f 1139//1138 1140//1138 1108//1138
f 1140//1139 1141//1139 1109//1139
f 1141//1140 1142//1140 1110//1140
f 1110//1141 1142//1141 1143//1141
f 1111//1142 1143//1142 1144//1142
f 1112//1143 1144//1143 1145//1143
f 1145//1144 1146//1144 1114//1144
f 1146//1145 1147//1145 1115//1145
f 1147//1146 1148//1146 1116//1146
f 1148//1147 1149//1147 1117//1147
f 1149//1148 1150//1148 1118//1148
f 1118//1149 1150//1149 1151//1149
f 1119//1150 1151//1150 1152//1150
f 1120//1151 1152//1151 1153//1151
f 1153//1152 1122//1152 1090//1152
f 1154//1153 1155//1153 1123//1153
f 1123//1154 1155//1154 1156//1154
f 1124//1155 1156//1155 1157//1155
f 1125//1156 1157//1156 1158//1156
f 1158//1157 1159//1157 1127//1157
f 1159//1158 1160//1158 1128//1158
f 1160//1159 1161//1159 1129//1159
f 1129//1160 1161//1160 1162//1160
f 1162//1161 1163//1161 1131//1161
f 1131//1162 1163//1162 1164//1162
f 1132//1163 1164//1163 1165//1163
f 1133//1164 1165//1164 1166//1164
f 1166//1165 1167//1165 1135//1165
f 1167//1166 1168//1166 1136//1166
f 1168//1167 1169//1167 1137//1167
f 1137//1168 1169//1168 1170//1168
f 1170//1169 1171//1169 1139//1169
f 1139//1170 1171//1170 1172//1170
f 1140//1171 1172//1171 1173//1171
f 1141//1172 1173//1172 1174//1172
f 1174//1173 1175//1173 1143//1173
f 1175//1174 1176//1174 1144//1174
f 1176//1175 1177//1175 1145//1175
f 1145//1176 1177//1176 1178//1176
f 1178//1177 1179//1177 1147//1177
f 1147//1178 1179//1178 1180//1178
f 1148//1179 1180//1179 1181//1179
f 1149//1180 1181//1180 1182//1180
f 1182//1181 1183//1181 1151//1181
f 1183//1182 1184//1182 1152//1182
f 1184//1183 1185//1183 1153//1183
f 1153//1184 1185//1184 1154//1184
f 1154//1185 1186//1185 1187//1185
f 1155//1642 1187//1642 1188//1642
f 1188//1187 1189//1187 1157//1187
f 1189//1643 1190//1643 1158//1643
f 1158//1644 1190//1644 1191//1644
f 1159//1190 1191//1190 1192//1190
f 1192//1191 1193//1191 1161//1191
f 1193//1192 1194//1192 1162//1192
f 1162//1193 1194//1193 1195//1193
f 1163//1194 1195//1194 1196//1194
f 1196//1195 1197//1195 1165//1195
f 1197//1645 1198//1645 1166//1645
f 1166//1646 1198//1646 1199//1646
f 1167//1198 1199//1198 1200//1198
f 1200//1647 1201//1647 1169//1647
f 1201//1200 1202//1200 1170//1200
f 1170//1201 1202//1201 1203//1201
f 1171//1648 1203//1648 1204//1648
f 1204//1203 1205//1203 1173//1203
f 1205//1649 1206//1649 1174//1649
f 1174//1650 1206//1650 1207//1650
f 1175//1206 1207//1206 1208//1206
f 1208//1207 1209//1207 1177//1207
f 1209//1208 1210//1208 1178//1208
f 1178//1209 1210//1209 1211//1209
f 1179//1210 1211//1210 1212//1210
f 1212//1211 1213//1211 1181//1211
f 1213//1651 1214//1651 1182//1651
f 1182//1652 1214//1652 1215//1652
f 1183//1214 1215//1214 1216//1214
f 1216//1653 1217//1653 1185//1653
f 1217//1216 1186//1216 1154//1216
f 1218//1217 1219//1217 1187//1217
f 1219//1218 1220//1218 1188//1218
f 1220//1219 1221//1219 1189//1219
f 1221//1220 1222//1220 1190//1220
f 1190//1221 1222//1221 1223//1221
f 1191//1222 1223//1222 1224//1222
f 1192//1654 1224//1654 1225//1654
f 1193//1224 1225//1224 1226//1224
f 1226//1225 1227//1225 1195//1225
f 1227//1226 1228//1226 1196//1226
f 1228//1227 1229//1227 1197//1227
f 1229//1228 1230//1228 1198//1228
f 1198//1229 1230//1229 1231//1229
f 1199//1230 1231//1230 1232//1230
f 1200//1231 1232//1231 1233//1231
f 1201//1232 1233//1232 1234//1232
f 1234//1233 1235//1233 1203//1233
f 1235//1234 1236//1234 1204//1234
f 1236//1235 1237//1235 1205//1235
f 1237//1236 1238//1236 1206//1236
f 1206//1237 1238//1237 1239//1237
f 1207//1238 1239//1238 1240//1238
f 1208//1655 1240//1655 1241//1655
f 1209//1240 1241//1240 1242//1240
f 1242//1241 1243//1241 1211//1241
f 1243//1242 1244//1242 1212//1242
f 1244//1243 1245//1243 1213//1243
f 1245//1244 1246//1244 1214//1244
f 1214//1245 1246//1245 1247//1245
f 1215//1246 1247//1246 1248//1246
f 1216//1247 1248//1247 1249//1247
f 1217//1248 1249//1248 1218//1248
f 1218//1249 1250//1249 1251//1249
f 1251//1250 1252//1250 1220//1250
f 1252//1251 1253//1251 1221//1251
f 1221//1252 1253//1252 1254//1252
f 1254//1253 1255//1253 1223//1253
f 1255//1254 1256//1254 1224//1254
f 1224//1255 1256//1255 1257//1255
f 1257//1256 1258//1256 1226//1256
f 1226//1257 1258//1257 1259//1257
f 1259//1258 1260//1258 1228//1258
f 1260//1259 1261//1259 1229//1259
f 1229//1260 1261//1260 1262//1260
f 1262//1261 1263//1261 1231//1261
f 1263//1262 1264//1262 1232//1262
f 1232//1263 1264//1263 1265//1263
f 1265//1264 1266//1264 1234//1264
f 1234//1265 1266//1265 1267//1265
f 1267//1266 1268//1266 1236//1266
f 1268//1267 1269//1267 1237//1267
f 1237//1268 1269//1268 1270//1268
f 1270//1269 1271//1269 1239//1269
f 1271//1270 1272//1270 1240//1270
f 1240//1271 1272//1271 1273//1271
f 1273//1272 1274//1272 1242//1272
f 1242//1273 1274//1273 1275//1273
f 1275//1274 1276//1274 1244//1274
f 1276//1275 1277//1275 1245//1275
f 1245//1276 1277//1276 1278//1276
f 1278//1277 1279//1277 1247//1277
f 1279//1278 1280//1278 1248//1278
f 1248//1279 1280//1279 1281//1279
f 1281//1280 1250//1280 1218//1280
f 1282//1281 1283//1281 1251//1281
f 1283//1282 1284//1282 1252//1282
f 1252//1283 1284//1283 1285//1283
f 1253//1284 1285//1284 1286//1284
f 1286//1285 1287//1285 1255//1285
f 1287//1286 1288//1286 1256//1286
f 1256//1287 1288//1287 1289//1287
f 1257//1288 1289//1288 1290//1288
f 1290//1289 1291//1289 1259//1289
f 1291//1290 1292//1290 1260//1290
f 1260//1291 1292//1291 1293//1291
f 1261//1292 1293//1292 1294//1292
f 1294//1293 1295//1293 1263//1293
f 1295//1294 1296//1294 1264//1294
f 1264//1295 1296//1295 1297//1295
f 1265//1296 1297//1296 1298//1296
f 1298//1297 1299//1297 1267//1297
f 1299//1298 1300//1298 1268//1298
f 1268//1299 1300//1299 1301//1299
f 1269//1300 1301//1300 1302//1300
f 1302//1301 1303//1301 1271//1301
f 1303//1302 1304//1302 1272//1302
f 1272//1303 1304//1303 1305//1303
f 1273//1304 1305//1304 1306//1304
f 1306//1305 1307//1305 1275//1305
f 1307//1306 1308//1306 1276//1306
f 1276//1307 1308//1307 1309//1307
f 1277//1308 1309//1308 1310//1308
f 1310//1309 1311//1309 1279//1309
f 1311//1310 1312//1310 1280//1310
f 1280//1311 1312//1311 1313//1311
f 1281//1312 1313//1312 1282//1312
f 1314//1313 1315//1313 1283//1313
f 1315//1314 1316//1314 1284//1314
f 1316//1315 1317//1315 1285//1315
f 1317//1316 1318//1316 1286//1316
f 1286//1317 1318//1317 1319//1317
f 1287//1318 1319//1318 1320//1318
f 1288//1319 1320//1319 1321//1319
f 1289//1320 1321//1320 1322//1320
f 1322//1321 1323//1321 1291//1321
f 1323//1322 1324//1322 1292//1322
f 1324//1323 1325//1323 1293//1323
f 1325//1324 1326//1324 1294//1324
f 1294//1325 1326//1325 1327//1325
f 1295//1326 1327//1326 1328//1326
f 1296//1327 1328//1327 1329//1327
f 1297//1328 1329//1328 1330//1328
f 1330//1329 1331//1329 1299//1329
f 1331//1330 1332//1330 1300//1330
f 1332//1331 1333//1331 1301//1331
f 1333//1332 1334//1332 1302//1332
f 1302//1333 1334//1333 1335//1333
f 1303//1334 1335//1334 1336//1334
f 1304//1335 1336//1335 1337//1335
f 1305//1336 1337//1336 1338//1336
f 1338//1337 1339//1337 1307//1337
f 1339//1338 1340//1338 1308//1338
f 1340//1339 1341//1339 1309//1339
f 1341//1340 1342//1340 1310//1340
f 1310//1341 1342//1341 1343//1341
f 1311//1342 1343//1342 1344//1342
f 1312//1343 1344//1343 1345//1343
f 1313//1344 1345//1344 1314//1344
f 1314//1656 1346//1656 1347//1656
f 1315//1346 1347//1346 1348//1346
f 1316//1347 1348//1347 1349//1347
f 1349//1348 1350//1348 1318//1348
f 1318//1349 1350//1349 1351//1349
f 1351//1350 1352//1350 1320//1350
f 1352//1657 1353//1657 1321//1657
f 1353//1658 1354//1658 1322//1658
f 1322//1659 1354//1659 1355//1659
f 1323//1354 1355//1354 1356//1354
f 1324//1355 1356//1355 1357//1355
f 1357//1356 1358//1356 1326//1356
f 1326//1357 1358//1357 1359//1357
f 1359//1358 1360//1358 1328//1358
f 1360//1359 1361//1359 1329//1359
f 1361//1660 1362//1660 1330//1660
f 1330//1661 1362//1661 1363//1661
f 1331//1362 1363//1362 1364//1362
f 1332//1363 1364//1363 1365//1363
f 1365//1364 1366//1364 1334//1364
f 1334//1365 1366//1365 1367//1365
f 1367//1366 1368//1366 1336//1366
f 1368//1662 1369//1662 1337//1662
f 1369//1663 1370//1663 1338//1663
f 1338//1664 1370//1664 1371//1664
f 1339//1370 1371//1370 1372//1370
f 1340//1371 1372//1371 1373//1371
f 1373//1372 1374//1372 1342//1372
f 1342//1373 1374//1373 1375//1373
f 1375//1374 1376//1374 1344//1374
f 1376//1375 1377//1375 1345//1375
f 1377//1665 1346//1665 1314//1665
f 1346//1377 1378//1377 1379//1377
f 1347//1378 1379//1378 1380//1378
f 1348//1379 1380//1379 1381//1379
f 1381//1380 1382//1380 1350//1380
f 1382//1381 1383//1381 1351//1381
f 1383//1382 1384//1382 1352//1382
f 1384//1383 1385//1383 1353//1383
f 1385//1384 1386//1384 1354//1384
f 1354//1385 1386//1385 1387//1385
f 1355//1386 1387//1386 1388//1386
f 1356//1387 1388//1387 1389//1387
f 1389//1388 1390//1388 1358//1388
f 1390//1389 1391//1389 1359//1389
f 1391//1390 1392//1390 1360//1390
f 1392//1391 1393//1391 1361//1391
f 1393//1392 1394//1392 1362//1392
f 1362//1393 1394//1393 1395//1393
f 1363//1394 1395//1394 1396//1394
f 1364//1395 1396//1395 1397//1395
f 1397//1396 1398//1396 1366//1396
f 1398//1397 1399//1397 1367//1397
f 1399//1398 1400//1398 1368//1398
f 1400//1399 1401//1399 1369//1399
f 1401//1400 1402//1400 1370//1400
f 1370//1401 1402//1401 1403//1401
f 1371//1402 1403//1402 1404//1402
f 1372//1403 1404//1403 1405//1403
f 1405//1404 1406//1404 1374//1404
f 1406//1405 1407//1405 1375//1405
f 1407//1406 1408//1406 1376//1406
f 1408//1407 1409//1407 1377//1407
f 1409//1408 1378//1408 1346//1408
f 1410//1409 1411//1409 1379//1409
f 1411//1410 1412//1410 1380//1410
f 1380//1411 1412//1411 1413//1411
f 1381//1412 1413//1412 1414//1412
f 1414//1413 1415//1413 1383//1413
f 1415//1414 1416//1414 1384//1414
f 1384//1415 1416//1415 1417//1415
f 1385//1416 1417//1416 1418//1416
f 1418//1417 1419//1417 1387//1417
f 1419//1418 1420//1418 1388//1418
f 1388//1419 1420//1419 1421//1419
f 1389//1420 1421//1420 1422//1420
f 1422//1421 1423//1421 1391//1421
f 1423//1422 1424//1422 1392//1422
f 1392//1423 1424//1423 1425//1423
f 1393//1424 1425//1424 1426//1424
f 1426//1425 1427//1425 1395//1425
f 1427//1426 1428//1426 1396//1426
f 1396//1427 1428//1427 1429//1427
f 1397//1428 1429//1428 1430//1428
f 1430//1429 1431//1429 1399//1429
f 1431//1430 1432//1430 1400//1430
f 1400//1431 1432//1431 1433//1431
f 1401//1432 1433//1432 1434//1432
f 1434//1433 1435//1433 1403//1433
f 1435//1434 1436//1434 1404//1434
f 1404//1435 1436//1435 1437//1435
f 1405//1436 1437//1436 1438//1436
f 1438//1437 1439//1437 1407//1437
f 1439//1438 1440//1438 1408//1438
f 1408//1439 1440//1439 1441//1439
f 1409//1440 1441//1440 1410//1440
f 1442//705 1443//705 1411//705
f 1443//706 1444//706 1412//706
f 1444//707 1445//707 1413//707
f 1445//708 1446//708 1414//708
f 1414//709 1446//709 1447//709
f 1415//710 1447//710 1448//710
f 1416//711 1448//711 1449//711
f 1417//712 1449//712 1450//712
f 1450//713 1451//713 1419//713
f 1451//714 1452//714 1420//714
f 1452//715 1453//715 1421//715
f 1453//716 1454//716 1422//716
f 1422//717 1454//717 1455//717
f 1423//718 1455//718 1456//718
f 1424//719 1456//719 1457//719
f 1425//720 1457//720 1458//720
f 1458//721 1459//721 1427//721
f 1459//722 1460//722 1428//722
f 1460//723 1461//723 1429//723
f 1461//724 1462//724 1430//724
f 1430//725 1462//725 1463//725
f 1431//726 1463//726 1464//726
f 1432//727 1464//727 1465//727
f 1433//728 1465//728 1466//728
f 1466//729 1467//729 1435//729
f 1467//730 1468//730 1436//730
f 1468//731 1469//731 1437//731
f 1469//732 1470//732 1438//732
f 1438//733 1470//733 1471//733
f 1439//734 1471//734 1472//734
f 1440//735 1472//735 1473//735
f 1441//736 1473//736 1442//736
f 1442//705 1474//705 1475//705
f 1443//706 1475//706 1476//706
f 1444//707 1476//707 1477//707
f 1477//708 1478//708 1446//708
f 1478//709 1479//709 1447//709
f 1479//710 1480//710 1448//710
f 1480//711 1481//711 1449//711
f 1481//712 1482//712 1450//712
f 1450//713 1482//713 1483//713
f 1451//714 1483//714 1484//714
f 1452//715 1484//715 1485//715
f 1485//716 1486//716 1454//716
f 1486//717 1487//717 1455//717
f 1487//718 1488//718 1456//718
f 1488//719 1489//719 1457//719
f 1489//720 1490//720 1458//720
f 1458//721 1490//721 1491//721
f 1459//722 1491//722 1492//722
f 1460//723 1492//723 1493//723
f 1493//724 1494//724 1462//724
f 1494//725 1495//725 1463//725
f 1495//726 1496//726 1464//726
f 1496//727 1497//727 1465//727
f 1497//728 1498//728 1466//728
f 1466//729 1498//729 1499//729
f 1467//730 1499//730 1500//730
f 1468//731 1500//731 1501//731
f 1501//732 1502//732 1470//732
f 1502//733 1503//733 1471//733
f 1503//734 1504//734 1472//734
f 1504//735 1505//735 1473//735
f 1505//736 1474//736 1442//736
f 1506//1441 1507//1441 1475//1441
f 1507//1442 1508//1442 1476//1442
f 1508//1443 1509//1443 1477//1443
f 1509//1444 1510//1444 1478//1444
f 1478//1445 1510//1445 1511//1445
f 1479//1446 1511//1446 1512//1446
f 1480//1447 1512//1447 1513//1447
f 1481//1448 1513//1448 1514//1448
f 1514//1449 1515//1449 1483//1449
f 1515//1450 1516//1450 1484//1450
f 1516//1451 1517//1451 1485//1451
f 1517//1452 1518//1452 1486//1452
f 1486//1453 1518//1453 1519//1453
f 1487//1454 1519//1454 1520//1454
f 1488//1455 1520//1455 1521//1455
f 1489//1456 1521//1456 1522//1456
f 1522//1457 1523//1457 1491//1457
f 1523//1458 1524//1458 1492//1458
f 1524//1459 1525//1459 1493//1459
f 1525//1460 1526//1460 1494//1460
f 1494//1461 1526//1461 1527//1461
f 1495//1462 1527//1462 1528//1462
f 1496//1463 1528//1463 1529//1463
f 1497//1464 1529//1464 1530//1464
f 1530//1465 1531//1465 1499//1465
f 1531//1466 1532//1466 1500//1466
f 1532//1467 1533//1467 1501//1467
f 1533//1468 1534//1468 1502//1468
f 1502//1469 1534//1469 1535//1469
f 1503//1470 1535//1470 1536//1470
f 1504//1471 1536//1471 1537//1471
f 1505//1472 1537//1472 1506//1472
f 1536//1473 1537//1473 1506//1473
f 1506//1473 1507//1473 1508//1473
f 1508//1473 1509//1473 1510//1473
f 1510//1473 1511//1473 1512//1473
f 1512//1473 1513//1473 1514//1473
f 1514//1473 1515//1473 1516//1473
f 1516//1473 1517//1473 1518//1473
f 1518//1473 1519//1473 1520//1473
f 1520//1473 1521//1473 1522//1473
f 1522//1473 1523//1473 1524//1473
f 1524//1473 1525//1473 1526//1473
f 1526//1473 1527//1473 1528//1473
f 1528//1473 1529//1473 1530//1473
f 1530//1473 1531//1473 1532//1473
f 1532//1473 1533//1473 1534//1473
f 1534//1473 1535//1473 1536//1473
f 1536//1473 1506//1473 1508//1473
f 1508//1473 1510//1473 1512//1473
f 1512//1473 1514//1473 1516//1473
f 1516//1473 1518//1473 1520//1473
f 1520//1473 1522//1473 1524//1473
f 1524//1473 1526//1473 1528//1473
f 1528//1473 1530//1473 1532//1473
f 1532//1473 1534//1473 1536//1473
f 1536//1473 1508//1473 1512//1473
f 1512//1473 1516//1473 1520//1473
f 1520//1473 1524//1473 1528//1473
f 1528//1473 1532//1473 1536//1473
f 1536//1473 1512//1473 1520//1473
